ISO-10303-21;
HEADER;
/* Generated by software containing ST-Developer
 * from STEP Tools, Inc. (www.steptools.com) 
 */

FILE_DESCRIPTION(
/* description */ ('Generic Part'),
/* implementation_level */ '2;1');

FILE_NAME(
/* name */ 'RealSense_D405.stp',
/* time_stamp */ '2025-01-27T20:14:27+03:00',
/* author */ ('alexk'),
/* organization */ (''),
/* preprocessor_version */ 'ST-DEVELOPER v20',
/* originating_system */ 'Autodesk Inventor 2025',
/* authorisation */ '');

FILE_SCHEMA (('AUTOMOTIVE_DESIGN { 1 0 10303 214 3 1 1 }'));
ENDSEC;

DATA;
#10=MECHANICAL_DESIGN_GEOMETRIC_PRESENTATION_REPRESENTATION('',(#34,#35,
#36,#37,#38,#39,#40,#41,#42,#43,#44,#45,#46,#47,#48,#49,#50,#51,#52,#53,
#54,#55,#56,#57,#58,#59,#60,#61,#62),#8940);
#11=SHAPE_REPRESENTATION_RELATIONSHIP('SRR','None',#8947,#12);
#12=ADVANCED_BREP_SHAPE_REPRESENTATION('',(#13),#8939);
#13=MANIFOLD_SOLID_BREP('\X2\04220432043504400434043E0435\X0\ \X2\04420435043B043E\X0\1',
#2390);
#14=CONICAL_SURFACE('',#2506,3.67500000000437,0.785398163397448);
#15=CONICAL_SURFACE('',#2508,1.59999999991439,0.785398163397448);
#16=CONICAL_SURFACE('',#2511,1.59999999986521,0.785398163397448);
#17=CONICAL_SURFACE('',#2514,1.59999999992206,0.785398163397448);
#18=CONICAL_SURFACE('',#2517,1.09999999990784,0.785398163539556);
#19=CONICAL_SURFACE('',#2520,1.09999999993797,0.785398163397448);
#20=CONICAL_SURFACE('',#2523,1.01999999998992,0.785398163397448);
#21=CONICAL_SURFACE('',#2525,1.01999999998992,0.785398163397448);
#22=(
BOUNDED_SURFACE()
B_SPLINE_SURFACE(3,2,((#4013,#4014,#4015),(#4016,#4017,#4018),(#4019,#4020,
#4021),(#4022,#4023,#4024),(#4025,#4026,#4027),(#4028,#4029,#4030),(#4031,
#4032,#4033),(#4034,#4035,#4036),(#4037,#4038,#4039),(#4040,#4041,#4042),
(#4043,#4044,#4045),(#4046,#4047,#4048),(#4049,#4050,#4051),(#4052,#4053,
#4054),(#4055,#4056,#4057),(#4058,#4059,#4060),(#4061,#4062,#4063),(#4064,
#4065,#4066),(#4067,#4068,#4069),(#4070,#4071,#4072),(#4073,#4074,#4075),
(#4076,#4077,#4078),(#4079,#4080,#4081),(#4082,#4083,#4084)),
 .UNSPECIFIED.,.F.,.F.,.F.)
B_SPLINE_SURFACE_WITH_KNOTS((4,2,2,2,2,2,2,2,2,2,2,4),(3,3),(0.,0.00158300350425179,
0.00316600700850359,0.00395750876062948,0.00474901051275537,0.00554051226488127,
0.00633201401700717,0.00791501752125896,0.00949802102551075,0.0102895227776366,
0.0110810245297625,0.0126640280340143),(0.,1.),.UNSPECIFIED.)
GEOMETRIC_REPRESENTATION_ITEM()
RATIONAL_B_SPLINE_SURFACE(((1.,0.707106781186553,1.),(1.,0.707106781186553,
1.),(1.,0.707106781186553,1.),(1.,0.707106781186553,1.),(1.,0.707106781186553,
1.),(1.,0.707106781186553,1.),(1.,0.707106781186553,1.),(1.,0.707106781186553,
1.),(1.,0.707106781186553,1.),(1.,0.707106781186553,1.),(1.,0.707106781186553,
1.),(1.,0.707106781186553,1.),(1.,0.707106781186553,1.),(1.,0.707106781186553,
1.),(1.,0.707106781186553,1.),(1.,0.707106781186553,1.),(1.,0.707106781186553,
1.),(1.,0.707106781186553,1.),(1.,0.707106781186553,1.),(1.,0.707106781186553,
1.),(1.,0.707106781186552,1.),(1.,0.707106781186552,1.),(1.,0.707106781186546,
1.),(1.,0.707106781186546,1.)))
REPRESENTATION_ITEM('')
SURFACE()
);
#23=(
BOUNDED_SURFACE()
B_SPLINE_SURFACE(3,2,((#4137,#4138,#4139),(#4140,#4141,#4142),(#4143,#4144,
#4145),(#4146,#4147,#4148),(#4149,#4150,#4151),(#4152,#4153,#4154),(#4155,
#4156,#4157),(#4158,#4159,#4160),(#4161,#4162,#4163),(#4164,#4165,#4166),
(#4167,#4168,#4169),(#4170,#4171,#4172),(#4173,#4174,#4175),(#4176,#4177,
#4178),(#4179,#4180,#4181),(#4182,#4183,#4184),(#4185,#4186,#4187),(#4188,
#4189,#4190),(#4191,#4192,#4193),(#4194,#4195,#4196),(#4197,#4198,#4199),
(#4200,#4201,#4202),(#4203,#4204,#4205),(#4206,#4207,#4208)),
 .UNSPECIFIED.,.F.,.F.,.F.)
B_SPLINE_SURFACE_WITH_KNOTS((4,2,2,2,2,2,2,2,2,2,2,4),(3,3),(0.,0.00158300350425179,
0.00316600700850359,0.00395750876062948,0.00474901051275537,0.00554051226488127,
0.00633201401700717,0.00791501752125896,0.00949802102551075,0.0102895227776366,
0.0110810245297625,0.0126640280340143),(0.,1.),.UNSPECIFIED.)
GEOMETRIC_REPRESENTATION_ITEM()
RATIONAL_B_SPLINE_SURFACE(((1.,0.70710678118654,1.),(1.,0.70710678118654,
1.),(1.,0.707106781186553,1.),(1.,0.707106781186553,1.),(1.,0.707106781186553,
1.),(1.,0.707106781186553,1.),(1.,0.707106781186553,1.),(1.,0.707106781186553,
1.),(1.,0.707106781186553,1.),(1.,0.707106781186553,1.),(1.,0.707106781186553,
1.),(1.,0.707106781186553,1.),(1.,0.707106781186553,1.),(1.,0.707106781186553,
1.),(1.,0.707106781186553,1.),(1.,0.707106781186553,1.),(1.,0.707106781186553,
1.),(1.,0.707106781186553,1.),(1.,0.707106781186553,1.),(1.,0.707106781186553,
1.),(1.,0.707106781186552,1.),(1.,0.707106781186552,1.),(1.,0.707106781186558,
1.),(1.,0.707106781186558,1.)))
REPRESENTATION_ITEM('')
SURFACE()
);
#24=(
BOUNDED_SURFACE()
B_SPLINE_SURFACE(3,2,((#4258,#4259,#4260),(#4261,#4262,#4263),(#4264,#4265,
#4266),(#4267,#4268,#4269),(#4270,#4271,#4272),(#4273,#4274,#4275),(#4276,
#4277,#4278),(#4279,#4280,#4281),(#4282,#4283,#4284),(#4285,#4286,#4287),
(#4288,#4289,#4290),(#4291,#4292,#4293),(#4294,#4295,#4296),(#4297,#4298,
#4299),(#4300,#4301,#4302),(#4303,#4304,#4305),(#4306,#4307,#4308),(#4309,
#4310,#4311),(#4312,#4313,#4314),(#4315,#4316,#4317),(#4318,#4319,#4320),
(#4321,#4322,#4323),(#4324,#4325,#4326),(#4327,#4328,#4329)),
 .UNSPECIFIED.,.F.,.F.,.F.)
B_SPLINE_SURFACE_WITH_KNOTS((4,2,2,2,2,2,2,2,2,2,2,4),(3,3),(0.,0.00158300350425179,
0.00316600700850358,0.00395750876062947,0.00474901051275537,0.00554051226488127,
0.00633201401700716,0.00791501752125895,0.00949802102551074,0.0102895227776366,
0.0110810245297625,0.0126640280340143),(0.,1.),.UNSPECIFIED.)
GEOMETRIC_REPRESENTATION_ITEM()
RATIONAL_B_SPLINE_SURFACE(((1.,0.707106781186553,1.),(1.,0.707106781186553,
1.),(1.,0.707106781186553,1.),(1.,0.707106781186553,1.),(1.,0.707106781186553,
1.),(1.,0.707106781186553,1.),(1.,0.707106781186553,1.),(1.,0.707106781186553,
1.),(1.,0.707106781186553,1.),(1.,0.707106781186553,1.),(1.,0.707106781186553,
1.),(1.,0.707106781186553,1.),(1.,0.707106781186553,1.),(1.,0.707106781186553,
1.),(1.,0.707106781186553,1.),(1.,0.707106781186553,1.),(1.,0.707106781186553,
1.),(1.,0.707106781186553,1.),(1.,0.707106781186552,1.),(1.,0.707106781186552,
1.),(1.,0.707106781186553,1.),(1.,0.707106781186553,1.),(1.,0.707106781186546,
1.),(1.,0.707106781186546,1.)))
REPRESENTATION_ITEM('')
SURFACE()
);
#25=(
BOUNDED_SURFACE()
B_SPLINE_SURFACE(3,2,((#4379,#4380,#4381),(#4382,#4383,#4384),(#4385,#4386,
#4387),(#4388,#4389,#4390),(#4391,#4392,#4393),(#4394,#4395,#4396),(#4397,
#4398,#4399),(#4400,#4401,#4402),(#4403,#4404,#4405),(#4406,#4407,#4408),
(#4409,#4410,#4411),(#4412,#4413,#4414),(#4415,#4416,#4417),(#4418,#4419,
#4420),(#4421,#4422,#4423),(#4424,#4425,#4426),(#4427,#4428,#4429),(#4430,
#4431,#4432),(#4433,#4434,#4435),(#4436,#4437,#4438),(#4439,#4440,#4441),
(#4442,#4443,#4444),(#4445,#4446,#4447),(#4448,#4449,#4450)),
 .UNSPECIFIED.,.F.,.F.,.F.)
B_SPLINE_SURFACE_WITH_KNOTS((4,2,2,2,2,2,2,2,2,2,2,4),(3,3),(0.,0.00158300350425178,
0.00316600700850356,0.00395750876062945,0.00474901051275534,0.00554051226488123,
0.00633201401700712,0.0079150175212589,0.00949802102551069,0.0102895227776366,
0.0110810245297625,0.0126640280340142),(0.,1.),.UNSPECIFIED.)
GEOMETRIC_REPRESENTATION_ITEM()
RATIONAL_B_SPLINE_SURFACE(((1.,0.70710678118654,1.),(1.,0.70710678118654,
1.),(1.,0.707106781186553,1.),(1.,0.707106781186553,1.),(1.,0.707106781186553,
1.),(1.,0.707106781186553,1.),(1.,0.707106781186553,1.),(1.,0.707106781186553,
1.),(1.,0.707106781186553,1.),(1.,0.707106781186553,1.),(1.,0.707106781186553,
1.),(1.,0.707106781186553,1.),(1.,0.707106781186553,1.),(1.,0.707106781186553,
1.),(1.,0.707106781186553,1.),(1.,0.707106781186553,1.),(1.,0.707106781186553,
1.),(1.,0.707106781186553,1.),(1.,0.707106781186553,1.),(1.,0.707106781186553,
1.),(1.,0.707106781186564,1.),(1.,0.707106781186564,1.),(1.,0.707106781186558,
1.),(1.,0.707106781186558,1.)))
REPRESENTATION_ITEM('')
SURFACE()
);
#26=(
BOUNDED_SURFACE()
B_SPLINE_SURFACE(3,2,((#5318,#5319,#5320),(#5321,#5322,#5323),(#5324,#5325,
#5326),(#5327,#5328,#5329),(#5330,#5331,#5332),(#5333,#5334,#5335),(#5336,
#5337,#5338),(#5339,#5340,#5341),(#5342,#5343,#5344),(#5345,#5346,#5347),
(#5348,#5349,#5350),(#5351,#5352,#5353),(#5354,#5355,#5356),(#5357,#5358,
#5359),(#5360,#5361,#5362),(#5363,#5364,#5365),(#5366,#5367,#5368),(#5369,
#5370,#5371),(#5372,#5373,#5374),(#5375,#5376,#5377),(#5378,#5379,#5380),
(#5381,#5382,#5383),(#5384,#5385,#5386),(#5387,#5388,#5389)),
 .UNSPECIFIED.,.F.,.F.,.F.)
B_SPLINE_SURFACE_WITH_KNOTS((4,2,2,2,2,2,2,2,2,2,2,4),(3,3),(0.,0.00158300350425179,
0.00316600700850359,0.00395750876062948,0.00474901051275538,0.00554051226488127,
0.00633201401700717,0.00791501752125896,0.00949802102551075,0.0102895227776366,
0.0110810245297625,0.0126640280340143),(0.,1.),.UNSPECIFIED.)
GEOMETRIC_REPRESENTATION_ITEM()
RATIONAL_B_SPLINE_SURFACE(((1.,0.707106781186548,1.),(1.,0.707106781186548,
1.),(1.,0.707106781186548,1.),(1.,0.707106781186548,1.),(1.,0.707106781186548,
1.),(1.,0.707106781186548,1.),(1.,0.707106781186548,1.),(1.,0.707106781186548,
1.),(1.,0.707106781186548,1.),(1.,0.707106781186548,1.),(1.,0.707106781186548,
1.),(1.,0.707106781186548,1.),(1.,0.707106781186548,1.),(1.,0.707106781186548,
1.),(1.,0.707106781186548,1.),(1.,0.707106781186548,1.),(1.,0.707106781186548,
1.),(1.,0.707106781186548,1.),(1.,0.707106781186548,1.),(1.,0.707106781186548,
1.),(1.,0.707106781186548,1.),(1.,0.707106781186548,1.),(1.,0.707106781186542,
1.),(1.,0.707106781186542,1.)))
REPRESENTATION_ITEM('')
SURFACE()
);
#27=(
BOUNDED_SURFACE()
B_SPLINE_SURFACE(3,2,((#5432,#5433,#5434),(#5435,#5436,#5437),(#5438,#5439,
#5440),(#5441,#5442,#5443),(#5444,#5445,#5446),(#5447,#5448,#5449),(#5450,
#5451,#5452),(#5453,#5454,#5455),(#5456,#5457,#5458),(#5459,#5460,#5461),
(#5462,#5463,#5464),(#5465,#5466,#5467),(#5468,#5469,#5470),(#5471,#5472,
#5473),(#5474,#5475,#5476),(#5477,#5478,#5479),(#5480,#5481,#5482),(#5483,
#5484,#5485),(#5486,#5487,#5488),(#5489,#5490,#5491),(#5492,#5493,#5494),
(#5495,#5496,#5497),(#5498,#5499,#5500),(#5501,#5502,#5503)),
 .UNSPECIFIED.,.F.,.F.,.F.)
B_SPLINE_SURFACE_WITH_KNOTS((4,2,2,2,2,2,2,2,2,2,2,4),(3,3),(0.,0.00158300350425179,
0.00316600700850359,0.00395750876062948,0.00474901051275537,0.00554051226488127,
0.00633201401700717,0.00791501752125896,0.00949802102551075,0.0102895227776366,
0.0110810245297625,0.0126640280340143),(0.,1.),.UNSPECIFIED.)
GEOMETRIC_REPRESENTATION_ITEM()
RATIONAL_B_SPLINE_SURFACE(((1.,0.707106781186535,1.),(1.,0.707106781186535,
1.),(1.,0.707106781186548,1.),(1.,0.707106781186548,1.),(1.,0.707106781186548,
1.),(1.,0.707106781186548,1.),(1.,0.707106781186548,1.),(1.,0.707106781186548,
1.),(1.,0.707106781186548,1.),(1.,0.707106781186548,1.),(1.,0.707106781186548,
1.),(1.,0.707106781186548,1.),(1.,0.707106781186548,1.),(1.,0.707106781186548,
1.),(1.,0.707106781186548,1.),(1.,0.707106781186548,1.),(1.,0.707106781186548,
1.),(1.,0.707106781186548,1.),(1.,0.707106781186548,1.),(1.,0.707106781186548,
1.),(1.,0.707106781186547,1.),(1.,0.707106781186547,1.),(1.,0.707106781186554,
1.),(1.,0.707106781186554,1.)))
REPRESENTATION_ITEM('')
SURFACE()
);
#28=(
BOUNDED_SURFACE()
B_SPLINE_SURFACE(3,2,((#5544,#5545,#5546),(#5547,#5548,#5549),(#5550,#5551,
#5552),(#5553,#5554,#5555),(#5556,#5557,#5558),(#5559,#5560,#5561),(#5562,
#5563,#5564),(#5565,#5566,#5567),(#5568,#5569,#5570),(#5571,#5572,#5573),
(#5574,#5575,#5576),(#5577,#5578,#5579),(#5580,#5581,#5582),(#5583,#5584,
#5585),(#5586,#5587,#5588),(#5589,#5590,#5591),(#5592,#5593,#5594),(#5595,
#5596,#5597),(#5598,#5599,#5600),(#5601,#5602,#5603),(#5604,#5605,#5606),
(#5607,#5608,#5609),(#5610,#5611,#5612),(#5613,#5614,#5615)),
 .UNSPECIFIED.,.F.,.F.,.F.)
B_SPLINE_SURFACE_WITH_KNOTS((4,2,2,2,2,2,2,2,2,2,2,4),(3,3),(0.,0.00158300350425179,
0.00316600700850358,0.00395750876062947,0.00474901051275537,0.00554051226488127,
0.00633201401700716,0.00791501752125895,0.00949802102551075,0.0102895227776366,
0.0110810245297625,0.0126640280340143),(0.,1.),.UNSPECIFIED.)
GEOMETRIC_REPRESENTATION_ITEM()
RATIONAL_B_SPLINE_SURFACE(((1.,0.707106781186548,1.),(1.,0.707106781186548,
1.),(1.,0.707106781186548,1.),(1.,0.707106781186548,1.),(1.,0.707106781186548,
1.),(1.,0.707106781186548,1.),(1.,0.707106781186548,1.),(1.,0.707106781186548,
1.),(1.,0.707106781186548,1.),(1.,0.707106781186548,1.),(1.,0.707106781186548,
1.),(1.,0.707106781186548,1.),(1.,0.707106781186548,1.),(1.,0.707106781186548,
1.),(1.,0.707106781186548,1.),(1.,0.707106781186548,1.),(1.,0.707106781186548,
1.),(1.,0.707106781186548,1.),(1.,0.707106781186548,1.),(1.,0.707106781186548,
1.),(1.,0.707106781186548,1.),(1.,0.707106781186548,1.),(1.,0.707106781186542,
1.),(1.,0.707106781186542,1.)))
REPRESENTATION_ITEM('')
SURFACE()
);
#29=(
BOUNDED_SURFACE()
B_SPLINE_SURFACE(3,2,((#5656,#5657,#5658),(#5659,#5660,#5661),(#5662,#5663,
#5664),(#5665,#5666,#5667),(#5668,#5669,#5670),(#5671,#5672,#5673),(#5674,
#5675,#5676),(#5677,#5678,#5679),(#5680,#5681,#5682),(#5683,#5684,#5685),
(#5686,#5687,#5688),(#5689,#5690,#5691),(#5692,#5693,#5694),(#5695,#5696,
#5697),(#5698,#5699,#5700),(#5701,#5702,#5703),(#5704,#5705,#5706),(#5707,
#5708,#5709),(#5710,#5711,#5712),(#5713,#5714,#5715),(#5716,#5717,#5718),
(#5719,#5720,#5721),(#5722,#5723,#5724),(#5725,#5726,#5727)),
 .UNSPECIFIED.,.F.,.F.,.F.)
B_SPLINE_SURFACE_WITH_KNOTS((4,2,2,2,2,2,2,2,2,2,2,4),(3,3),(0.,0.00158300350425178,
0.00316600700850356,0.00395750876062945,0.00474901051275534,0.00554051226488123,
0.00633201401700712,0.0079150175212589,0.00949802102551069,0.0102895227776366,
0.0110810245297625,0.0126640280340142),(0.,1.),.UNSPECIFIED.)
GEOMETRIC_REPRESENTATION_ITEM()
RATIONAL_B_SPLINE_SURFACE(((1.,0.707106781186535,1.),(1.,0.707106781186535,
1.),(1.,0.707106781186548,1.),(1.,0.707106781186548,1.),(1.,0.707106781186548,
1.),(1.,0.707106781186548,1.),(1.,0.707106781186548,1.),(1.,0.707106781186548,
1.),(1.,0.707106781186548,1.),(1.,0.707106781186548,1.),(1.,0.707106781186548,
1.),(1.,0.707106781186548,1.),(1.,0.707106781186548,1.),(1.,0.707106781186548,
1.),(1.,0.707106781186548,1.),(1.,0.707106781186548,1.),(1.,0.707106781186548,
1.),(1.,0.707106781186548,1.),(1.,0.707106781186548,1.),(1.,0.707106781186548,
1.),(1.,0.707106781186559,1.),(1.,0.707106781186559,1.),(1.,0.707106781186554,
1.),(1.,0.707106781186554,1.)))
REPRESENTATION_ITEM('')
SURFACE()
);
#30=(
BOUNDED_SURFACE()
B_SPLINE_SURFACE(3,2,((#6120,#6121,#6122),(#6123,#6124,#6125),(#6126,#6127,
#6128),(#6129,#6130,#6131),(#6132,#6133,#6134),(#6135,#6136,#6137),(#6138,
#6139,#6140),(#6141,#6142,#6143),(#6144,#6145,#6146),(#6147,#6148,#6149),
(#6150,#6151,#6152),(#6153,#6154,#6155),(#6156,#6157,#6158),(#6159,#6160,
#6161),(#6162,#6163,#6164),(#6165,#6166,#6167),(#6168,#6169,#6170),(#6171,
#6172,#6173),(#6174,#6175,#6176),(#6177,#6178,#6179),(#6180,#6181,#6182)),
 .UNSPECIFIED.,.F.,.F.,.F.)
B_SPLINE_SURFACE_WITH_KNOTS((4,1,1,1,1,1,1,1,1,1,1,1,1,1,1,1,1,1,4),(3,
3),(-3.46944695195361E-18,0.000513770266487464,0.00102754053297493,0.0015413107994624,
0.00205508106594987,0.0023119661991936,0.00256885133243734,0.0030826215989248,
0.00359639186541227,0.00411016213189974,0.00462393239838721,0.00488081753163094,
0.00513770266487468,0.00565147293136214,0.00616524319784961,0.00667901346433708,
0.00719278373082455,0.00770655399731201,0.00822032426379948),(0.,1.),
 .UNSPECIFIED.)
GEOMETRIC_REPRESENTATION_ITEM()
RATIONAL_B_SPLINE_SURFACE(((1.,0.707106781186548,1.),(1.,0.707106781186548,
1.),(1.,0.707106781186547,1.),(1.,0.707106781186548,1.),(1.,0.707106781186548,
1.),(1.,0.707106781186548,1.),(1.,0.707106781186547,1.),(1.,0.707106781186548,
1.),(1.,0.707106781186548,1.),(1.,0.707106781186547,1.),(1.,0.707106781186548,
1.),(1.,0.707106781186547,1.),(1.,0.707106781186548,1.),(1.,0.707106781186548,
1.),(1.,0.707106781186547,1.),(1.,0.707106781186548,1.),(1.,0.707106781186547,
1.),(1.,0.707106781186549,1.),(1.,0.707106781186547,1.),(1.,0.707106781186548,
1.),(1.,0.707106781186548,1.)))
REPRESENTATION_ITEM('')
SURFACE()
);
#31=(
BOUNDED_SURFACE()
B_SPLINE_SURFACE(3,2,((#6189,#6190,#6191),(#6192,#6193,#6194),(#6195,#6196,
#6197),(#6198,#6199,#6200),(#6201,#6202,#6203),(#6204,#6205,#6206),(#6207,
#6208,#6209),(#6210,#6211,#6212),(#6213,#6214,#6215),(#6216,#6217,#6218),
(#6219,#6220,#6221),(#6222,#6223,#6224),(#6225,#6226,#6227),(#6228,#6229,
#6230),(#6231,#6232,#6233),(#6234,#6235,#6236),(#6237,#6238,#6239),(#6240,
#6241,#6242),(#6243,#6244,#6245),(#6246,#6247,#6248),(#6249,#6250,#6251)),
 .UNSPECIFIED.,.F.,.F.,.F.)
B_SPLINE_SURFACE_WITH_KNOTS((4,1,1,1,1,1,1,1,1,1,1,1,1,1,1,1,1,1,4),(3,
3),(-3.46944695195361E-18,0.000513770266487464,0.00102754053297493,0.0015413107994624,
0.00205508106594987,0.0023119661991936,0.00256885133243734,0.0030826215989248,
0.00359639186541227,0.00411016213189974,0.00462393239838721,0.00488081753163094,
0.00513770266487468,0.00565147293136214,0.00616524319784961,0.00667901346433708,
0.00719278373082455,0.00770655399731201,0.00822032426379948),(0.,1.),
 .UNSPECIFIED.)
GEOMETRIC_REPRESENTATION_ITEM()
RATIONAL_B_SPLINE_SURFACE(((1.,0.707106781186548,1.),(1.,0.707106781186548,
1.),(1.,0.707106781186547,1.),(1.,0.707106781186548,1.),(1.,0.707106781186548,
1.),(1.,0.707106781186548,1.),(1.,0.707106781186547,1.),(1.,0.707106781186548,
1.),(1.,0.707106781186548,1.),(1.,0.707106781186547,1.),(1.,0.707106781186548,
1.),(1.,0.707106781186547,1.),(1.,0.707106781186548,1.),(1.,0.707106781186548,
1.),(1.,0.707106781186547,1.),(1.,0.707106781186548,1.),(1.,0.707106781186547,
1.),(1.,0.707106781186549,1.),(1.,0.707106781186547,1.),(1.,0.707106781186548,
1.),(1.,0.707106781186548,1.)))
REPRESENTATION_ITEM('')
SURFACE()
);
#32=(
BOUNDED_SURFACE()
B_SPLINE_SURFACE(3,2,((#6253,#6254,#6255),(#6256,#6257,#6258),(#6259,#6260,
#6261),(#6262,#6263,#6264),(#6265,#6266,#6267),(#6268,#6269,#6270),(#6271,
#6272,#6273),(#6274,#6275,#6276),(#6277,#6278,#6279),(#6280,#6281,#6282),
(#6283,#6284,#6285),(#6286,#6287,#6288),(#6289,#6290,#6291),(#6292,#6293,
#6294),(#6295,#6296,#6297),(#6298,#6299,#6300),(#6301,#6302,#6303),(#6304,
#6305,#6306),(#6307,#6308,#6309),(#6310,#6311,#6312),(#6313,#6314,#6315)),
 .UNSPECIFIED.,.F.,.F.,.F.)
B_SPLINE_SURFACE_WITH_KNOTS((4,1,1,1,1,1,1,1,1,1,1,1,1,1,1,1,1,1,4),(3,
3),(-3.46944695195361E-18,0.000513770266487464,0.00102754053297493,0.0015413107994624,
0.00205508106594987,0.0023119661991936,0.00256885133243734,0.0030826215989248,
0.00359639186541227,0.00411016213189974,0.00462393239838721,0.00488081753163094,
0.00513770266487468,0.00565147293136214,0.00616524319784961,0.00667901346433708,
0.00719278373082455,0.00770655399731201,0.00822032426379948),(0.,1.),
 .UNSPECIFIED.)
GEOMETRIC_REPRESENTATION_ITEM()
RATIONAL_B_SPLINE_SURFACE(((1.,0.707106781186548,1.),(1.,0.707106781186548,
1.),(1.,0.707106781186547,1.),(1.,0.707106781186548,1.),(1.,0.707106781186548,
1.),(1.,0.707106781186548,1.),(1.,0.707106781186547,1.),(1.,0.707106781186548,
1.),(1.,0.707106781186548,1.),(1.,0.707106781186547,1.),(1.,0.707106781186548,
1.),(1.,0.707106781186547,1.),(1.,0.707106781186548,1.),(1.,0.707106781186548,
1.),(1.,0.707106781186547,1.),(1.,0.707106781186548,1.),(1.,0.707106781186547,
1.),(1.,0.707106781186549,1.),(1.,0.707106781186547,1.),(1.,0.707106781186548,
1.),(1.,0.707106781186548,1.)))
REPRESENTATION_ITEM('')
SURFACE()
);
#33=(
BOUNDED_SURFACE()
B_SPLINE_SURFACE(3,2,((#6321,#6322,#6323),(#6324,#6325,#6326),(#6327,#6328,
#6329),(#6330,#6331,#6332),(#6333,#6334,#6335),(#6336,#6337,#6338),(#6339,
#6340,#6341),(#6342,#6343,#6344),(#6345,#6346,#6347),(#6348,#6349,#6350),
(#6351,#6352,#6353),(#6354,#6355,#6356),(#6357,#6358,#6359),(#6360,#6361,
#6362),(#6363,#6364,#6365),(#6366,#6367,#6368),(#6369,#6370,#6371),(#6372,
#6373,#6374),(#6375,#6376,#6377),(#6378,#6379,#6380),(#6381,#6382,#6383)),
 .UNSPECIFIED.,.F.,.F.,.F.)
B_SPLINE_SURFACE_WITH_KNOTS((4,1,1,1,1,1,1,1,1,1,1,1,1,1,1,1,1,1,4),(3,
3),(-3.46944695195361E-18,0.000513770266487464,0.00102754053297493,0.0015413107994624,
0.00205508106594987,0.0023119661991936,0.00256885133243734,0.0030826215989248,
0.00359639186541227,0.00411016213189974,0.00462393239838721,0.00488081753163094,
0.00513770266487468,0.00565147293136214,0.00616524319784961,0.00667901346433708,
0.00719278373082455,0.00770655399731201,0.00822032426379948),(0.,1.),
 .UNSPECIFIED.)
GEOMETRIC_REPRESENTATION_ITEM()
RATIONAL_B_SPLINE_SURFACE(((1.,0.707106781186548,1.),(1.,0.707106781186548,
1.),(1.,0.707106781186547,1.),(1.,0.707106781186548,1.),(1.,0.707106781186548,
1.),(1.,0.707106781186548,1.),(1.,0.707106781186547,1.),(1.,0.707106781186548,
1.),(1.,0.707106781186548,1.),(1.,0.707106781186547,1.),(1.,0.707106781186548,
1.),(1.,0.707106781186547,1.),(1.,0.707106781186548,1.),(1.,0.707106781186548,
1.),(1.,0.707106781186547,1.),(1.,0.707106781186548,1.),(1.,0.707106781186547,
1.),(1.,0.707106781186549,1.),(1.,0.707106781186547,1.),(1.,0.707106781186548,
1.),(1.,0.707106781186548,1.)))
REPRESENTATION_ITEM('')
SURFACE()
);
#34=STYLED_ITEM('',(#8957),#2267);
#35=STYLED_ITEM('',(#8957),#2268);
#36=STYLED_ITEM('',(#8957),#2269);
#37=STYLED_ITEM('',(#8957),#2270);
#38=STYLED_ITEM('',(#8957),#2271);
#39=STYLED_ITEM('',(#8957),#2272);
#40=STYLED_ITEM('',(#8957),#2273);
#41=STYLED_ITEM('',(#8957),#2274);
#42=STYLED_ITEM('',(#8957),#2275);
#43=STYLED_ITEM('',(#8957),#2276);
#44=STYLED_ITEM('',(#8957),#2277);
#45=STYLED_ITEM('',(#8957),#2278);
#46=STYLED_ITEM('',(#8957),#2279);
#47=STYLED_ITEM('',(#8957),#2280);
#48=STYLED_ITEM('',(#8957),#2281);
#49=STYLED_ITEM('',(#8957),#2282);
#50=STYLED_ITEM('',(#8957),#2283);
#51=STYLED_ITEM('',(#8957),#2292);
#52=STYLED_ITEM('',(#8957),#2293);
#53=STYLED_ITEM('',(#8957),#2294);
#54=STYLED_ITEM('',(#8957),#2295);
#55=STYLED_ITEM('',(#8957),#2296);
#56=STYLED_ITEM('',(#8957),#2297);
#57=STYLED_ITEM('',(#8957),#2298);
#58=STYLED_ITEM('',(#8957),#2299);
#59=STYLED_ITEM('',(#8957),#2300);
#60=STYLED_ITEM('',(#8956),#2338);
#61=STYLED_ITEM('',(#8958),#2377);
#62=STYLED_ITEM('',(#8956),#13);
#63=B_SPLINE_SURFACE_WITH_KNOTS('',3,1,((#3746,#3747),(#3748,#3749),(#3750,
#3751),(#3752,#3753),(#3754,#3755),(#3756,#3757),(#3758,#3759),(#3760,#3761),
(#3762,#3763),(#3764,#3765),(#3766,#3767),(#3768,#3769),(#3770,#3771),(#3772,
#3773),(#3774,#3775)),.UNSPECIFIED.,.F.,.F.,.F.,(4,1,1,1,1,1,1,1,1,1,1,
1,4),(2,2),(0.,0.125,0.1875,0.25,0.3125,0.375,0.5,0.5625,0.625,0.75,0.8125,
0.875,1.),(0.,0.0360000000000002),.UNSPECIFIED.);
#64=B_SPLINE_SURFACE_WITH_KNOTS('',3,1,((#3815,#3816),(#3817,#3818),(#3819,
#3820),(#3821,#3822),(#3823,#3824),(#3825,#3826),(#3827,#3828),(#3829,#3830),
(#3831,#3832),(#3833,#3834),(#3835,#3836),(#3837,#3838),(#3839,#3840),(#3841,
#3842),(#3843,#3844)),.UNSPECIFIED.,.F.,.F.,.F.,(4,1,1,1,1,1,1,1,1,1,1,
1,4),(2,2),(0.,0.125,0.1875,0.25,0.3125,0.375,0.5,0.5625,0.625,0.75,0.8125,
0.875,1.),(0.,0.0360000000000002),.UNSPECIFIED.);
#65=B_SPLINE_SURFACE_WITH_KNOTS('',3,1,((#3884,#3885),(#3886,#3887),(#3888,
#3889),(#3890,#3891),(#3892,#3893),(#3894,#3895),(#3896,#3897),(#3898,#3899),
(#3900,#3901),(#3902,#3903),(#3904,#3905),(#3906,#3907),(#3908,#3909),(#3910,
#3911),(#3912,#3913)),.UNSPECIFIED.,.F.,.F.,.F.,(4,1,1,1,1,1,1,1,1,1,1,
1,4),(2,2),(0.,0.125,0.1875,0.25,0.3125,0.375,0.5,0.5625,0.625,0.75,0.8125,
0.875,1.),(0.,0.0360000000000002),.UNSPECIFIED.);
#66=B_SPLINE_SURFACE_WITH_KNOTS('',3,1,((#3947,#3948),(#3949,#3950),(#3951,
#3952),(#3953,#3954),(#3955,#3956),(#3957,#3958),(#3959,#3960),(#3961,#3962),
(#3963,#3964),(#3965,#3966),(#3967,#3968),(#3969,#3970),(#3971,#3972),(#3973,
#3974),(#3975,#3976)),.UNSPECIFIED.,.F.,.F.,.F.,(4,1,1,1,1,1,1,1,1,1,1,
1,4),(2,2),(0.,0.125,0.1875,0.25,0.3125,0.375,0.5,0.5625,0.625,0.75,0.8125,
0.875,1.),(0.,0.0360000000000004),.UNSPECIFIED.);
#67=B_SPLINE_SURFACE_WITH_KNOTS('',5,1,((#4606,#4607),(#4608,#4609),(#4610,
#4611),(#4612,#4613),(#4614,#4615),(#4616,#4617)),.UNSPECIFIED.,.F.,.F.,
 .F.,(6,6),(2,2),(0.,1.),(0.,1.056),.UNSPECIFIED.);
#68=B_SPLINE_SURFACE_WITH_KNOTS('',5,1,((#4735,#4736),(#4737,#4738),(#4739,
#4740),(#4741,#4742),(#4743,#4744),(#4745,#4746)),.UNSPECIFIED.,.F.,.F.,
 .F.,(6,6),(2,2),(0.,1.),(0.,1.056),.UNSPECIFIED.);
#69=B_SPLINE_SURFACE_WITH_KNOTS('',5,1,((#4862,#4863),(#4864,#4865),(#4866,
#4867),(#4868,#4869),(#4870,#4871),(#4872,#4873)),.UNSPECIFIED.,.F.,.F.,
 .F.,(6,6),(2,2),(0.,1.),(0.,1.056),.UNSPECIFIED.);
#70=B_SPLINE_SURFACE_WITH_KNOTS('',5,1,((#4989,#4990),(#4991,#4992),(#4993,
#4994),(#4995,#4996),(#4997,#4998),(#4999,#5000)),.UNSPECIFIED.,.F.,.F.,
 .F.,(6,6),(2,2),(0.,1.),(0.,1.056),.UNSPECIFIED.);
#71=B_SPLINE_SURFACE_WITH_KNOTS('',3,1,((#5117,#5118),(#5119,#5120),(#5121,
#5122),(#5123,#5124),(#5125,#5126),(#5127,#5128),(#5129,#5130),(#5131,#5132),
(#5133,#5134),(#5135,#5136),(#5137,#5138),(#5139,#5140),(#5141,#5142),(#5143,
#5144),(#5145,#5146),(#5147,#5148),(#5149,#5150),(#5151,#5152),(#5153,#5154),
(#5155,#5156),(#5157,#5158),(#5159,#5160),(#5161,#5162),(#5163,#5164)),
 .UNSPECIFIED.,.F.,.F.,.F.,(4,2,2,2,2,2,2,2,2,2,2,4),(2,2),(0.,0.125,0.25,
0.3125,0.375,0.5,0.5625,0.625,0.75,0.8125,0.875,1.),(0.,0.1044),
 .UNSPECIFIED.);
#72=B_SPLINE_SURFACE_WITH_KNOTS('',3,1,((#5168,#5169),(#5170,#5171),(#5172,
#5173),(#5174,#5175),(#5176,#5177),(#5178,#5179),(#5180,#5181),(#5182,#5183),
(#5184,#5185),(#5186,#5187),(#5188,#5189),(#5190,#5191),(#5192,#5193),(#5194,
#5195),(#5196,#5197),(#5198,#5199),(#5200,#5201),(#5202,#5203),(#5204,#5205),
(#5206,#5207),(#5208,#5209),(#5210,#5211),(#5212,#5213),(#5214,#5215)),
 .UNSPECIFIED.,.F.,.F.,.F.,(4,2,2,2,2,2,2,2,2,2,2,4),(2,2),(0.,0.125,0.25,
0.3125,0.375,0.5,0.5625,0.625,0.75,0.8125,0.875,1.),(0.,0.1044),
 .UNSPECIFIED.);
#73=B_SPLINE_SURFACE_WITH_KNOTS('',3,1,((#5219,#5220),(#5221,#5222),(#5223,
#5224),(#5225,#5226),(#5227,#5228),(#5229,#5230),(#5231,#5232),(#5233,#5234),
(#5235,#5236),(#5237,#5238),(#5239,#5240),(#5241,#5242),(#5243,#5244),(#5245,
#5246),(#5247,#5248),(#5249,#5250),(#5251,#5252),(#5253,#5254),(#5255,#5256),
(#5257,#5258),(#5259,#5260),(#5261,#5262),(#5263,#5264),(#5265,#5266)),
 .UNSPECIFIED.,.F.,.F.,.F.,(4,2,2,2,2,2,2,2,2,2,2,4),(2,2),(0.,0.125,0.25,
0.3125,0.375,0.5,0.5625,0.625,0.75,0.8125,0.875,1.),(0.,0.1044),
 .UNSPECIFIED.);
#74=B_SPLINE_SURFACE_WITH_KNOTS('',3,1,((#5270,#5271),(#5272,#5273),(#5274,
#5275),(#5276,#5277),(#5278,#5279),(#5280,#5281),(#5282,#5283),(#5284,#5285),
(#5286,#5287),(#5288,#5289),(#5290,#5291),(#5292,#5293),(#5294,#5295),(#5296,
#5297),(#5298,#5299),(#5300,#5301),(#5302,#5303),(#5304,#5305),(#5306,#5307),
(#5308,#5309),(#5310,#5311),(#5312,#5313),(#5314,#5315),(#5316,#5317)),
 .UNSPECIFIED.,.F.,.F.,.F.,(4,2,2,2,2,2,2,2,2,2,2,4),(2,2),(0.,0.125,0.25,
0.3125,0.375,0.5,0.5625,0.625,0.75,0.8125,0.875,1.),(0.,0.1044),
 .UNSPECIFIED.);
#75=B_SPLINE_SURFACE_WITH_KNOTS('',5,1,((#5942,#5943),(#5944,#5945),(#5946,
#5947),(#5948,#5949),(#5950,#5951),(#5952,#5953),(#5954,#5955),(#5956,#5957),
(#5958,#5959),(#5960,#5961),(#5962,#5963),(#5964,#5965),(#5966,#5967),(#5968,
#5969),(#5970,#5971),(#5972,#5973)),.UNSPECIFIED.,.F.,.F.,.F.,(6,5,5,6),
(2,2),(-1.,0.,1.,2.),(0.,3.852),.UNSPECIFIED.);
#76=B_SPLINE_SURFACE_WITH_KNOTS('',5,1,((#5988,#5989),(#5990,#5991),(#5992,
#5993),(#5994,#5995),(#5996,#5997),(#5998,#5999),(#6000,#6001),(#6002,#6003),
(#6004,#6005),(#6006,#6007),(#6008,#6009),(#6010,#6011),(#6012,#6013),(#6014,
#6015),(#6016,#6017),(#6018,#6019)),.UNSPECIFIED.,.F.,.F.,.F.,(6,5,5,6),
(2,2),(-1.,0.,1.,2.),(0.,3.852),.UNSPECIFIED.);
#77=B_SPLINE_SURFACE_WITH_KNOTS('',5,1,((#6032,#6033),(#6034,#6035),(#6036,
#6037),(#6038,#6039),(#6040,#6041),(#6042,#6043),(#6044,#6045),(#6046,#6047),
(#6048,#6049),(#6050,#6051),(#6052,#6053),(#6054,#6055),(#6056,#6057),(#6058,
#6059),(#6060,#6061),(#6062,#6063)),.UNSPECIFIED.,.F.,.F.,.F.,(6,5,5,6),
(2,2),(-1.,0.,1.,2.),(0.,3.852),.UNSPECIFIED.);
#78=B_SPLINE_SURFACE_WITH_KNOTS('',5,1,((#6076,#6077),(#6078,#6079),(#6080,
#6081),(#6082,#6083),(#6084,#6085),(#6086,#6087),(#6088,#6089),(#6090,#6091),
(#6092,#6093),(#6094,#6095),(#6096,#6097),(#6098,#6099),(#6100,#6101),(#6102,
#6103),(#6104,#6105),(#6106,#6107)),.UNSPECIFIED.,.F.,.F.,.F.,(6,5,5,6),
(2,2),(-1.,0.,1.,2.),(0.,3.852),.UNSPECIFIED.);
#79=B_SPLINE_SURFACE_WITH_KNOTS('',3,1,((#6494,#6495),(#6496,#6497),(#6498,
#6499),(#6500,#6501),(#6502,#6503),(#6504,#6505),(#6506,#6507),(#6508,#6509),
(#6510,#6511),(#6512,#6513),(#6514,#6515),(#6516,#6517),(#6518,#6519),(#6520,
#6521),(#6522,#6523)),.UNSPECIFIED.,.F.,.F.,.F.,(4,1,1,1,1,1,1,1,1,1,1,
1,4),(2,2),(0.,0.125,0.1875,0.25,0.3125,0.375,0.5,0.5625,0.625,0.75,0.8125,
0.875,1.),(0.,0.0840000000000799),.UNSPECIFIED.);
#80=B_SPLINE_SURFACE_WITH_KNOTS('',3,1,((#6701,#6702),(#6703,#6704),(#6705,
#6706),(#6707,#6708),(#6709,#6710),(#6711,#6712),(#6713,#6714),(#6715,#6716),
(#6717,#6718),(#6719,#6720),(#6721,#6722),(#6723,#6724),(#6725,#6726),(#6727,
#6728),(#6729,#6730)),.UNSPECIFIED.,.F.,.F.,.F.,(4,1,1,1,1,1,1,1,1,1,1,
1,4),(2,2),(0.,0.125,0.1875,0.25,0.3125,0.375,0.5,0.5625,0.625,0.75,0.8125,
0.875,1.),(0.,0.0840000000042267),.UNSPECIFIED.);
#81=B_SPLINE_SURFACE_WITH_KNOTS('',3,1,((#6906,#6907),(#6908,#6909),(#6910,
#6911),(#6912,#6913),(#6914,#6915),(#6916,#6917),(#6918,#6919),(#6920,#6921),
(#6922,#6923),(#6924,#6925),(#6926,#6927),(#6928,#6929),(#6930,#6931),(#6932,
#6933),(#6934,#6935)),.UNSPECIFIED.,.F.,.F.,.F.,(4,1,1,1,1,1,1,1,1,1,1,
1,4),(2,2),(0.,0.125,0.1875,0.25,0.3125,0.375,0.5,0.5625,0.625,0.75,0.8125,
0.875,1.),(0.,0.084),.UNSPECIFIED.);
#82=B_SPLINE_SURFACE_WITH_KNOTS('',3,1,((#7111,#7112),(#7113,#7114),(#7115,
#7116),(#7117,#7118),(#7119,#7120),(#7121,#7122),(#7123,#7124),(#7125,#7126),
(#7127,#7128),(#7129,#7130),(#7131,#7132),(#7133,#7134),(#7135,#7136),(#7137,
#7138),(#7139,#7140)),.UNSPECIFIED.,.F.,.F.,.F.,(4,1,1,1,1,1,1,1,1,1,1,
1,4),(2,2),(0.,0.125,0.1875,0.25,0.3125,0.375,0.5,0.5625,0.625,0.75,0.8125,
0.875,1.),(0.,0.084),.UNSPECIFIED.);
#83=B_SPLINE_SURFACE_WITH_KNOTS('',1,3,((#8003,#8004,#8005,#8006,#8007,
#8008,#8009,#8010,#8011,#8012,#8013,#8014,#8015,#8016,#8017,#8018,#8019,
#8020,#8021,#8022,#8023,#8024,#8025,#8026,#8027,#8028,#8029,#8030,#8031,
#8032,#8033,#8034,#8035,#8036,#8037,#8038,#8039,#8040,#8041,#8042,#8043,
#8044,#8045,#8046,#8047,#8048,#8049,#8050,#8051,#8052,#8053,#8054,#8055,
#8056,#8057,#8058,#8059,#8060,#8061,#8062,#8063,#8064,#8065,#8066,#8067,
#8068,#8069,#8070,#8071,#8072,#8073,#8074,#8075,#8076,#8077,#8078,#8079,
#8080,#8081,#8082,#8083,#8084,#8085,#8086,#8087,#8088,#8089,#8090,#8091,
#8092,#8093,#8094,#8095,#8096,#8097,#8098,#8099,#8100,#8101,#8102,#8103,
#8104,#8105,#8106,#8107,#8108,#8109,#8110,#8111,#8112,#8113,#8114,#8115,
#8116),(#8117,#8118,#8119,#8120,#8121,#8122,#8123,#8124,#8125,#8126,#8127,
#8128,#8129,#8130,#8131,#8132,#8133,#8134,#8135,#8136,#8137,#8138,#8139,
#8140,#8141,#8142,#8143,#8144,#8145,#8146,#8147,#8148,#8149,#8150,#8151,
#8152,#8153,#8154,#8155,#8156,#8157,#8158,#8159,#8160,#8161,#8162,#8163,
#8164,#8165,#8166,#8167,#8168,#8169,#8170,#8171,#8172,#8173,#8174,#8175,
#8176,#8177,#8178,#8179,#8180,#8181,#8182,#8183,#8184,#8185,#8186,#8187,
#8188,#8189,#8190,#8191,#8192,#8193,#8194,#8195,#8196,#8197,#8198,#8199,
#8200,#8201,#8202,#8203,#8204,#8205,#8206,#8207,#8208,#8209,#8210,#8211,
#8212,#8213,#8214,#8215,#8216,#8217,#8218,#8219,#8220,#8221,#8222,#8223,
#8224,#8225,#8226,#8227,#8228,#8229,#8230)),.UNSPECIFIED.,.F.,.F.,.F.,(2,
2),(4,2,2,2,2,2,2,2,2,2,2,2,2,2,2,2,2,2,2,2,2,2,2,2,2,2,2,2,2,2,2,2,2,2,
2,2,2,2,2,2,2,2,2,2,2,2,2,2,2,2,2,2,2,2,2,2,4),(0.,1.),(0.,0.000690250654656098,
0.0013805013093122,0.00172562663664024,0.00207075196396829,0.00224331462763232,
0.00232959595946433,0.00241587729129634,0.00250215862312836,0.00258843995496037,
0.0027610026186244,0.00293356528228842,0.00310612794595245,0.00345125327328049,
0.00379637860060854,0.00396894126427256,0.00414150392793659,0.0042277852597686,
0.00431406659160061,0.00440034792343263,0.00448662925526464,0.00465919191892866,
0.00483175458259269,0.00517687990992074,0.00534944257358476,0.00543572390541677,
0.00552200523724879,0.00569456790091281,0.00586713056457684,0.00603969322824086,
0.00612597456007287,0.00621225589190489,0.0062985372237369,0.00638481855556891,
0.00655738121923293,0.00672994388289696,0.00690250654656098,0.00707506921022501,
0.00724763187388903,0.00759275720121708,0.00776531986488111,0.00793788252854513,
0.00802416386037714,0.00811044519220916,0.00819672652404117,0.00828300785587318,
0.0084555705195372,0.00862813318320123,0.00880069584686525,0.00897325851052928,
0.0091458211741933,0.00931838383785733,0.00949094650152135,0.00966350916518538,
0.0100086344925134,0.0103537598198415,0.0110440104744976),.UNSPECIFIED.);
#84=B_SPLINE_SURFACE_WITH_KNOTS('',1,3,((#8237,#8238,#8239,#8240,#8241,
#8242,#8243,#8244,#8245,#8246,#8247,#8248,#8249,#8250,#8251,#8252,#8253,
#8254,#8255,#8256,#8257,#8258,#8259,#8260,#8261,#8262,#8263,#8264,#8265,
#8266,#8267,#8268,#8269,#8270,#8271,#8272,#8273,#8274,#8275,#8276,#8277,
#8278,#8279,#8280,#8281,#8282,#8283,#8284,#8285,#8286,#8287,#8288,#8289,
#8290,#8291,#8292,#8293,#8294,#8295,#8296,#8297,#8298,#8299,#8300,#8301,
#8302,#8303,#8304,#8305,#8306,#8307,#8308,#8309,#8310,#8311,#8312,#8313,
#8314,#8315,#8316,#8317,#8318,#8319,#8320,#8321,#8322,#8323,#8324,#8325,
#8326,#8327,#8328,#8329,#8330,#8331,#8332,#8333,#8334,#8335,#8336,#8337,
#8338,#8339,#8340,#8341,#8342,#8343,#8344,#8345,#8346,#8347,#8348,#8349,
#8350),(#8351,#8352,#8353,#8354,#8355,#8356,#8357,#8358,#8359,#8360,#8361,
#8362,#8363,#8364,#8365,#8366,#8367,#8368,#8369,#8370,#8371,#8372,#8373,
#8374,#8375,#8376,#8377,#8378,#8379,#8380,#8381,#8382,#8383,#8384,#8385,
#8386,#8387,#8388,#8389,#8390,#8391,#8392,#8393,#8394,#8395,#8396,#8397,
#8398,#8399,#8400,#8401,#8402,#8403,#8404,#8405,#8406,#8407,#8408,#8409,
#8410,#8411,#8412,#8413,#8414,#8415,#8416,#8417,#8418,#8419,#8420,#8421,
#8422,#8423,#8424,#8425,#8426,#8427,#8428,#8429,#8430,#8431,#8432,#8433,
#8434,#8435,#8436,#8437,#8438,#8439,#8440,#8441,#8442,#8443,#8444,#8445,
#8446,#8447,#8448,#8449,#8450,#8451,#8452,#8453,#8454,#8455,#8456,#8457,
#8458,#8459,#8460,#8461,#8462,#8463,#8464)),.UNSPECIFIED.,.F.,.F.,.F.,(2,
2),(4,2,2,2,2,2,2,2,2,2,2,2,2,2,2,2,2,2,2,2,2,2,2,2,2,2,2,2,2,2,2,2,2,2,
2,2,2,2,2,2,2,2,2,2,2,2,2,2,2,2,2,2,2,2,2,2,4),(0.,1.),(0.,0.000690250654656119,
0.00138050130931224,0.00172562663664029,0.00207075196396836,0.00224331462763239,
0.0023295959594644,0.00241587729129641,0.00250215862312843,0.00258843995496045,
0.00276100261862447,0.00293356528228851,0.00310612794595253,0.00345125327328059,
0.00379637860060866,0.00396894126427268,0.00414150392793671,0.00422778525976873,
0.00431406659160075,0.00440034792343276,0.00448662925526477,0.0046591919189288,
0.00483175458259283,0.00517687990992089,0.00534944257358492,0.00543572390541694,
0.00552200523724895,0.00569456790091298,0.00586713056457701,0.00603969322824104,
0.00612597456007305,0.00621225589190507,0.00629853722373708,0.0063848185555691,
0.00655738121923313,0.00672994388289716,0.00690250654656119,0.00707506921022522,
0.00724763187388925,0.00759275720121731,0.00776531986488134,0.00793788252854536,
0.00802416386037738,0.0081104451922094,0.00819672652404141,0.00828300785587342,
0.00845557051953745,0.00862813318320149,0.00880069584686551,0.00897325851052954,
0.00914582117419357,0.0093183838378576,0.00949094650152163,0.00966350916518566,
0.0100086344925137,0.0103537598198418,0.0110440104744979),.UNSPECIFIED.);
#85=B_SPLINE_SURFACE_WITH_KNOTS('',1,3,((#8466,#8467,#8468,#8469,#8470,
#8471,#8472,#8473,#8474,#8475,#8476,#8477,#8478,#8479,#8480,#8481,#8482,
#8483,#8484,#8485,#8486,#8487,#8488,#8489,#8490,#8491,#8492,#8493,#8494,
#8495,#8496,#8497,#8498,#8499,#8500,#8501,#8502,#8503,#8504,#8505,#8506,
#8507,#8508,#8509,#8510,#8511,#8512,#8513,#8514,#8515,#8516,#8517,#8518,
#8519,#8520,#8521,#8522,#8523,#8524,#8525,#8526,#8527,#8528,#8529,#8530,
#8531,#8532,#8533,#8534,#8535,#8536,#8537,#8538,#8539,#8540,#8541,#8542,
#8543,#8544,#8545,#8546,#8547,#8548,#8549,#8550,#8551,#8552,#8553,#8554,
#8555,#8556,#8557,#8558,#8559,#8560,#8561,#8562,#8563,#8564,#8565,#8566,
#8567,#8568,#8569,#8570,#8571,#8572,#8573,#8574,#8575,#8576,#8577,#8578,
#8579),(#8580,#8581,#8582,#8583,#8584,#8585,#8586,#8587,#8588,#8589,#8590,
#8591,#8592,#8593,#8594,#8595,#8596,#8597,#8598,#8599,#8600,#8601,#8602,
#8603,#8604,#8605,#8606,#8607,#8608,#8609,#8610,#8611,#8612,#8613,#8614,
#8615,#8616,#8617,#8618,#8619,#8620,#8621,#8622,#8623,#8624,#8625,#8626,
#8627,#8628,#8629,#8630,#8631,#8632,#8633,#8634,#8635,#8636,#8637,#8638,
#8639,#8640,#8641,#8642,#8643,#8644,#8645,#8646,#8647,#8648,#8649,#8650,
#8651,#8652,#8653,#8654,#8655,#8656,#8657,#8658,#8659,#8660,#8661,#8662,
#8663,#8664,#8665,#8666,#8667,#8668,#8669,#8670,#8671,#8672,#8673,#8674,
#8675,#8676,#8677,#8678,#8679,#8680,#8681,#8682,#8683,#8684,#8685,#8686,
#8687,#8688,#8689,#8690,#8691,#8692,#8693)),.UNSPECIFIED.,.F.,.F.,.F.,(2,
2),(4,2,2,2,2,2,2,2,2,2,2,2,2,2,2,2,2,2,2,2,2,2,2,2,2,2,2,2,2,2,2,2,2,2,
2,2,2,2,2,2,2,2,2,2,2,2,2,2,2,2,2,2,2,2,2,2,4),(0.,1.),(0.,0.000690250654656075,
0.00138050130931215,0.00172562663664018,0.00207075196396823,0.00224331462763224,
0.00232959595946425,0.00241587729129626,0.00250215862312827,0.00258843995496028,
0.0027610026186243,0.00293356528228832,0.00310612794595233,0.00345125327328037,
0.00379637860060841,0.00396894126427243,0.00414150392793645,0.00422778525976846,
0.00431406659160047,0.00440034792343248,0.00448662925526448,0.0046591919189285,
0.00483175458259252,0.00517687990992056,0.00534944257358458,0.00543572390541659,
0.0055220052372486,0.00569456790091262,0.00586713056457663,0.00603969322824065,
0.00612597456007266,0.00621225589190467,0.00629853722373668,0.00638481855556869,
0.00655738121923271,0.00672994388289673,0.00690250654656075,0.00707506921022476,
0.00724763187388878,0.00759275720121682,0.00776531986488084,0.00793788252854486,
0.00802416386037687,0.00811044519220888,0.00819672652404089,0.0082830078558729,
0.00845557051953691,0.00862813318320093,0.00880069584686495,0.00897325851052897,
0.00914582117419299,0.00931838383785701,0.00949094650152103,0.00966350916518505,
0.0100086344925131,0.0103537598198411,0.0110440104744972),.UNSPECIFIED.);
#86=B_SPLINE_SURFACE_WITH_KNOTS('',1,3,((#8699,#8700,#8701,#8702,#8703,
#8704,#8705,#8706,#8707,#8708,#8709,#8710,#8711,#8712,#8713,#8714,#8715,
#8716,#8717,#8718,#8719,#8720,#8721,#8722,#8723,#8724,#8725,#8726,#8727,
#8728,#8729,#8730,#8731,#8732,#8733,#8734,#8735,#8736,#8737,#8738,#8739,
#8740,#8741,#8742,#8743,#8744,#8745,#8746,#8747,#8748,#8749,#8750,#8751,
#8752,#8753,#8754,#8755,#8756,#8757,#8758,#8759,#8760,#8761,#8762,#8763,
#8764,#8765,#8766,#8767,#8768,#8769,#8770,#8771,#8772,#8773,#8774,#8775,
#8776,#8777,#8778,#8779,#8780,#8781,#8782,#8783,#8784,#8785,#8786,#8787,
#8788,#8789,#8790,#8791,#8792,#8793,#8794,#8795,#8796,#8797,#8798,#8799,
#8800,#8801,#8802,#8803,#8804,#8805,#8806,#8807,#8808,#8809,#8810,#8811,
#8812),(#8813,#8814,#8815,#8816,#8817,#8818,#8819,#8820,#8821,#8822,#8823,
#8824,#8825,#8826,#8827,#8828,#8829,#8830,#8831,#8832,#8833,#8834,#8835,
#8836,#8837,#8838,#8839,#8840,#8841,#8842,#8843,#8844,#8845,#8846,#8847,
#8848,#8849,#8850,#8851,#8852,#8853,#8854,#8855,#8856,#8857,#8858,#8859,
#8860,#8861,#8862,#8863,#8864,#8865,#8866,#8867,#8868,#8869,#8870,#8871,
#8872,#8873,#8874,#8875,#8876,#8877,#8878,#8879,#8880,#8881,#8882,#8883,
#8884,#8885,#8886,#8887,#8888,#8889,#8890,#8891,#8892,#8893,#8894,#8895,
#8896,#8897,#8898,#8899,#8900,#8901,#8902,#8903,#8904,#8905,#8906,#8907,
#8908,#8909,#8910,#8911,#8912,#8913,#8914,#8915,#8916,#8917,#8918,#8919,
#8920,#8921,#8922,#8923,#8924,#8925,#8926)),.UNSPECIFIED.,.F.,.F.,.F.,(2,
2),(4,2,2,2,2,2,2,2,2,2,2,2,2,2,2,2,2,2,2,2,2,2,2,2,2,2,2,2,2,2,2,2,2,2,
2,2,2,2,2,2,2,2,2,2,2,2,2,2,2,2,2,2,2,2,2,2,4),(0.,1.),(0.,0.000690250654656114,
0.00138050130931223,0.00172562663664028,0.00207075196396835,0.00224331462763237,
0.00232959595946438,0.0024158772912964,0.00250215862312842,0.00258843995496043,
0.00276100261862446,0.00293356528228849,0.00310612794595251,0.00345125327328057,
0.00379637860060863,0.00396894126427266,0.00414150392793669,0.0042277852597687,
0.00431406659160072,0.00440034792343273,0.00448662925526474,0.00465919191892877,
0.0048317545825928,0.00517687990992086,0.00534944257358489,0.0054357239054169,
0.00552200523724892,0.00569456790091294,0.00586713056457697,0.006039693228241,
0.00612597456007302,0.00621225589190503,0.00629853722373704,0.00638481855556906,
0.00655738121923309,0.00672994388289712,0.00690250654656114,0.00707506921022517,
0.0072476318738892,0.00759275720121726,0.00776531986488129,0.00793788252854532,
0.00802416386037733,0.00811044519220934,0.00819672652404136,0.00828300785587337,
0.0084555705195374,0.00862813318320143,0.00880069584686546,0.00897325851052949,
0.00914582117419352,0.00931838383785755,0.00949094650152157,0.0096635091651856,
0.0100086344925137,0.0103537598198417,0.0110440104744978),.UNSPECIFIED.);
#87=CYLINDRICAL_SURFACE('',#2422,0.5);
#88=CYLINDRICAL_SURFACE('',#2425,0.5);
#89=CYLINDRICAL_SURFACE('',#2428,0.5);
#90=CYLINDRICAL_SURFACE('',#2431,0.5);
#91=CYLINDRICAL_SURFACE('',#2440,0.1);
#92=CYLINDRICAL_SURFACE('',#2443,0.1);
#93=CYLINDRICAL_SURFACE('',#2446,0.1);
#94=CYLINDRICAL_SURFACE('',#2449,0.1);
#95=CYLINDRICAL_SURFACE('',#2461,0.1);
#96=CYLINDRICAL_SURFACE('',#2464,0.1);
#97=CYLINDRICAL_SURFACE('',#2467,0.1);
#98=CYLINDRICAL_SURFACE('',#2470,0.1);
#99=CYLINDRICAL_SURFACE('',#2474,2.5527);
#100=CYLINDRICAL_SURFACE('',#2478,3.175);
#101=CYLINDRICAL_SURFACE('',#2480,1.4);
#102=CYLINDRICAL_SURFACE('',#2484,1.4);
#103=CYLINDRICAL_SURFACE('',#2488,1.4);
#104=CYLINDRICAL_SURFACE('',#2492,0.9);
#105=CYLINDRICAL_SURFACE('',#2496,0.9);
#106=CYLINDRICAL_SURFACE('',#2500,0.8);
#107=CYLINDRICAL_SURFACE('',#2503,0.8);
#108=CYLINDRICAL_SURFACE('',#2536,3.);
#109=CYLINDRICAL_SURFACE('',#2538,3.);
#110=CYLINDRICAL_SURFACE('',#2542,3.);
#111=CYLINDRICAL_SURFACE('',#2544,3.);
#112=CYLINDRICAL_SURFACE('',#2556,0.3);
#113=CYLINDRICAL_SURFACE('',#2559,0.3);
#114=CYLINDRICAL_SURFACE('',#2562,0.300000000000004);
#115=CYLINDRICAL_SURFACE('',#2565,0.3);
#116=CYLINDRICAL_SURFACE('',#2568,0.3);
#117=CYLINDRICAL_SURFACE('',#2571,0.3);
#118=CYLINDRICAL_SURFACE('',#2574,0.45);
#119=CYLINDRICAL_SURFACE('',#2577,0.45);
#120=CYLINDRICAL_SURFACE('',#2580,0.299999999999913);
#121=CYLINDRICAL_SURFACE('',#2593,1.25);
#122=CYLINDRICAL_SURFACE('',#2596,1.25);
#123=FACE_BOUND('',#359,.T.);
#124=FACE_BOUND('',#360,.T.);
#125=FACE_BOUND('',#371,.T.);
#126=FACE_BOUND('',#389,.T.);
#127=FACE_BOUND('',#415,.T.);
#128=FACE_BOUND('',#419,.T.);
#129=FACE_BOUND('',#447,.T.);
#130=FACE_BOUND('',#450,.T.);
#131=FACE_BOUND('',#453,.T.);
#132=FACE_BOUND('',#456,.T.);
#133=FACE_BOUND('',#457,.T.);
#134=FACE_BOUND('',#458,.T.);
#135=FACE_BOUND('',#472,.T.);
#136=CIRCLE('',#2414,1.25);
#137=CIRCLE('',#2415,1.25);
#138=CIRCLE('',#2417,0.5);
#139=CIRCLE('',#2418,0.5);
#140=CIRCLE('',#2419,0.5);
#141=CIRCLE('',#2420,0.5);
#142=CIRCLE('',#2423,0.5);
#143=CIRCLE('',#2426,0.5);
#144=CIRCLE('',#2429,0.5);
#145=CIRCLE('',#2432,0.5);
#146=CIRCLE('',#2438,0.1);
#147=CIRCLE('',#2439,0.1);
#148=CIRCLE('',#2441,0.0999999999999978);
#149=CIRCLE('',#2442,0.1);
#150=CIRCLE('',#2444,0.0999999999999976);
#151=CIRCLE('',#2445,0.1);
#152=CIRCLE('',#2447,0.0999999999999978);
#153=CIRCLE('',#2448,0.1);
#154=CIRCLE('',#2459,0.1);
#155=CIRCLE('',#2460,0.1);
#156=CIRCLE('',#2462,0.0999999999999961);
#157=CIRCLE('',#2463,0.1);
#158=CIRCLE('',#2465,0.1);
#159=CIRCLE('',#2466,0.1);
#160=CIRCLE('',#2468,0.0999999999999961);
#161=CIRCLE('',#2469,0.1);
#162=CIRCLE('',#2473,2.5527);
#163=CIRCLE('',#2475,2.5527);
#164=CIRCLE('',#2477,3.175);
#165=CIRCLE('',#2479,3.17500000001619);
#166=CIRCLE('',#2481,1.4);
#167=CIRCLE('',#2482,1.40000000002144);
#168=CIRCLE('',#2485,1.4);
#169=CIRCLE('',#2486,1.39999999997226);
#170=CIRCLE('',#2489,1.4);
#171=CIRCLE('',#2490,1.39999999997226);
#172=CIRCLE('',#2493,0.9);
#173=CIRCLE('',#2494,0.900000000014889);
#174=CIRCLE('',#2497,0.89999999999997);
#175=CIRCLE('',#2498,0.899999999988172);
#176=CIRCLE('',#2501,0.799999999976929);
#177=CIRCLE('',#2502,0.79999999997693);
#178=CIRCLE('',#2504,0.799999999976929);
#179=CIRCLE('',#2505,0.79999999997693);
#180=CIRCLE('',#2507,3.674999999987);
#181=CIRCLE('',#2509,1.59999999999627);
#182=CIRCLE('',#2512,1.59999999993943);
#183=CIRCLE('',#2515,1.59999999993943);
#184=CIRCLE('',#2518,1.09999999998456);
#185=CIRCLE('',#2521,1.10000000000809);
#186=CIRCLE('',#2524,1.0199999999827);
#187=CIRCLE('',#2526,1.0199999999827);
#188=CIRCLE('',#2534,3.);
#189=CIRCLE('',#2535,3.);
#190=CIRCLE('',#2537,3.);
#191=CIRCLE('',#2539,3.);
#192=CIRCLE('',#2540,3.);
#193=CIRCLE('',#2541,3.);
#194=CIRCLE('',#2543,3.);
#195=CIRCLE('',#2545,3.);
#196=CIRCLE('',#2547,0.3);
#197=CIRCLE('',#2548,0.3);
#198=CIRCLE('',#2549,0.300000000000004);
#199=CIRCLE('',#2550,0.3);
#200=CIRCLE('',#2551,0.3);
#201=CIRCLE('',#2552,0.3);
#202=CIRCLE('',#2553,0.45);
#203=CIRCLE('',#2554,0.45);
#204=CIRCLE('',#2555,0.299999999999913);
#205=CIRCLE('',#2557,0.3);
#206=CIRCLE('',#2560,0.3);
#207=CIRCLE('',#2563,0.300000000000004);
#208=CIRCLE('',#2566,0.3);
#209=CIRCLE('',#2569,0.3);
#210=CIRCLE('',#2572,0.3);
#211=CIRCLE('',#2575,0.45);
#212=CIRCLE('',#2578,0.45);
#213=CIRCLE('',#2581,0.299999999999913);
#214=CIRCLE('',#2594,1.25);
#215=CIRCLE('',#2597,1.25);
#216=FACE_OUTER_BOUND('',#358,.T.);
#217=FACE_OUTER_BOUND('',#361,.T.);
#218=FACE_OUTER_BOUND('',#362,.T.);
#219=FACE_OUTER_BOUND('',#363,.T.);
#220=FACE_OUTER_BOUND('',#364,.T.);
#221=FACE_OUTER_BOUND('',#365,.T.);
#222=FACE_OUTER_BOUND('',#366,.T.);
#223=FACE_OUTER_BOUND('',#367,.T.);
#224=FACE_OUTER_BOUND('',#368,.T.);
#225=FACE_OUTER_BOUND('',#369,.T.);
#226=FACE_OUTER_BOUND('',#370,.T.);
#227=FACE_OUTER_BOUND('',#372,.T.);
#228=FACE_OUTER_BOUND('',#373,.T.);
#229=FACE_OUTER_BOUND('',#374,.T.);
#230=FACE_OUTER_BOUND('',#375,.T.);
#231=FACE_OUTER_BOUND('',#376,.T.);
#232=FACE_OUTER_BOUND('',#377,.T.);
#233=FACE_OUTER_BOUND('',#378,.T.);
#234=FACE_OUTER_BOUND('',#379,.T.);
#235=FACE_OUTER_BOUND('',#380,.T.);
#236=FACE_OUTER_BOUND('',#381,.T.);
#237=FACE_OUTER_BOUND('',#382,.T.);
#238=FACE_OUTER_BOUND('',#383,.T.);
#239=FACE_OUTER_BOUND('',#384,.T.);
#240=FACE_OUTER_BOUND('',#385,.T.);
#241=FACE_OUTER_BOUND('',#386,.T.);
#242=FACE_OUTER_BOUND('',#387,.T.);
#243=FACE_OUTER_BOUND('',#388,.T.);
#244=FACE_OUTER_BOUND('',#390,.T.);
#245=FACE_OUTER_BOUND('',#391,.T.);
#246=FACE_OUTER_BOUND('',#392,.T.);
#247=FACE_OUTER_BOUND('',#393,.T.);
#248=FACE_OUTER_BOUND('',#394,.T.);
#249=FACE_OUTER_BOUND('',#395,.T.);
#250=FACE_OUTER_BOUND('',#396,.T.);
#251=FACE_OUTER_BOUND('',#397,.T.);
#252=FACE_OUTER_BOUND('',#398,.T.);
#253=FACE_OUTER_BOUND('',#399,.T.);
#254=FACE_OUTER_BOUND('',#400,.T.);
#255=FACE_OUTER_BOUND('',#401,.T.);
#256=FACE_OUTER_BOUND('',#402,.T.);
#257=FACE_OUTER_BOUND('',#403,.T.);
#258=FACE_OUTER_BOUND('',#404,.T.);
#259=FACE_OUTER_BOUND('',#405,.T.);
#260=FACE_OUTER_BOUND('',#406,.T.);
#261=FACE_OUTER_BOUND('',#407,.T.);
#262=FACE_OUTER_BOUND('',#408,.T.);
#263=FACE_OUTER_BOUND('',#409,.T.);
#264=FACE_OUTER_BOUND('',#410,.T.);
#265=FACE_OUTER_BOUND('',#411,.T.);
#266=FACE_OUTER_BOUND('',#412,.T.);
#267=FACE_OUTER_BOUND('',#413,.T.);
#268=FACE_OUTER_BOUND('',#414,.T.);
#269=FACE_OUTER_BOUND('',#416,.T.);
#270=FACE_OUTER_BOUND('',#417,.T.);
#271=FACE_OUTER_BOUND('',#418,.T.);
#272=FACE_OUTER_BOUND('',#420,.T.);
#273=FACE_OUTER_BOUND('',#421,.T.);
#274=FACE_OUTER_BOUND('',#422,.T.);
#275=FACE_OUTER_BOUND('',#423,.T.);
#276=FACE_OUTER_BOUND('',#424,.T.);
#277=FACE_OUTER_BOUND('',#425,.T.);
#278=FACE_OUTER_BOUND('',#426,.T.);
#279=FACE_OUTER_BOUND('',#427,.T.);
#280=FACE_OUTER_BOUND('',#428,.T.);
#281=FACE_OUTER_BOUND('',#429,.T.);
#282=FACE_OUTER_BOUND('',#430,.T.);
#283=FACE_OUTER_BOUND('',#431,.T.);
#284=FACE_OUTER_BOUND('',#432,.T.);
#285=FACE_OUTER_BOUND('',#433,.T.);
#286=FACE_OUTER_BOUND('',#434,.T.);
#287=FACE_OUTER_BOUND('',#435,.T.);
#288=FACE_OUTER_BOUND('',#436,.T.);
#289=FACE_OUTER_BOUND('',#437,.T.);
#290=FACE_OUTER_BOUND('',#438,.T.);
#291=FACE_OUTER_BOUND('',#439,.T.);
#292=FACE_OUTER_BOUND('',#440,.T.);
#293=FACE_OUTER_BOUND('',#441,.T.);
#294=FACE_OUTER_BOUND('',#442,.T.);
#295=FACE_OUTER_BOUND('',#443,.T.);
#296=FACE_OUTER_BOUND('',#444,.T.);
#297=FACE_OUTER_BOUND('',#445,.T.);
#298=FACE_OUTER_BOUND('',#446,.T.);
#299=FACE_OUTER_BOUND('',#448,.T.);
#300=FACE_OUTER_BOUND('',#449,.T.);
#301=FACE_OUTER_BOUND('',#451,.T.);
#302=FACE_OUTER_BOUND('',#452,.T.);
#303=FACE_OUTER_BOUND('',#454,.T.);
#304=FACE_OUTER_BOUND('',#455,.T.);
#305=FACE_OUTER_BOUND('',#459,.T.);
#306=FACE_OUTER_BOUND('',#460,.T.);
#307=FACE_OUTER_BOUND('',#461,.T.);
#308=FACE_OUTER_BOUND('',#462,.T.);
#309=FACE_OUTER_BOUND('',#463,.T.);
#310=FACE_OUTER_BOUND('',#464,.T.);
#311=FACE_OUTER_BOUND('',#465,.T.);
#312=FACE_OUTER_BOUND('',#466,.T.);
#313=FACE_OUTER_BOUND('',#467,.T.);
#314=FACE_OUTER_BOUND('',#468,.T.);
#315=FACE_OUTER_BOUND('',#469,.T.);
#316=FACE_OUTER_BOUND('',#470,.T.);
#317=FACE_OUTER_BOUND('',#471,.T.);
#318=FACE_OUTER_BOUND('',#473,.T.);
#319=FACE_OUTER_BOUND('',#474,.T.);
#320=FACE_OUTER_BOUND('',#475,.T.);
#321=FACE_OUTER_BOUND('',#476,.T.);
#322=FACE_OUTER_BOUND('',#477,.T.);
#323=FACE_OUTER_BOUND('',#478,.T.);
#324=FACE_OUTER_BOUND('',#479,.T.);
#325=FACE_OUTER_BOUND('',#480,.T.);
#326=FACE_OUTER_BOUND('',#481,.T.);
#327=FACE_OUTER_BOUND('',#482,.T.);
#328=FACE_OUTER_BOUND('',#483,.T.);
#329=FACE_OUTER_BOUND('',#484,.T.);
#330=FACE_OUTER_BOUND('',#485,.T.);
#331=FACE_OUTER_BOUND('',#486,.T.);
#332=FACE_OUTER_BOUND('',#487,.T.);
#333=FACE_OUTER_BOUND('',#488,.T.);
#334=FACE_OUTER_BOUND('',#489,.T.);
#335=FACE_OUTER_BOUND('',#490,.T.);
#336=FACE_OUTER_BOUND('',#491,.T.);
#337=FACE_OUTER_BOUND('',#492,.T.);
#338=FACE_OUTER_BOUND('',#493,.T.);
#339=FACE_OUTER_BOUND('',#494,.T.);
#340=FACE_OUTER_BOUND('',#495,.T.);
#341=FACE_OUTER_BOUND('',#496,.T.);
#342=FACE_OUTER_BOUND('',#497,.T.);
#343=FACE_OUTER_BOUND('',#498,.T.);
#344=FACE_OUTER_BOUND('',#499,.T.);
#345=FACE_OUTER_BOUND('',#500,.T.);
#346=FACE_OUTER_BOUND('',#501,.T.);
#347=FACE_OUTER_BOUND('',#502,.T.);
#348=FACE_OUTER_BOUND('',#503,.T.);
#349=FACE_OUTER_BOUND('',#504,.T.);
#350=FACE_OUTER_BOUND('',#505,.T.);
#351=FACE_OUTER_BOUND('',#506,.T.);
#352=FACE_OUTER_BOUND('',#507,.T.);
#353=FACE_OUTER_BOUND('',#508,.T.);
#354=FACE_OUTER_BOUND('',#509,.T.);
#355=FACE_OUTER_BOUND('',#510,.T.);
#356=FACE_OUTER_BOUND('',#511,.T.);
#357=FACE_OUTER_BOUND('',#512,.T.);
#358=EDGE_LOOP('',(#1514,#1515,#1516,#1517,#1518,#1519,#1520,#1521));
#359=EDGE_LOOP('',(#1522));
#360=EDGE_LOOP('',(#1523));
#361=EDGE_LOOP('',(#1524,#1525,#1526,#1527,#1528,#1529,#1530,#1531));
#362=EDGE_LOOP('',(#1532,#1533,#1534,#1535));
#363=EDGE_LOOP('',(#1536,#1537,#1538,#1539));
#364=EDGE_LOOP('',(#1540,#1541,#1542,#1543));
#365=EDGE_LOOP('',(#1544,#1545,#1546,#1547));
#366=EDGE_LOOP('',(#1548,#1549,#1550,#1551));
#367=EDGE_LOOP('',(#1552,#1553,#1554,#1555));
#368=EDGE_LOOP('',(#1556,#1557,#1558,#1559));
#369=EDGE_LOOP('',(#1560,#1561,#1562,#1563));
#370=EDGE_LOOP('',(#1564,#1565,#1566,#1567,#1568,#1569,#1570,#1571));
#371=EDGE_LOOP('',(#1572,#1573,#1574,#1575,#1576,#1577,#1578,#1579));
#372=EDGE_LOOP('',(#1580,#1581,#1582,#1583));
#373=EDGE_LOOP('',(#1584,#1585,#1586,#1587));
#374=EDGE_LOOP('',(#1588,#1589,#1590,#1591));
#375=EDGE_LOOP('',(#1592,#1593,#1594,#1595));
#376=EDGE_LOOP('',(#1596,#1597,#1598,#1599));
#377=EDGE_LOOP('',(#1600,#1601,#1602,#1603));
#378=EDGE_LOOP('',(#1604,#1605,#1606,#1607));
#379=EDGE_LOOP('',(#1608,#1609,#1610,#1611));
#380=EDGE_LOOP('',(#1612,#1613,#1614,#1615));
#381=EDGE_LOOP('',(#1616,#1617,#1618,#1619));
#382=EDGE_LOOP('',(#1620,#1621,#1622,#1623));
#383=EDGE_LOOP('',(#1624,#1625,#1626,#1627));
#384=EDGE_LOOP('',(#1628,#1629,#1630,#1631));
#385=EDGE_LOOP('',(#1632,#1633,#1634,#1635));
#386=EDGE_LOOP('',(#1636,#1637,#1638,#1639));
#387=EDGE_LOOP('',(#1640,#1641,#1642,#1643));
#388=EDGE_LOOP('',(#1644,#1645,#1646,#1647,#1648,#1649,#1650,#1651));
#389=EDGE_LOOP('',(#1652,#1653,#1654,#1655,#1656,#1657,#1658,#1659));
#390=EDGE_LOOP('',(#1660,#1661,#1662,#1663));
#391=EDGE_LOOP('',(#1664,#1665,#1666,#1667));
#392=EDGE_LOOP('',(#1668,#1669,#1670,#1671));
#393=EDGE_LOOP('',(#1672,#1673,#1674,#1675));
#394=EDGE_LOOP('',(#1676,#1677,#1678,#1679));
#395=EDGE_LOOP('',(#1680,#1681,#1682,#1683));
#396=EDGE_LOOP('',(#1684,#1685,#1686,#1687));
#397=EDGE_LOOP('',(#1688,#1689,#1690,#1691));
#398=EDGE_LOOP('',(#1692,#1693,#1694,#1695));
#399=EDGE_LOOP('',(#1696,#1697,#1698,#1699));
#400=EDGE_LOOP('',(#1700,#1701,#1702,#1703));
#401=EDGE_LOOP('',(#1704,#1705,#1706,#1707));
#402=EDGE_LOOP('',(#1708,#1709,#1710,#1711));
#403=EDGE_LOOP('',(#1712,#1713,#1714,#1715));
#404=EDGE_LOOP('',(#1716,#1717,#1718,#1719));
#405=EDGE_LOOP('',(#1720,#1721,#1722,#1723));
#406=EDGE_LOOP('',(#1724,#1725,#1726,#1727));
#407=EDGE_LOOP('',(#1728,#1729,#1730,#1731));
#408=EDGE_LOOP('',(#1732,#1733,#1734,#1735));
#409=EDGE_LOOP('',(#1736,#1737,#1738,#1739));
#410=EDGE_LOOP('',(#1740,#1741,#1742,#1743));
#411=EDGE_LOOP('',(#1744,#1745,#1746,#1747));
#412=EDGE_LOOP('',(#1748,#1749,#1750,#1751));
#413=EDGE_LOOP('',(#1752,#1753,#1754,#1755));
#414=EDGE_LOOP('',(#1756,#1757,#1758,#1759,#1760,#1761,#1762,#1763));
#415=EDGE_LOOP('',(#1764,#1765,#1766,#1767,#1768,#1769,#1770,#1771));
#416=EDGE_LOOP('',(#1772));
#417=EDGE_LOOP('',(#1773,#1774,#1775,#1776));
#418=EDGE_LOOP('',(#1777));
#419=EDGE_LOOP('',(#1778));
#420=EDGE_LOOP('',(#1779,#1780,#1781,#1782));
#421=EDGE_LOOP('',(#1783,#1784,#1785,#1786));
#422=EDGE_LOOP('',(#1787,#1788,#1789,#1790));
#423=EDGE_LOOP('',(#1791,#1792,#1793,#1794));
#424=EDGE_LOOP('',(#1795,#1796,#1797,#1798));
#425=EDGE_LOOP('',(#1799,#1800,#1801,#1802));
#426=EDGE_LOOP('',(#1803,#1804,#1805,#1806));
#427=EDGE_LOOP('',(#1807,#1808,#1809,#1810));
#428=EDGE_LOOP('',(#1811,#1812,#1813,#1814));
#429=EDGE_LOOP('',(#1815,#1816,#1817,#1818));
#430=EDGE_LOOP('',(#1819,#1820,#1821,#1822));
#431=EDGE_LOOP('',(#1823,#1824,#1825,#1826));
#432=EDGE_LOOP('',(#1827,#1828,#1829,#1830));
#433=EDGE_LOOP('',(#1831,#1832,#1833,#1834));
#434=EDGE_LOOP('',(#1835,#1836,#1837,#1838));
#435=EDGE_LOOP('',(#1839,#1840,#1841,#1842));
#436=EDGE_LOOP('',(#1843,#1844,#1845,#1846));
#437=EDGE_LOOP('',(#1847,#1848,#1849,#1850));
#438=EDGE_LOOP('',(#1851,#1852,#1853,#1854));
#439=EDGE_LOOP('',(#1855,#1856,#1857,#1858));
#440=EDGE_LOOP('',(#1859,#1860,#1861,#1862));
#441=EDGE_LOOP('',(#1863,#1864,#1865,#1866));
#442=EDGE_LOOP('',(#1867,#1868,#1869,#1870));
#443=EDGE_LOOP('',(#1871,#1872,#1873,#1874));
#444=EDGE_LOOP('',(#1875,#1876,#1877,#1878));
#445=EDGE_LOOP('',(#1879,#1880,#1881,#1882));
#446=EDGE_LOOP('',(#1883,#1884,#1885,#1886,#1887,#1888,#1889,#1890));
#447=EDGE_LOOP('',(#1891,#1892,#1893,#1894,#1895,#1896,#1897,#1898));
#448=EDGE_LOOP('',(#1899,#1900,#1901,#1902));
#449=EDGE_LOOP('',(#1903,#1904,#1905,#1906));
#450=EDGE_LOOP('',(#1907,#1908,#1909,#1910,#1911,#1912,#1913,#1914));
#451=EDGE_LOOP('',(#1915,#1916,#1917,#1918));
#452=EDGE_LOOP('',(#1919,#1920,#1921,#1922));
#453=EDGE_LOOP('',(#1923));
#454=EDGE_LOOP('',(#1924,#1925,#1926,#1927));
#455=EDGE_LOOP('',(#1928,#1929,#1930,#1931));
#456=EDGE_LOOP('',(#1932));
#457=EDGE_LOOP('',(#1933));
#458=EDGE_LOOP('',(#1934,#1935,#1936,#1937,#1938,#1939,#1940,#1941,#1942,
#1943));
#459=EDGE_LOOP('',(#1944,#1945,#1946,#1947));
#460=EDGE_LOOP('',(#1948,#1949,#1950,#1951));
#461=EDGE_LOOP('',(#1952));
#462=EDGE_LOOP('',(#1953));
#463=EDGE_LOOP('',(#1954,#1955,#1956,#1957));
#464=EDGE_LOOP('',(#1958,#1959,#1960,#1961));
#465=EDGE_LOOP('',(#1962,#1963,#1964,#1965));
#466=EDGE_LOOP('',(#1966,#1967,#1968,#1969));
#467=EDGE_LOOP('',(#1970,#1971,#1972,#1973));
#468=EDGE_LOOP('',(#1974,#1975,#1976,#1977));
#469=EDGE_LOOP('',(#1978,#1979,#1980,#1981));
#470=EDGE_LOOP('',(#1982,#1983,#1984,#1985));
#471=EDGE_LOOP('',(#1986,#1987,#1988,#1989,#1990,#1991,#1992,#1993,#1994,
#1995));
#472=EDGE_LOOP('',(#1996,#1997,#1998,#1999,#2000,#2001,#2002,#2003,#2004,
#2005,#2006,#2007,#2008,#2009,#2010,#2011,#2012,#2013));
#473=EDGE_LOOP('',(#2014,#2015,#2016,#2017));
#474=EDGE_LOOP('',(#2018,#2019,#2020,#2021));
#475=EDGE_LOOP('',(#2022,#2023,#2024,#2025));
#476=EDGE_LOOP('',(#2026,#2027,#2028,#2029));
#477=EDGE_LOOP('',(#2030,#2031,#2032,#2033));
#478=EDGE_LOOP('',(#2034,#2035,#2036,#2037));
#479=EDGE_LOOP('',(#2038,#2039,#2040,#2041));
#480=EDGE_LOOP('',(#2042,#2043,#2044,#2045));
#481=EDGE_LOOP('',(#2046,#2047,#2048,#2049));
#482=EDGE_LOOP('',(#2050,#2051,#2052,#2053));
#483=EDGE_LOOP('',(#2054,#2055,#2056,#2057));
#484=EDGE_LOOP('',(#2058,#2059,#2060,#2061));
#485=EDGE_LOOP('',(#2062,#2063,#2064,#2065));
#486=EDGE_LOOP('',(#2066,#2067,#2068,#2069));
#487=EDGE_LOOP('',(#2070,#2071,#2072,#2073));
#488=EDGE_LOOP('',(#2074,#2075,#2076,#2077));
#489=EDGE_LOOP('',(#2078,#2079,#2080,#2081));
#490=EDGE_LOOP('',(#2082,#2083,#2084,#2085));
#491=EDGE_LOOP('',(#2086,#2087,#2088,#2089,#2090,#2091,#2092,#2093,#2094,
#2095,#2096,#2097,#2098,#2099,#2100,#2101,#2102,#2103));
#492=EDGE_LOOP('',(#2104,#2105,#2106,#2107));
#493=EDGE_LOOP('',(#2108,#2109,#2110,#2111));
#494=EDGE_LOOP('',(#2112,#2113,#2114,#2115));
#495=EDGE_LOOP('',(#2116,#2117,#2118,#2119));
#496=EDGE_LOOP('',(#2120,#2121,#2122,#2123));
#497=EDGE_LOOP('',(#2124,#2125,#2126,#2127));
#498=EDGE_LOOP('',(#2128,#2129,#2130,#2131));
#499=EDGE_LOOP('',(#2132,#2133,#2134,#2135));
#500=EDGE_LOOP('',(#2136,#2137,#2138,#2139,#2140,#2141,#2142,#2143));
#501=EDGE_LOOP('',(#2144,#2145,#2146,#2147));
#502=EDGE_LOOP('',(#2148,#2149,#2150,#2151));
#503=EDGE_LOOP('',(#2152,#2153,#2154,#2155));
#504=EDGE_LOOP('',(#2156,#2157,#2158,#2159));
#505=EDGE_LOOP('',(#2160,#2161,#2162,#2163));
#506=EDGE_LOOP('',(#2164,#2165,#2166,#2167));
#507=EDGE_LOOP('',(#2168,#2169,#2170,#2171));
#508=EDGE_LOOP('',(#2172,#2173,#2174,#2175));
#509=EDGE_LOOP('',(#2176,#2177,#2178,#2179));
#510=EDGE_LOOP('',(#2180));
#511=EDGE_LOOP('',(#2181,#2182,#2183,#2184));
#512=EDGE_LOOP('',(#2185));
#513=B_SPLINE_CURVE_WITH_KNOTS('',3,(#3179,#3180,#3181,#3182,#3183,#3184,
#3185,#3186,#3187,#3188,#3189,#3190,#3191,#3192,#3193,#3194,#3195,#3196,
#3197,#3198,#3199,#3200,#3201,#3202,#3203,#3204,#3205,#3206,#3207,#3208,
#3209,#3210,#3211,#3212,#3213,#3214,#3215,#3216,#3217,#3218,#3219,#3220,
#3221,#3222,#3223,#3224,#3225,#3226,#3227,#3228,#3229,#3230,#3231,#3232,
#3233,#3234,#3235,#3236,#3237,#3238,#3239,#3240,#3241,#3242,#3243,#3244,
#3245,#3246,#3247,#3248,#3249,#3250,#3251,#3252,#3253,#3254,#3255,#3256,
#3257),.UNSPECIFIED.,.F.,.F.,(4,3,3,3,3,3,3,3,3,3,3,3,3,3,3,3,3,3,3,3,3,
3,3,3,3,3,4),(0.,0.000513735755534582,0.00102754053297493,0.00150472490123742,
0.0015413107994624,0.00185128525422424,0.00205508106594987,0.00231223383988967,
0.00256885133243734,0.00287004437988883,0.0030826215989248,0.00347978236732517,
0.00359639186541227,0.00398649287564336,0.00411016213189974,0.00440173190365584,
0.0046239323983872,0.00488112769486967,0.00513770266487467,0.00543014126695795,
0.00565147293136214,0.00606172360191884,0.0061652431978496,0.00667894646038976,
0.00719278373082454,0.00770659184292142,0.00822032426379947),
 .UNSPECIFIED.);
#514=B_SPLINE_CURVE_WITH_KNOTS('',3,(#3261,#3262,#3263,#3264,#3265,#3266,
#3267,#3268,#3269,#3270,#3271,#3272,#3273,#3274,#3275,#3276,#3277,#3278,
#3279,#3280,#3281,#3282,#3283,#3284,#3285,#3286,#3287,#3288,#3289,#3290,
#3291,#3292,#3293,#3294,#3295,#3296,#3297,#3298,#3299,#3300,#3301,#3302,
#3303,#3304,#3305,#3306,#3307,#3308,#3309,#3310,#3311,#3312,#3313,#3314,
#3315,#3316,#3317,#3318,#3319,#3320,#3321,#3322,#3323,#3324,#3325,#3326,
#3327,#3328,#3329,#3330,#3331,#3332,#3333,#3334,#3335,#3336,#3337,#3338,
#3339),.UNSPECIFIED.,.F.,.F.,(4,3,3,3,3,3,3,3,3,3,3,3,3,3,3,3,3,3,3,3,3,
3,3,3,3,3,4),(0.,0.000513735755534582,0.00102754053297493,0.00150472490123742,
0.0015413107994624,0.00185128525422424,0.00205508106594987,0.00231223383988967,
0.00256885133243734,0.00287004437988883,0.0030826215989248,0.00347978236732517,
0.00359639186541227,0.00398649287564336,0.00411016213189974,0.00440173190365584,
0.0046239323983872,0.00488112769486967,0.00513770266487467,0.00543014126695795,
0.00565147293136214,0.00606172360191884,0.0061652431978496,0.00667894646038976,
0.00719278373082454,0.00770659184292142,0.00822032426379947),
 .UNSPECIFIED.);
#515=B_SPLINE_CURVE_WITH_KNOTS('',3,(#3343,#3344,#3345,#3346,#3347,#3348,
#3349,#3350,#3351,#3352,#3353,#3354,#3355,#3356,#3357,#3358,#3359,#3360,
#3361,#3362,#3363,#3364,#3365,#3366,#3367,#3368,#3369,#3370,#3371,#3372,
#3373,#3374,#3375,#3376,#3377,#3378,#3379,#3380,#3381,#3382,#3383,#3384,
#3385,#3386,#3387,#3388,#3389,#3390,#3391,#3392,#3393,#3394,#3395,#3396,
#3397,#3398,#3399,#3400,#3401,#3402,#3403,#3404,#3405,#3406,#3407,#3408,
#3409,#3410,#3411,#3412,#3413,#3414,#3415,#3416,#3417,#3418,#3419,#3420,
#3421),.UNSPECIFIED.,.F.,.F.,(4,3,3,3,3,3,3,3,3,3,3,3,3,3,3,3,3,3,3,3,3,
3,3,3,3,3,4),(0.,0.000513735755534582,0.00102754053297493,0.00150472490123742,
0.0015413107994624,0.00185128525422424,0.00205508106594987,0.00231223383988967,
0.00256885133243734,0.00287004437988883,0.0030826215989248,0.00347978236732517,
0.00359639186541227,0.00398649287564336,0.00411016213189974,0.00440173190365584,
0.0046239323983872,0.00488112769486967,0.00513770266487467,0.00543014126695795,
0.00565147293136214,0.00606172360191884,0.0061652431978496,0.00667894646038976,
0.00719278373082454,0.00770659184292142,0.00822032426379947),
 .UNSPECIFIED.);
#516=B_SPLINE_CURVE_WITH_KNOTS('',3,(#3424,#3425,#3426,#3427,#3428,#3429,
#3430,#3431,#3432,#3433,#3434,#3435,#3436,#3437,#3438,#3439,#3440,#3441,
#3442,#3443,#3444,#3445,#3446,#3447,#3448,#3449,#3450,#3451,#3452,#3453,
#3454,#3455,#3456,#3457,#3458,#3459,#3460,#3461,#3462,#3463,#3464,#3465,
#3466,#3467,#3468,#3469,#3470,#3471,#3472,#3473,#3474,#3475,#3476,#3477,
#3478,#3479,#3480,#3481,#3482,#3483,#3484,#3485,#3486,#3487,#3488,#3489,
#3490,#3491,#3492,#3493,#3494,#3495,#3496,#3497,#3498,#3499,#3500,#3501,
#3502),.UNSPECIFIED.,.F.,.F.,(4,3,3,3,3,3,3,3,3,3,3,3,3,3,3,3,3,3,3,3,3,
3,3,3,3,3,4),(0.,0.000513735755534582,0.00102754053297493,0.00150472490123742,
0.0015413107994624,0.00185128525422424,0.00205508106594987,0.00231223383988967,
0.00256885133243734,0.00287004437988883,0.0030826215989248,0.00347978236732517,
0.00359639186541227,0.00398649287564336,0.00411016213189974,0.00440173190365584,
0.0046239323983872,0.00488112769486967,0.00513770266487467,0.00543014126695795,
0.00565147293136214,0.00606172360191884,0.0061652431978496,0.00667894646038976,
0.00719278373082454,0.00770659184292142,0.00822032426379947),
 .UNSPECIFIED.);
#517=B_SPLINE_CURVE_WITH_KNOTS('',3,(#3561,#3562,#3563,#3564,#3565,#3566,
#3567,#3568,#3569,#3570,#3571,#3572,#3573,#3574,#3575,#3576,#3577,#3578,
#3579,#3580,#3581,#3582,#3583,#3584),.UNSPECIFIED.,.F.,.F.,(4,2,2,2,2,2,
2,2,2,2,2,4),(0.,0.125,0.1875,0.25,0.375,0.4375,0.5,0.625,0.6875,0.75,0.875,
1.),.UNSPECIFIED.);
#518=B_SPLINE_CURVE_WITH_KNOTS('',3,(#3588,#3589,#3590,#3591,#3592,#3593,
#3594,#3595,#3596,#3597,#3598,#3599,#3600,#3601,#3602,#3603,#3604,#3605,
#3606,#3607,#3608,#3609,#3610,#3611),.UNSPECIFIED.,.F.,.F.,(4,2,2,2,2,2,
2,2,2,2,2,4),(0.,0.125,0.1875,0.25,0.375,0.4375,0.5,0.625,0.6875,0.75,0.875,
1.),.UNSPECIFIED.);
#519=B_SPLINE_CURVE_WITH_KNOTS('',3,(#3615,#3616,#3617,#3618,#3619,#3620,
#3621,#3622,#3623,#3624,#3625,#3626,#3627,#3628,#3629,#3630,#3631,#3632,
#3633,#3634,#3635,#3636,#3637,#3638),.UNSPECIFIED.,.F.,.F.,(4,2,2,2,2,2,
2,2,2,2,2,4),(0.,0.125,0.1875,0.25,0.375,0.4375,0.5,0.625,0.6875,0.75,0.875,
1.),.UNSPECIFIED.);
#520=B_SPLINE_CURVE_WITH_KNOTS('',3,(#3641,#3642,#3643,#3644,#3645,#3646,
#3647,#3648,#3649,#3650,#3651,#3652,#3653,#3654,#3655,#3656,#3657,#3658,
#3659,#3660,#3661,#3662,#3663,#3664),.UNSPECIFIED.,.F.,.F.,(4,2,2,2,2,2,
2,2,2,2,2,4),(0.,0.125,0.1875,0.25,0.375,0.4375,0.5,0.625,0.6875,0.75,0.875,
1.),.UNSPECIFIED.);
#521=B_SPLINE_CURVE_WITH_KNOTS('',3,(#3669,#3670,#3671,#3672,#3673,#3674,
#3675,#3676,#3677,#3678,#3679,#3680,#3681,#3682,#3683),.UNSPECIFIED.,.F.,
 .F.,(4,1,1,1,1,1,1,1,1,1,1,1,4),(0.,0.125,0.1875,0.25,0.3125,0.375,0.5,
0.5625,0.625,0.75,0.8125,0.875,1.),.UNSPECIFIED.);
#522=B_SPLINE_CURVE_WITH_KNOTS('',3,(#3687,#3688,#3689,#3690,#3691,#3692,
#3693,#3694,#3695,#3696,#3697,#3698,#3699,#3700,#3701),.UNSPECIFIED.,.F.,
 .F.,(4,1,1,1,1,1,1,1,1,1,1,1,4),(0.,0.125,0.1875,0.25,0.3125,0.375,0.5,
0.5625,0.625,0.75,0.8125,0.875,1.),.UNSPECIFIED.);
#523=B_SPLINE_CURVE_WITH_KNOTS('',3,(#3705,#3706,#3707,#3708,#3709,#3710,
#3711,#3712,#3713,#3714,#3715,#3716,#3717,#3718,#3719),.UNSPECIFIED.,.F.,
 .F.,(4,1,1,1,1,1,1,1,1,1,1,1,4),(0.,0.125,0.1875,0.25,0.3125,0.375,0.5,
0.5625,0.625,0.75,0.8125,0.875,1.),.UNSPECIFIED.);
#524=B_SPLINE_CURVE_WITH_KNOTS('',3,(#3722,#3723,#3724,#3725,#3726,#3727,
#3728,#3729,#3730,#3731,#3732,#3733,#3734,#3735,#3736),.UNSPECIFIED.,.F.,
 .F.,(4,1,1,1,1,1,1,1,1,1,1,1,4),(0.,0.125,0.1875,0.25,0.3125,0.375,0.5,
0.5625,0.625,0.75,0.8125,0.875,1.),.UNSPECIFIED.);
#525=B_SPLINE_CURVE_WITH_KNOTS('',3,(#3777,#3778,#3779,#3780,#3781,#3782,
#3783,#3784,#3785,#3786,#3787,#3788,#3789,#3790,#3791),.UNSPECIFIED.,.F.,
 .F.,(4,1,1,1,1,1,1,1,1,1,1,1,4),(-1.,-0.875,-0.8125,-0.75,-0.625,-0.5625,
-0.5,-0.375,-0.3125,-0.25,-0.1875,-0.125,0.),.UNSPECIFIED.);
#526=B_SPLINE_CURVE_WITH_KNOTS('',3,(#3794,#3795,#3796,#3797,#3798,#3799,
#3800,#3801,#3802,#3803,#3804,#3805,#3806,#3807,#3808),.UNSPECIFIED.,.F.,
 .F.,(4,1,1,1,1,1,1,1,1,1,1,1,4),(0.,0.125,0.1875,0.25,0.3125,0.375,0.5,
0.5625,0.625,0.75,0.8125,0.875,1.),.UNSPECIFIED.);
#527=B_SPLINE_CURVE_WITH_KNOTS('',3,(#3846,#3847,#3848,#3849,#3850,#3851,
#3852,#3853,#3854,#3855,#3856,#3857,#3858,#3859,#3860),.UNSPECIFIED.,.F.,
 .F.,(4,1,1,1,1,1,1,1,1,1,1,1,4),(-1.,-0.875,-0.8125,-0.75,-0.625,-0.5625,
-0.5,-0.375,-0.3125,-0.25,-0.1875,-0.125,0.),.UNSPECIFIED.);
#528=B_SPLINE_CURVE_WITH_KNOTS('',3,(#3863,#3864,#3865,#3866,#3867,#3868,
#3869,#3870,#3871,#3872,#3873,#3874,#3875,#3876,#3877),.UNSPECIFIED.,.F.,
 .F.,(4,1,1,1,1,1,1,1,1,1,1,1,4),(0.,0.125,0.1875,0.25,0.3125,0.375,0.5,
0.5625,0.625,0.75,0.8125,0.875,1.),.UNSPECIFIED.);
#529=B_SPLINE_CURVE_WITH_KNOTS('',3,(#3915,#3916,#3917,#3918,#3919,#3920,
#3921,#3922,#3923,#3924,#3925,#3926,#3927,#3928,#3929),.UNSPECIFIED.,.F.,
 .F.,(4,1,1,1,1,1,1,1,1,1,1,1,4),(-1.,-0.875,-0.8125,-0.75,-0.625,-0.5625,
-0.5,-0.375,-0.3125,-0.25,-0.1875,-0.125,0.),.UNSPECIFIED.);
#530=B_SPLINE_CURVE_WITH_KNOTS('',3,(#3932,#3933,#3934,#3935,#3936,#3937,
#3938,#3939,#3940,#3941,#3942,#3943,#3944,#3945,#3946),.UNSPECIFIED.,.F.,
 .F.,(4,1,1,1,1,1,1,1,1,1,1,1,4),(0.,0.125,0.1875,0.25,0.3125,0.375,0.5,
0.5625,0.625,0.75,0.8125,0.875,1.),.UNSPECIFIED.);
#531=B_SPLINE_CURVE_WITH_KNOTS('',3,(#3978,#3979,#3980,#3981,#3982,#3983,
#3984,#3985,#3986,#3987,#3988,#3989,#3990,#3991,#3992),.UNSPECIFIED.,.F.,
 .F.,(4,1,1,1,1,1,1,1,1,1,1,1,4),(-1.,-0.875,-0.8125,-0.75,-0.625,-0.5625,
-0.5,-0.375,-0.3125,-0.25,-0.1875,-0.125,0.),.UNSPECIFIED.);
#532=B_SPLINE_CURVE_WITH_KNOTS('',3,(#3994,#3995,#3996,#3997,#3998,#3999,
#4000,#4001,#4002,#4003,#4004,#4005,#4006,#4007,#4008),.UNSPECIFIED.,.F.,
 .F.,(4,1,1,1,1,1,1,1,1,1,1,1,4),(0.,0.125,0.1875,0.25,0.3125,0.375,0.5,
0.5625,0.625,0.75,0.8125,0.875,1.),.UNSPECIFIED.);
#533=B_SPLINE_CURVE_WITH_KNOTS('',3,(#4089,#4090,#4091,#4092,#4093,#4094,
#4095,#4096,#4097,#4098,#4099,#4100,#4101,#4102,#4103,#4104,#4105,#4106,
#4107,#4108,#4109,#4110,#4111,#4112,#4113,#4114,#4115,#4116,#4117,#4118,
#4119,#4120,#4121,#4122),.UNSPECIFIED.,.F.,.F.,(4,3,3,3,3,3,3,3,3,3,3,4),
(-1.,-0.875,-0.75,-0.6875,-0.625,-0.5625,-0.499999999999999,-0.374999999999999,
-0.249999999999999,-0.1875,-0.124999999999999,0.),.UNSPECIFIED.);
#534=B_SPLINE_CURVE_WITH_KNOTS('',5,(#4125,#4126,#4127,#4128,#4129,#4130),
 .UNSPECIFIED.,.F.,.F.,(6,6),(-1.,0.),.UNSPECIFIED.);
#535=B_SPLINE_CURVE_WITH_KNOTS('',3,(#4212,#4213,#4214,#4215,#4216,#4217,
#4218,#4219,#4220,#4221,#4222,#4223,#4224,#4225,#4226,#4227,#4228,#4229,
#4230,#4231,#4232,#4233,#4234,#4235,#4236,#4237,#4238,#4239,#4240,#4241,
#4242,#4243,#4244,#4245),.UNSPECIFIED.,.F.,.F.,(4,3,3,3,3,3,3,3,3,3,3,4),
(-1.,-0.875,-0.75,-0.6875,-0.625,-0.5625,-0.499999999999999,-0.374999999999999,
-0.249999999999999,-0.1875,-0.124999999999999,0.),.UNSPECIFIED.);
#536=B_SPLINE_CURVE_WITH_KNOTS('',5,(#4246,#4247,#4248,#4249,#4250,#4251),
 .UNSPECIFIED.,.F.,.F.,(6,6),(-1.,0.),.UNSPECIFIED.);
#537=B_SPLINE_CURVE_WITH_KNOTS('',3,(#4333,#4334,#4335,#4336,#4337,#4338,
#4339,#4340,#4341,#4342,#4343,#4344,#4345,#4346,#4347,#4348,#4349,#4350,
#4351,#4352,#4353,#4354,#4355,#4356,#4357,#4358,#4359,#4360,#4361,#4362,
#4363,#4364,#4365,#4366),.UNSPECIFIED.,.F.,.F.,(4,3,3,3,3,3,3,3,3,3,3,4),
(-1.,-0.875,-0.75,-0.6875,-0.625,-0.5625,-0.5,-0.375,-0.25,-0.1875,-0.125000000000001,
0.),.UNSPECIFIED.);
#538=B_SPLINE_CURVE_WITH_KNOTS('',5,(#4367,#4368,#4369,#4370,#4371,#4372),
 .UNSPECIFIED.,.F.,.F.,(6,6),(-1.,0.),.UNSPECIFIED.);
#539=B_SPLINE_CURVE_WITH_KNOTS('',5,(#4452,#4453,#4454,#4455,#4456,#4457),
 .UNSPECIFIED.,.F.,.F.,(6,6),(-1.,0.),.UNSPECIFIED.);
#540=B_SPLINE_CURVE_WITH_KNOTS('',3,(#4460,#4461,#4462,#4463,#4464,#4465,
#4466,#4467,#4468,#4469,#4470,#4471,#4472,#4473,#4474,#4475,#4476,#4477,
#4478,#4479,#4480,#4481,#4482,#4483,#4484,#4485,#4486,#4487,#4488,#4489,
#4490,#4491,#4492,#4493),.UNSPECIFIED.,.F.,.F.,(4,3,3,3,3,3,3,3,3,3,3,4),
(-1.,-0.875,-0.75,-0.6875,-0.625,-0.5625,-0.5,-0.375,-0.249999999999999,
-0.187499999999999,-0.125,0.),.UNSPECIFIED.);
#541=B_SPLINE_CURVE_WITH_KNOTS('',3,(#4500,#4501,#4502,#4503,#4504,#4505,
#4506,#4507,#4508,#4509,#4510,#4511,#4512,#4513,#4514,#4515,#4516,#4517,
#4518,#4519,#4520,#4521,#4522,#4523),.UNSPECIFIED.,.F.,.F.,(4,2,2,2,2,2,
2,2,2,2,2,4),(0.,0.125,0.1875,0.25,0.375,0.4375,0.5,0.625,0.6875,0.75,0.875,
1.),.UNSPECIFIED.);
#542=B_SPLINE_CURVE_WITH_KNOTS('',3,(#4527,#4528,#4529,#4530,#4531,#4532,
#4533,#4534,#4535,#4536,#4537,#4538,#4539,#4540,#4541,#4542,#4543,#4544,
#4545,#4546,#4547,#4548,#4549,#4550),.UNSPECIFIED.,.F.,.F.,(4,2,2,2,2,2,
2,2,2,2,2,4),(0.,0.125,0.1875,0.25,0.375,0.4375,0.5,0.625,0.6875,0.75,0.875,
1.),.UNSPECIFIED.);
#543=B_SPLINE_CURVE_WITH_KNOTS('',3,(#4554,#4555,#4556,#4557,#4558,#4559,
#4560,#4561,#4562,#4563,#4564,#4565,#4566,#4567,#4568,#4569,#4570,#4571,
#4572,#4573,#4574,#4575,#4576,#4577),.UNSPECIFIED.,.F.,.F.,(4,2,2,2,2,2,
2,2,2,2,2,4),(0.,0.125,0.1875,0.25,0.375,0.4375,0.5,0.625,0.6875,0.75,0.875,
1.),.UNSPECIFIED.);
#544=B_SPLINE_CURVE_WITH_KNOTS('',3,(#4581,#4582,#4583,#4584,#4585,#4586,
#4587,#4588,#4589,#4590,#4591,#4592,#4593,#4594,#4595,#4596,#4597,#4598,
#4599,#4600,#4601,#4602,#4603,#4604),.UNSPECIFIED.,.F.,.F.,(4,2,2,2,2,2,
2,2,2,2,2,4),(0.,0.125,0.1875,0.25,0.375,0.4375,0.5,0.625,0.6875,0.75,0.875,
1.),.UNSPECIFIED.);
#545=B_SPLINE_CURVE_WITH_KNOTS('',3,(#4622,#4623,#4624,#4625,#4626,#4627,
#4628,#4629,#4630,#4631,#4632,#4633,#4634,#4635,#4636,#4637,#4638,#4639,
#4640,#4641,#4642,#4643,#4644,#4645,#4646,#4647,#4648,#4649,#4650,#4651,
#4652,#4653,#4654,#4655,#4656,#4657,#4658,#4659,#4660,#4661,#4662,#4663,
#4664,#4665,#4666,#4667,#4668,#4669,#4670,#4671,#4672,#4673,#4674,#4675,
#4676,#4677,#4678,#4679,#4680,#4681,#4682,#4683,#4684,#4685,#4686,#4687,
#4688,#4689,#4690,#4691,#4692,#4693,#4694,#4695,#4696,#4697,#4698,#4699,
#4700,#4701,#4702,#4703,#4704,#4705,#4706,#4707,#4708,#4709,#4710,#4711,
#4712,#4713,#4714,#4715,#4716,#4717,#4718,#4719,#4720,#4721,#4722,#4723,
#4724,#4725,#4726,#4727,#4728,#4729,#4730),.UNSPECIFIED.,.F.,.F.,(4,3,3,
3,3,3,3,3,3,3,3,3,3,3,3,3,3,3,3,3,3,3,3,3,3,3,3,3,3,3,3,3,3,3,3,3,4),(-1.,
-0.975727729749748,-0.951164471535192,-0.926289094846106,-0.901077630628996,
-0.875502718630077,-0.8495329187022,-0.822894632591366,-0.795766413940463,
-0.768095971075353,-0.739821648495643,-0.710870718112988,-0.681158101168193,
-0.650587037143642,-0.619055746317063,-0.586480008939444,-0.552851785706776,
-0.518074640194199,-0.483256787805626,-0.449020979415155,-0.415744101753468,
-0.383531161762727,-0.352337909603792,-0.322068210606446,-0.292619127833895,
-0.263896741348983,-0.235819929244654,-0.208319914731278,-0.181584846095029,
-0.155268187155796,-0.129335919994399,-0.103758475332946,-0.0778188564997092,
-0.053013941480658,-0.0284476447300109,-0.00419193629376844,0.),
 .UNSPECIFIED.);
#546=B_SPLINE_CURVE_WITH_KNOTS('',3,(#4749,#4750,#4751,#4752,#4753,#4754,
#4755,#4756,#4757,#4758,#4759,#4760,#4761,#4762,#4763,#4764,#4765,#4766,
#4767,#4768,#4769,#4770,#4771,#4772,#4773,#4774,#4775,#4776,#4777,#4778,
#4779,#4780,#4781,#4782,#4783,#4784,#4785,#4786,#4787,#4788,#4789,#4790,
#4791,#4792,#4793,#4794,#4795,#4796,#4797,#4798,#4799,#4800,#4801,#4802,
#4803,#4804,#4805,#4806,#4807,#4808,#4809,#4810,#4811,#4812,#4813,#4814,
#4815,#4816,#4817,#4818,#4819,#4820,#4821,#4822,#4823,#4824,#4825,#4826,
#4827,#4828,#4829,#4830,#4831,#4832,#4833,#4834,#4835,#4836,#4837,#4838,
#4839,#4840,#4841,#4842,#4843,#4844,#4845,#4846,#4847,#4848,#4849,#4850,
#4851,#4852,#4853,#4854,#4855,#4856,#4857),.UNSPECIFIED.,.F.,.F.,(4,3,3,
3,3,3,3,3,3,3,3,3,3,3,3,3,3,3,3,3,3,3,3,3,3,3,3,3,3,3,3,3,3,3,3,3,4),(-1.,
-0.975727729749759,-0.951164471535195,-0.92628909484607,-0.901077630628963,
-0.875502718630063,-0.849532918702203,-0.822894632591363,-0.795766413940452,
-0.76809597107533,-0.739821648495618,-0.710870718112957,-0.68115810116816,
-0.650587037143599,-0.619055746317027,-0.586480008939399,-0.552851785706729,
-0.518074640194155,-0.483256787805586,-0.449020979415113,-0.415744101753434,
-0.383531161762698,-0.352337909603763,-0.322068210606425,-0.292619127833871,
-0.263896741348956,-0.235819929244628,-0.208319914731246,-0.181584846094997,
-0.155268187155763,-0.129335919994368,-0.103758475332911,-0.0778188564996829,
-0.0530139414806318,-0.0284476447299813,-0.00419193629373497,0.),
 .UNSPECIFIED.);
#547=B_SPLINE_CURVE_WITH_KNOTS('',3,(#4876,#4877,#4878,#4879,#4880,#4881,
#4882,#4883,#4884,#4885,#4886,#4887,#4888,#4889,#4890,#4891,#4892,#4893,
#4894,#4895,#4896,#4897,#4898,#4899,#4900,#4901,#4902,#4903,#4904,#4905,
#4906,#4907,#4908,#4909,#4910,#4911,#4912,#4913,#4914,#4915,#4916,#4917,
#4918,#4919,#4920,#4921,#4922,#4923,#4924,#4925,#4926,#4927,#4928,#4929,
#4930,#4931,#4932,#4933,#4934,#4935,#4936,#4937,#4938,#4939,#4940,#4941,
#4942,#4943,#4944,#4945,#4946,#4947,#4948,#4949,#4950,#4951,#4952,#4953,
#4954,#4955,#4956,#4957,#4958,#4959,#4960,#4961,#4962,#4963,#4964,#4965,
#4966,#4967,#4968,#4969,#4970,#4971,#4972,#4973,#4974,#4975,#4976,#4977,
#4978,#4979,#4980,#4981,#4982,#4983,#4984),.UNSPECIFIED.,.F.,.F.,(4,3,3,
3,3,3,3,3,3,3,3,3,3,3,3,3,3,3,3,3,3,3,3,3,3,3,3,3,3,3,3,3,3,3,3,3,4),(-1.,
-0.975727729749762,-0.95116447153516,-0.92628909484606,-0.901077630629006,
-0.875502718630138,-0.849532918702275,-0.822894632591437,-0.795766413940531,
-0.768095971075416,-0.739821648495717,-0.710870718113059,-0.681158101168253,
-0.650587037143695,-0.619055746317129,-0.586480008939512,-0.552851785706844,
-0.518074640194267,-0.483256787805693,-0.449020979415221,-0.415744101753536,
-0.383531161762801,-0.35233790960387,-0.322068210606523,-0.292619127833972,
-0.26389674134906,-0.235819929244723,-0.208319914731343,-0.181584846095093,
-0.155268187155857,-0.129335919994458,-0.103758475333004,-0.077818856499753,
-0.0530139414807002,-0.0284476447300541,-0.00419193629380998,0.),
 .UNSPECIFIED.);
#548=B_SPLINE_CURVE_WITH_KNOTS('',3,(#5003,#5004,#5005,#5006,#5007,#5008,
#5009,#5010,#5011,#5012,#5013,#5014,#5015,#5016,#5017,#5018,#5019,#5020,
#5021,#5022,#5023,#5024,#5025,#5026,#5027,#5028,#5029,#5030,#5031,#5032,
#5033,#5034,#5035,#5036,#5037,#5038,#5039,#5040,#5041,#5042,#5043,#5044,
#5045,#5046,#5047,#5048,#5049,#5050,#5051,#5052,#5053,#5054,#5055,#5056,
#5057,#5058,#5059,#5060,#5061,#5062,#5063,#5064,#5065,#5066,#5067,#5068,
#5069,#5070,#5071,#5072,#5073,#5074,#5075,#5076,#5077,#5078,#5079,#5080,
#5081,#5082,#5083,#5084,#5085,#5086,#5087,#5088,#5089,#5090,#5091,#5092,
#5093,#5094,#5095,#5096,#5097,#5098,#5099,#5100,#5101,#5102,#5103,#5104,
#5105,#5106,#5107,#5108,#5109,#5110,#5111),.UNSPECIFIED.,.F.,.F.,(4,3,3,
3,3,3,3,3,3,3,3,3,3,3,3,3,3,3,3,3,3,3,3,3,3,3,3,3,3,3,3,3,3,3,3,3,4),(-1.,
-0.975727729749771,-0.951164471535191,-0.9262890948461,-0.901077630629027,
-0.875502718630143,-0.849532918702272,-0.822894632591434,-0.795766413940534,
-0.768095971075428,-0.739821648495722,-0.710870718113064,-0.681158101168272,
-0.650587037143705,-0.619055746317128,-0.586480008939509,-0.552851785706863,
-0.518074640194287,-0.483256787805709,-0.449020979415231,-0.415744101753548,
-0.383531161762807,-0.352337909603869,-0.322068210606524,-0.292619127833971,
-0.263896741349058,-0.235819929244721,-0.208319914731343,-0.181584846095093,
-0.15526818715586,-0.129335919994463,-0.103758475333006,-0.0778188564997544,
-0.0530139414807002,-0.0284476447300506,-0.00419193629380511,0.),
 .UNSPECIFIED.);
#549=B_SPLINE_CURVE_WITH_KNOTS('',3,(#5393,#5394,#5395,#5396,#5397,#5398,
#5399,#5400,#5401,#5402,#5403,#5404,#5405,#5406,#5407,#5408,#5409,#5410,
#5411,#5412,#5413,#5414,#5415,#5416,#5417,#5418,#5419,#5420,#5421,#5422,
#5423,#5424,#5425,#5426),.UNSPECIFIED.,.F.,.F.,(4,3,3,3,3,3,3,3,3,3,3,4),
(0.,0.125,0.25,0.3125,0.375,0.4375,0.5,0.625,0.75,0.812499999999999,0.874999999999999,
1.),.UNSPECIFIED.);
#550=B_SPLINE_CURVE_WITH_KNOTS('',3,(#5505,#5506,#5507,#5508,#5509,#5510,
#5511,#5512,#5513,#5514,#5515,#5516,#5517,#5518,#5519,#5520,#5521,#5522,
#5523,#5524,#5525,#5526,#5527,#5528,#5529,#5530,#5531,#5532,#5533,#5534,
#5535,#5536,#5537,#5538),.UNSPECIFIED.,.F.,.F.,(4,3,3,3,3,3,3,3,3,3,3,4),
(0.,0.125,0.25,0.3125,0.375,0.4375,0.500000000000001,0.625000000000001,
0.750000000000001,0.8125,0.875000000000001,1.),.UNSPECIFIED.);
#551=B_SPLINE_CURVE_WITH_KNOTS('',3,(#5618,#5619,#5620,#5621,#5622,#5623,
#5624,#5625,#5626,#5627,#5628,#5629,#5630,#5631,#5632,#5633,#5634,#5635,
#5636,#5637,#5638,#5639,#5640,#5641,#5642,#5643,#5644,#5645,#5646,#5647,
#5648,#5649,#5650,#5651),.UNSPECIFIED.,.F.,.F.,(4,3,3,3,3,3,3,3,3,3,3,4),
(0.,0.125,0.25,0.3125,0.375,0.4375,0.5,0.625,0.750000000000001,0.8125,0.875000000000001,
1.),.UNSPECIFIED.);
#552=B_SPLINE_CURVE_WITH_KNOTS('',3,(#5729,#5730,#5731,#5732,#5733,#5734,
#5735,#5736,#5737,#5738,#5739,#5740,#5741,#5742,#5743,#5744,#5745,#5746,
#5747,#5748,#5749,#5750,#5751,#5752,#5753,#5754,#5755,#5756,#5757,#5758,
#5759,#5760,#5761,#5762),.UNSPECIFIED.,.F.,.F.,(4,3,3,3,3,3,3,3,3,3,3,4),
(0.,0.125,0.25,0.3125,0.375,0.4375,0.5,0.625,0.750000000000001,0.812500000000001,
0.875,1.),.UNSPECIFIED.);
#553=B_SPLINE_CURVE_WITH_KNOTS('',5,(#5910,#5911,#5912,#5913,#5914,#5915),
 .UNSPECIFIED.,.F.,.F.,(6,6),(0.,1.),.UNSPECIFIED.);
#554=B_SPLINE_CURVE_WITH_KNOTS('',5,(#5919,#5920,#5921,#5922,#5923,#5924),
 .UNSPECIFIED.,.F.,.F.,(6,6),(0.,1.),.UNSPECIFIED.);
#555=B_SPLINE_CURVE_WITH_KNOTS('',5,(#5928,#5929,#5930,#5931,#5932,#5933),
 .UNSPECIFIED.,.F.,.F.,(6,6),(0.,1.),.UNSPECIFIED.);
#556=B_SPLINE_CURVE_WITH_KNOTS('',5,(#5936,#5937,#5938,#5939,#5940,#5941),
 .UNSPECIFIED.,.F.,.F.,(6,6),(0.,1.),.UNSPECIFIED.);
#557=B_SPLINE_CURVE_WITH_KNOTS('',5,(#5977,#5978,#5979,#5980,#5981,#5982),
 .UNSPECIFIED.,.F.,.F.,(6,6),(0.,1.),.UNSPECIFIED.);
#558=B_SPLINE_CURVE_WITH_KNOTS('',5,(#6021,#6022,#6023,#6024,#6025,#6026),
 .UNSPECIFIED.,.F.,.F.,(6,6),(0.,1.),.UNSPECIFIED.);
#559=B_SPLINE_CURVE_WITH_KNOTS('',5,(#6065,#6066,#6067,#6068,#6069,#6070),
 .UNSPECIFIED.,.F.,.F.,(6,6),(0.,1.),.UNSPECIFIED.);
#560=B_SPLINE_CURVE_WITH_KNOTS('',5,(#6109,#6110,#6111,#6112,#6113,#6114),
 .UNSPECIFIED.,.F.,.F.,(6,6),(0.,1.),.UNSPECIFIED.);
#561=B_SPLINE_CURVE_WITH_KNOTS('',3,(#6527,#6528,#6529,#6530,#6531,#6532,
#6533,#6534,#6535,#6536,#6537,#6538,#6539,#6540,#6541,#6542,#6543,#6544,
#6545,#6546,#6547,#6548,#6549,#6550,#6551,#6552,#6553,#6554,#6555,#6556,
#6557,#6558,#6559,#6560,#6561,#6562,#6563,#6564,#6565,#6566,#6567,#6568,
#6569,#6570,#6571,#6572,#6573,#6574,#6575,#6576,#6577,#6578,#6579,#6580,
#6581,#6582,#6583,#6584,#6585,#6586,#6587,#6588,#6589,#6590,#6591,#6592,
#6593,#6594,#6595,#6596,#6597,#6598,#6599,#6600,#6601,#6602,#6603,#6604,
#6605,#6606,#6607,#6608,#6609,#6610,#6611,#6612,#6613,#6614,#6615,#6616,
#6617,#6618,#6619,#6620,#6621,#6622,#6623,#6624,#6625,#6626,#6627,#6628,
#6629,#6630,#6631,#6632,#6633,#6634,#6635,#6636,#6637,#6638,#6639,#6640,
#6641,#6642,#6643,#6644,#6645,#6646,#6647,#6648,#6649,#6650,#6651,#6652,
#6653,#6654,#6655,#6656,#6657,#6658,#6659,#6660,#6661,#6662,#6663,#6664,
#6665,#6666,#6667,#6668,#6669,#6670,#6671,#6672,#6673,#6674,#6675,#6676,
#6677,#6678,#6679,#6680,#6681,#6682,#6683,#6684,#6685,#6686,#6687,#6688,
#6689,#6690,#6691,#6692,#6693,#6694,#6695),.UNSPECIFIED.,.F.,.F.,(4,3,3,
3,3,3,3,3,3,3,3,3,3,3,3,3,3,3,3,3,3,3,3,3,3,3,3,3,3,3,3,3,3,3,3,3,3,3,3,
3,3,3,3,3,3,3,3,3,3,3,3,3,3,3,3,3,4),(-1.,-0.9375,-0.90625,-0.875,-0.859375,
-0.84375,-0.828125,-0.8125,-0.796875,-0.78125,-0.765625,-0.749999999999999,
-0.7421875,-0.734375,-0.7265625,-0.718749999999999,-0.703125,-0.6875,-0.65625,
-0.640625,-0.625,-0.609375,-0.59375,-0.578125,-0.5703125,-0.5625,-0.5546875,
-0.546875,-0.53125,-0.515625,-0.5,-0.4921875,-0.484375,-0.46875,-0.4375,
-0.421875,-0.40625,-0.3984375,-0.390625,-0.3828125,-0.375,-0.359375,-0.34375,
-0.3125,-0.28125,-0.265625,-0.25,-0.234375,-0.2265625,-0.21875,-0.2109375,
-0.203125,-0.1875,-0.15625,-0.125,-0.0625,0.),.UNSPECIFIED.);
#562=B_SPLINE_CURVE_WITH_KNOTS('',3,(#6732,#6733,#6734,#6735,#6736,#6737,
#6738,#6739,#6740,#6741,#6742,#6743,#6744,#6745,#6746,#6747,#6748,#6749,
#6750,#6751,#6752,#6753,#6754,#6755,#6756,#6757,#6758,#6759,#6760,#6761,
#6762,#6763,#6764,#6765,#6766,#6767,#6768,#6769,#6770,#6771,#6772,#6773,
#6774,#6775,#6776,#6777,#6778,#6779,#6780,#6781,#6782,#6783,#6784,#6785,
#6786,#6787,#6788,#6789,#6790,#6791,#6792,#6793,#6794,#6795,#6796,#6797,
#6798,#6799,#6800,#6801,#6802,#6803,#6804,#6805,#6806,#6807,#6808,#6809,
#6810,#6811,#6812,#6813,#6814,#6815,#6816,#6817,#6818,#6819,#6820,#6821,
#6822,#6823,#6824,#6825,#6826,#6827,#6828,#6829,#6830,#6831,#6832,#6833,
#6834,#6835,#6836,#6837,#6838,#6839,#6840,#6841,#6842,#6843,#6844,#6845,
#6846,#6847,#6848,#6849,#6850,#6851,#6852,#6853,#6854,#6855,#6856,#6857,
#6858,#6859,#6860,#6861,#6862,#6863,#6864,#6865,#6866,#6867,#6868,#6869,
#6870,#6871,#6872,#6873,#6874,#6875,#6876,#6877,#6878,#6879,#6880,#6881,
#6882,#6883,#6884,#6885,#6886,#6887,#6888,#6889,#6890,#6891,#6892,#6893,
#6894,#6895,#6896,#6897,#6898,#6899,#6900),.UNSPECIFIED.,.F.,.F.,(4,3,3,
3,3,3,3,3,3,3,3,3,3,3,3,3,3,3,3,3,3,3,3,3,3,3,3,3,3,3,3,3,3,3,3,3,3,3,3,
3,3,3,3,3,3,3,3,3,3,3,3,3,3,3,3,3,4),(-1.,-0.937500000000002,-0.90625,-0.875000000000001,
-0.859375000000001,-0.843750000000001,-0.828125000000001,-0.812500000000001,
-0.796875000000001,-0.781250000000001,-0.765625,-0.750000000000001,-0.742187500000001,
-0.734375000000001,-0.726562500000001,-0.718750000000001,-0.703125000000001,
-0.687500000000001,-0.656250000000001,-0.640625000000001,-0.625,-0.609375000000001,
-0.59375,-0.578125000000001,-0.570312500000001,-0.562500000000001,-0.5546875,
-0.546875000000001,-0.531250000000001,-0.515625,-0.500000000000001,-0.4921875,
-0.484375,-0.468750000000001,-0.437500000000001,-0.421875,-0.40625,-0.3984375,
-0.390625,-0.3828125,-0.375,-0.359375,-0.34375,-0.3125,-0.281250000000001,
-0.265625,-0.25,-0.234375,-0.2265625,-0.21875,-0.2109375,-0.203125,-0.1875,
-0.15625,-0.125,-0.0625,0.),.UNSPECIFIED.);
#563=B_SPLINE_CURVE_WITH_KNOTS('',3,(#6937,#6938,#6939,#6940,#6941,#6942,
#6943,#6944,#6945,#6946,#6947,#6948,#6949,#6950,#6951,#6952,#6953,#6954,
#6955,#6956,#6957,#6958,#6959,#6960,#6961,#6962,#6963,#6964,#6965,#6966,
#6967,#6968,#6969,#6970,#6971,#6972,#6973,#6974,#6975,#6976,#6977,#6978,
#6979,#6980,#6981,#6982,#6983,#6984,#6985,#6986,#6987,#6988,#6989,#6990,
#6991,#6992,#6993,#6994,#6995,#6996,#6997,#6998,#6999,#7000,#7001,#7002,
#7003,#7004,#7005,#7006,#7007,#7008,#7009,#7010,#7011,#7012,#7013,#7014,
#7015,#7016,#7017,#7018,#7019,#7020,#7021,#7022,#7023,#7024,#7025,#7026,
#7027,#7028,#7029,#7030,#7031,#7032,#7033,#7034,#7035,#7036,#7037,#7038,
#7039,#7040,#7041,#7042,#7043,#7044,#7045,#7046,#7047,#7048,#7049,#7050,
#7051,#7052,#7053,#7054,#7055,#7056,#7057,#7058,#7059,#7060,#7061,#7062,
#7063,#7064,#7065,#7066,#7067,#7068,#7069,#7070,#7071,#7072,#7073,#7074,
#7075,#7076,#7077,#7078,#7079,#7080,#7081,#7082,#7083,#7084,#7085,#7086,
#7087,#7088,#7089,#7090,#7091,#7092,#7093,#7094,#7095,#7096,#7097,#7098,
#7099,#7100,#7101,#7102,#7103,#7104,#7105),.UNSPECIFIED.,.F.,.F.,(4,3,3,
3,3,3,3,3,3,3,3,3,3,3,3,3,3,3,3,3,3,3,3,3,3,3,3,3,3,3,3,3,3,3,3,3,3,3,3,
3,3,3,3,3,3,3,3,3,3,3,3,3,3,3,3,3,4),(-1.,-0.937499999999999,-0.906249999999999,
-0.875,-0.859375,-0.84375,-0.828125,-0.812499999999999,-0.796874999999999,
-0.781249999999999,-0.765624999999999,-0.75,-0.7421875,-0.734375,-0.7265625,
-0.71875,-0.703125,-0.6875,-0.656249999999999,-0.640624999999999,-0.625,
-0.609375,-0.59375,-0.578125,-0.5703125,-0.5625,-0.554687499999999,-0.546874999999999,
-0.531249999999999,-0.515625,-0.5,-0.4921875,-0.484375,-0.46875,-0.4375,
-0.421874999999999,-0.40625,-0.3984375,-0.390625,-0.3828125,-0.375,-0.359375,
-0.34375,-0.3125,-0.28125,-0.265625,-0.25,-0.234375,-0.2265625,-0.21875,
-0.2109375,-0.203125,-0.1875,-0.15625,-0.125,-0.0625,0.),.UNSPECIFIED.);
#564=B_SPLINE_CURVE_WITH_KNOTS('',3,(#7142,#7143,#7144,#7145,#7146,#7147,
#7148,#7149,#7150,#7151,#7152,#7153,#7154,#7155,#7156,#7157,#7158,#7159,
#7160,#7161,#7162,#7163,#7164,#7165,#7166,#7167,#7168,#7169,#7170,#7171,
#7172,#7173,#7174,#7175,#7176,#7177,#7178,#7179,#7180,#7181,#7182,#7183,
#7184,#7185,#7186,#7187,#7188,#7189,#7190,#7191,#7192,#7193,#7194,#7195,
#7196,#7197,#7198,#7199,#7200,#7201,#7202,#7203,#7204,#7205,#7206,#7207,
#7208,#7209,#7210,#7211,#7212,#7213,#7214,#7215,#7216,#7217,#7218,#7219,
#7220,#7221,#7222,#7223,#7224,#7225,#7226,#7227,#7228,#7229,#7230,#7231,
#7232,#7233,#7234,#7235,#7236,#7237,#7238,#7239,#7240,#7241,#7242,#7243,
#7244,#7245,#7246,#7247,#7248,#7249,#7250,#7251,#7252,#7253,#7254,#7255,
#7256,#7257,#7258,#7259,#7260,#7261,#7262,#7263,#7264,#7265,#7266,#7267,
#7268,#7269,#7270,#7271,#7272,#7273,#7274,#7275,#7276,#7277,#7278,#7279,
#7280,#7281,#7282,#7283,#7284,#7285,#7286,#7287,#7288,#7289,#7290,#7291,
#7292,#7293,#7294,#7295,#7296,#7297,#7298,#7299,#7300,#7301,#7302,#7303,
#7304,#7305,#7306,#7307,#7308,#7309,#7310),.UNSPECIFIED.,.F.,.F.,(4,3,3,
3,3,3,3,3,3,3,3,3,3,3,3,3,3,3,3,3,3,3,3,3,3,3,3,3,3,3,3,3,3,3,3,3,3,3,3,
3,3,3,3,3,3,3,3,3,3,3,3,3,3,3,3,3,4),(-1.,-0.937500000000001,-0.906250000000001,
-0.875000000000001,-0.859375,-0.843750000000001,-0.828125000000001,-0.812500000000001,
-0.796875000000001,-0.781250000000001,-0.765625,-0.75,-0.742187500000001,
-0.734375,-0.726562500000001,-0.718750000000001,-0.703125000000001,-0.687500000000001,
-0.65625,-0.640625,-0.625,-0.609375000000001,-0.593750000000001,-0.578125000000001,
-0.5703125,-0.5625,-0.554687500000001,-0.546875,-0.53125,-0.515625,-0.500000000000001,
-0.4921875,-0.484375000000001,-0.468750000000001,-0.4375,-0.421875,-0.40625,
-0.3984375,-0.390625,-0.3828125,-0.375,-0.359375000000001,-0.34375,-0.3125,
-0.28125,-0.265625,-0.25,-0.234375,-0.2265625,-0.21875,-0.2109375,-0.203125,
-0.1875,-0.15625,-0.125,-0.0625,0.),.UNSPECIFIED.);
#565=B_SPLINE_CURVE_WITH_KNOTS('',3,(#7319,#7320,#7321,#7322,#7323,#7324,
#7325,#7326,#7327,#7328,#7329,#7330,#7331,#7332,#7333,#7334,#7335,#7336,
#7337,#7338,#7339,#7340,#7341,#7342,#7343,#7344,#7345,#7346,#7347,#7348,
#7349,#7350,#7351,#7352,#7353,#7354,#7355,#7356,#7357,#7358,#7359,#7360,
#7361,#7362,#7363,#7364,#7365,#7366,#7367,#7368,#7369,#7370,#7371,#7372,
#7373,#7374,#7375,#7376,#7377,#7378,#7379,#7380,#7381,#7382,#7383,#7384,
#7385,#7386,#7387,#7388,#7389,#7390,#7391,#7392,#7393,#7394,#7395,#7396,
#7397,#7398,#7399,#7400,#7401,#7402,#7403,#7404,#7405,#7406,#7407,#7408,
#7409,#7410,#7411,#7412,#7413,#7414,#7415,#7416,#7417,#7418,#7419,#7420,
#7421,#7422,#7423,#7424,#7425,#7426,#7427,#7428,#7429,#7430,#7431,#7432,
#7433,#7434,#7435,#7436,#7437,#7438,#7439,#7440,#7441,#7442,#7443,#7444,
#7445,#7446,#7447,#7448,#7449,#7450,#7451,#7452,#7453,#7454,#7455,#7456,
#7457,#7458,#7459,#7460,#7461,#7462,#7463,#7464,#7465,#7466,#7467,#7468,
#7469,#7470,#7471,#7472,#7473,#7474,#7475,#7476,#7477,#7478,#7479,#7480,
#7481,#7482,#7483,#7484,#7485,#7486,#7487),.UNSPECIFIED.,.F.,.F.,(4,3,3,
3,3,3,3,3,3,3,3,3,3,3,3,3,3,3,3,3,3,3,3,3,3,3,3,3,3,3,3,3,3,3,3,3,3,3,3,
3,3,3,3,3,3,3,3,3,3,3,3,3,3,3,3,3,4),(-1.,-0.9375,-0.875,-0.84375,-0.8125,
-0.796875,-0.7890625,-0.78125,-0.7734375,-0.765625,-0.75,-0.734375,-0.71875,
-0.6875,-0.65625,-0.640624999999999,-0.625,-0.6171875,-0.609375,-0.6015625,
-0.59375,-0.578125,-0.5625,-0.531249999999999,-0.515624999999999,-0.5078125,
-0.499999999999999,-0.484375,-0.46875,-0.453125,-0.445312499999999,-0.4375,
-0.4296875,-0.421874999999999,-0.406249999999999,-0.390624999999999,-0.375,
-0.359375,-0.34375,-0.312499999999999,-0.296874999999999,-0.281249999999999,
-0.273437499999999,-0.265625,-0.257812499999999,-0.25,-0.234375,-0.218749999999999,
-0.203124999999999,-0.187499999999999,-0.171874999999999,-0.156249999999999,
-0.140625,-0.124999999999999,-0.0937499999999992,-0.0624999999999989,0.),
 .UNSPECIFIED.);
#566=B_SPLINE_CURVE_WITH_KNOTS('',3,(#7491,#7492,#7493,#7494,#7495,#7496,
#7497,#7498,#7499,#7500,#7501,#7502,#7503,#7504,#7505,#7506,#7507,#7508,
#7509,#7510,#7511,#7512,#7513,#7514,#7515,#7516,#7517,#7518,#7519,#7520,
#7521,#7522,#7523,#7524,#7525,#7526,#7527,#7528,#7529,#7530,#7531,#7532,
#7533,#7534,#7535,#7536,#7537,#7538,#7539,#7540,#7541,#7542,#7543,#7544,
#7545,#7546,#7547,#7548,#7549,#7550,#7551,#7552,#7553,#7554,#7555,#7556,
#7557,#7558,#7559,#7560,#7561,#7562,#7563,#7564,#7565,#7566,#7567,#7568,
#7569,#7570,#7571,#7572,#7573,#7574,#7575,#7576,#7577,#7578,#7579,#7580,
#7581,#7582,#7583,#7584,#7585,#7586,#7587,#7588,#7589,#7590,#7591,#7592,
#7593,#7594,#7595,#7596,#7597,#7598,#7599,#7600,#7601,#7602,#7603,#7604,
#7605,#7606,#7607,#7608,#7609,#7610,#7611,#7612,#7613,#7614,#7615,#7616,
#7617,#7618,#7619,#7620,#7621,#7622,#7623,#7624,#7625,#7626,#7627,#7628,
#7629,#7630,#7631,#7632,#7633,#7634,#7635,#7636,#7637,#7638,#7639,#7640,
#7641,#7642,#7643,#7644,#7645,#7646,#7647,#7648,#7649,#7650,#7651,#7652,
#7653,#7654,#7655,#7656,#7657,#7658,#7659),.UNSPECIFIED.,.F.,.F.,(4,3,3,
3,3,3,3,3,3,3,3,3,3,3,3,3,3,3,3,3,3,3,3,3,3,3,3,3,3,3,3,3,3,3,3,3,3,3,3,
3,3,3,3,3,3,3,3,3,3,3,3,3,3,3,3,3,4),(-1.,-0.9375,-0.875,-0.84375,-0.8125,
-0.796875,-0.7890625,-0.78125,-0.7734375,-0.765625,-0.75,-0.734375,-0.71875,
-0.6875,-0.65625,-0.640625,-0.625,-0.6171875,-0.609375,-0.6015625,-0.59375,
-0.578125000000001,-0.5625,-0.53125,-0.515625,-0.5078125,-0.5,-0.484375,
-0.468750000000001,-0.453125000000001,-0.445312500000001,-0.4375,-0.4296875,
-0.421875,-0.40625,-0.390625,-0.375,-0.359375000000001,-0.343750000000001,
-0.3125,-0.296875,-0.28125,-0.2734375,-0.265625,-0.2578125,-0.25,-0.234375000000001,
-0.218750000000001,-0.203125000000001,-0.187500000000001,-0.171875,-0.15625,
-0.140625,-0.125,-0.0937500000000007,-0.0625000000000005,0.),
 .UNSPECIFIED.);
#567=B_SPLINE_CURVE_WITH_KNOTS('',3,(#7663,#7664,#7665,#7666,#7667,#7668,
#7669,#7670,#7671,#7672,#7673,#7674,#7675,#7676,#7677,#7678,#7679,#7680,
#7681,#7682,#7683,#7684,#7685,#7686,#7687,#7688,#7689,#7690,#7691,#7692,
#7693,#7694,#7695,#7696,#7697,#7698,#7699,#7700,#7701,#7702,#7703,#7704,
#7705,#7706,#7707,#7708,#7709,#7710,#7711,#7712,#7713,#7714,#7715,#7716,
#7717,#7718,#7719,#7720,#7721,#7722,#7723,#7724,#7725,#7726,#7727,#7728,
#7729,#7730,#7731,#7732,#7733,#7734,#7735,#7736,#7737,#7738,#7739,#7740,
#7741,#7742,#7743,#7744,#7745,#7746,#7747,#7748,#7749,#7750,#7751,#7752,
#7753,#7754,#7755,#7756,#7757,#7758,#7759,#7760,#7761,#7762,#7763,#7764,
#7765,#7766,#7767,#7768,#7769,#7770,#7771,#7772,#7773,#7774,#7775,#7776,
#7777,#7778,#7779,#7780,#7781,#7782,#7783,#7784,#7785,#7786,#7787,#7788,
#7789,#7790,#7791,#7792,#7793,#7794,#7795,#7796,#7797,#7798,#7799,#7800,
#7801,#7802,#7803,#7804,#7805,#7806,#7807,#7808,#7809,#7810,#7811,#7812,
#7813,#7814,#7815,#7816,#7817,#7818,#7819,#7820,#7821,#7822,#7823,#7824,
#7825,#7826,#7827,#7828,#7829,#7830,#7831),.UNSPECIFIED.,.F.,.F.,(4,3,3,
3,3,3,3,3,3,3,3,3,3,3,3,3,3,3,3,3,3,3,3,3,3,3,3,3,3,3,3,3,3,3,3,3,3,3,3,
3,3,3,3,3,3,3,3,3,3,3,3,3,3,3,3,3,4),(-1.,-0.9375,-0.875,-0.84375,-0.8125,
-0.796875,-0.7890625,-0.78125,-0.7734375,-0.765625,-0.75,-0.734375,-0.718749999999999,
-0.6875,-0.65625,-0.640625,-0.625,-0.6171875,-0.609375,-0.6015625,-0.593749999999999,
-0.578125,-0.562499999999999,-0.531249999999999,-0.515625,-0.5078125,-0.499999999999999,
-0.484375,-0.468749999999999,-0.453124999999999,-0.4453125,-0.437499999999999,
-0.429687499999999,-0.421874999999999,-0.40625,-0.390624999999999,-0.375,
-0.359374999999999,-0.343749999999999,-0.312499999999999,-0.296874999999999,
-0.281249999999999,-0.273437499999999,-0.265624999999999,-0.257812499999999,
-0.249999999999999,-0.234375,-0.218749999999999,-0.203124999999999,-0.187499999999999,
-0.171874999999999,-0.156249999999999,-0.140624999999999,-0.124999999999999,
-0.0937499999999996,-0.0624999999999985,0.),.UNSPECIFIED.);
#568=B_SPLINE_CURVE_WITH_KNOTS('',3,(#7834,#7835,#7836,#7837,#7838,#7839,
#7840,#7841,#7842,#7843,#7844,#7845,#7846,#7847,#7848,#7849,#7850,#7851,
#7852,#7853,#7854,#7855,#7856,#7857,#7858,#7859,#7860,#7861,#7862,#7863,
#7864,#7865,#7866,#7867,#7868,#7869,#7870,#7871,#7872,#7873,#7874,#7875,
#7876,#7877,#7878,#7879,#7880,#7881,#7882,#7883,#7884,#7885,#7886,#7887,
#7888,#7889,#7890,#7891,#7892,#7893,#7894,#7895,#7896,#7897,#7898,#7899,
#7900,#7901,#7902,#7903,#7904,#7905,#7906,#7907,#7908,#7909,#7910,#7911,
#7912,#7913,#7914,#7915,#7916,#7917,#7918,#7919,#7920,#7921,#7922,#7923,
#7924,#7925,#7926,#7927,#7928,#7929,#7930,#7931,#7932,#7933,#7934,#7935,
#7936,#7937,#7938,#7939,#7940,#7941,#7942,#7943,#7944,#7945,#7946,#7947,
#7948,#7949,#7950,#7951,#7952,#7953,#7954,#7955,#7956,#7957,#7958,#7959,
#7960,#7961,#7962,#7963,#7964,#7965,#7966,#7967,#7968,#7969,#7970,#7971,
#7972,#7973,#7974,#7975,#7976,#7977,#7978,#7979,#7980,#7981,#7982,#7983,
#7984,#7985,#7986,#7987,#7988,#7989,#7990,#7991,#7992,#7993,#7994,#7995,
#7996,#7997,#7998,#7999,#8000,#8001,#8002),.UNSPECIFIED.,.F.,.F.,(4,3,3,
3,3,3,3,3,3,3,3,3,3,3,3,3,3,3,3,3,3,3,3,3,3,3,3,3,3,3,3,3,3,3,3,3,3,3,3,
3,3,3,3,3,3,3,3,3,3,3,3,3,3,3,3,3,4),(-1.,-0.9375,-0.875,-0.84375,-0.8125,
-0.796875,-0.7890625,-0.78125,-0.7734375,-0.765625,-0.75,-0.734375,-0.71875,
-0.6875,-0.65625,-0.640625,-0.625,-0.6171875,-0.609375,-0.6015625,-0.59375,
-0.578125,-0.5625,-0.53125,-0.515625,-0.5078125,-0.5,-0.484375,-0.46875,
-0.453125,-0.4453125,-0.4375,-0.4296875,-0.421875,-0.40625,-0.390625,-0.375,
-0.359375,-0.34375,-0.3125,-0.296875,-0.281250000000001,-0.2734375,-0.265625,
-0.2578125,-0.250000000000001,-0.234375,-0.21875,-0.203125,-0.1875,-0.171875,
-0.15625,-0.140625,-0.125,-0.0937500000000003,-0.0625000000000002,0.),
 .UNSPECIFIED.);
#569=LINE('',#3177,#769);
#570=LINE('',#3259,#770);
#571=LINE('',#3341,#771);
#572=LINE('',#3423,#772);
#573=LINE('',#3512,#773);
#574=LINE('',#3516,#774);
#575=LINE('',#3520,#775);
#576=LINE('',#3523,#776);
#577=LINE('',#3527,#777);
#578=LINE('',#3528,#778);
#579=LINE('',#3529,#779);
#580=LINE('',#3533,#780);
#581=LINE('',#3536,#781);
#582=LINE('',#3537,#782);
#583=LINE('',#3541,#783);
#584=LINE('',#3544,#784);
#585=LINE('',#3545,#785);
#586=LINE('',#3549,#786);
#587=LINE('',#3552,#787);
#588=LINE('',#3553,#788);
#589=LINE('',#3559,#789);
#590=LINE('',#3586,#790);
#591=LINE('',#3613,#791);
#592=LINE('',#3640,#792);
#593=LINE('',#3667,#793);
#594=LINE('',#3685,#794);
#595=LINE('',#3703,#795);
#596=LINE('',#3721,#796);
#597=LINE('',#3740,#797);
#598=LINE('',#3742,#798);
#599=LINE('',#3744,#799);
#600=LINE('',#3745,#800);
#601=LINE('',#3793,#801);
#602=LINE('',#3811,#802);
#603=LINE('',#3813,#803);
#604=LINE('',#3814,#804);
#605=LINE('',#3862,#805);
#606=LINE('',#3880,#806);
#607=LINE('',#3882,#807);
#608=LINE('',#3883,#808);
#609=LINE('',#3931,#809);
#610=LINE('',#4009,#810);
#611=LINE('',#4011,#811);
#612=LINE('',#4012,#812);
#613=LINE('',#4135,#813);
#614=LINE('',#4136,#814);
#615=LINE('',#4256,#815);
#616=LINE('',#4257,#816);
#617=LINE('',#4375,#817);
#618=LINE('',#4378,#818);
#619=LINE('',#4495,#819);
#620=LINE('',#4496,#820);
#621=LINE('',#4525,#821);
#622=LINE('',#4552,#822);
#623=LINE('',#4579,#823);
#624=LINE('',#4605,#824);
#625=LINE('',#4619,#825);
#626=LINE('',#4621,#826);
#627=LINE('',#4733,#827);
#628=LINE('',#4734,#828);
#629=LINE('',#4748,#829);
#630=LINE('',#4860,#830);
#631=LINE('',#4861,#831);
#632=LINE('',#4875,#832);
#633=LINE('',#4987,#833);
#634=LINE('',#4988,#834);
#635=LINE('',#5002,#835);
#636=LINE('',#5113,#836);
#637=LINE('',#5115,#837);
#638=LINE('',#5116,#838);
#639=LINE('',#5165,#839);
#640=LINE('',#5167,#840);
#641=LINE('',#5216,#841);
#642=LINE('',#5218,#842);
#643=LINE('',#5267,#843);
#644=LINE('',#5269,#844);
#645=LINE('',#5430,#845);
#646=LINE('',#5543,#846);
#647=LINE('',#5655,#847);
#648=LINE('',#5765,#848);
#649=LINE('',#5772,#849);
#650=LINE('',#5779,#850);
#651=LINE('',#5784,#851);
#652=LINE('',#5788,#852);
#653=LINE('',#5793,#853);
#654=LINE('',#5794,#854);
#655=LINE('',#5795,#855);
#656=LINE('',#5799,#856);
#657=LINE('',#5805,#857);
#658=LINE('',#5806,#858);
#659=LINE('',#5807,#859);
#660=LINE('',#5811,#860);
#661=LINE('',#5817,#861);
#662=LINE('',#5818,#862);
#663=LINE('',#5819,#863);
#664=LINE('',#5823,#864);
#665=LINE('',#5829,#865);
#666=LINE('',#5830,#866);
#667=LINE('',#5831,#867);
#668=LINE('',#5835,#868);
#669=LINE('',#5839,#869);
#670=LINE('',#5840,#870);
#671=LINE('',#5845,#871);
#672=LINE('',#5851,#872);
#673=LINE('',#5855,#873);
#674=LINE('',#5859,#874);
#675=LINE('',#5862,#875);
#676=LINE('',#5865,#876);
#677=LINE('',#5866,#877);
#678=LINE('',#5870,#878);
#679=LINE('',#5873,#879);
#680=LINE('',#5874,#880);
#681=LINE('',#5878,#881);
#682=LINE('',#5881,#882);
#683=LINE('',#5882,#883);
#684=LINE('',#5886,#884);
#685=LINE('',#5889,#885);
#686=LINE('',#5890,#886);
#687=LINE('',#5894,#887);
#688=LINE('',#5896,#888);
#689=LINE('',#5899,#889);
#690=LINE('',#5903,#890);
#691=LINE('',#5908,#891);
#692=LINE('',#5917,#892);
#693=LINE('',#5926,#893);
#694=LINE('',#5935,#894);
#695=LINE('',#5975,#895);
#696=LINE('',#5983,#896);
#697=LINE('',#5986,#897);
#698=LINE('',#5987,#898);
#699=LINE('',#6027,#899);
#700=LINE('',#6030,#900);
#701=LINE('',#6031,#901);
#702=LINE('',#6071,#902);
#703=LINE('',#6074,#903);
#704=LINE('',#6075,#904);
#705=LINE('',#6115,#905);
#706=LINE('',#6117,#906);
#707=LINE('',#6389,#907);
#708=LINE('',#6393,#908);
#709=LINE('',#6397,#909);
#710=LINE('',#6401,#910);
#711=LINE('',#6405,#911);
#712=LINE('',#6409,#912);
#713=LINE('',#6413,#913);
#714=LINE('',#6417,#914);
#715=LINE('',#6420,#915);
#716=LINE('',#6423,#916);
#717=LINE('',#6426,#917);
#718=LINE('',#6429,#918);
#719=LINE('',#6430,#919);
#720=LINE('',#6434,#920);
#721=LINE('',#6437,#921);
#722=LINE('',#6438,#922);
#723=LINE('',#6442,#923);
#724=LINE('',#6445,#924);
#725=LINE('',#6446,#925);
#726=LINE('',#6450,#926);
#727=LINE('',#6453,#927);
#728=LINE('',#6454,#928);
#729=LINE('',#6458,#929);
#730=LINE('',#6461,#930);
#731=LINE('',#6462,#931);
#732=LINE('',#6466,#932);
#733=LINE('',#6469,#933);
#734=LINE('',#6470,#934);
#735=LINE('',#6474,#935);
#736=LINE('',#6477,#936);
#737=LINE('',#6478,#937);
#738=LINE('',#6482,#938);
#739=LINE('',#6485,#939);
#740=LINE('',#6486,#940);
#741=LINE('',#6490,#941);
#742=LINE('',#6492,#942);
#743=LINE('',#6525,#943);
#744=LINE('',#6696,#944);
#745=LINE('',#6699,#945);
#746=LINE('',#6700,#946);
#747=LINE('',#6901,#947);
#748=LINE('',#6904,#948);
#749=LINE('',#6905,#949);
#750=LINE('',#7106,#950);
#751=LINE('',#7109,#951);
#752=LINE('',#7110,#952);
#753=LINE('',#7311,#953);
#754=LINE('',#7313,#954);
#755=LINE('',#7317,#955);
#756=LINE('',#7489,#956);
#757=LINE('',#7661,#957);
#758=LINE('',#7833,#958);
#759=LINE('',#8231,#959);
#760=LINE('',#8232,#960);
#761=LINE('',#8234,#961);
#762=LINE('',#8236,#962);
#763=LINE('',#8465,#963);
#764=LINE('',#8694,#964);
#765=LINE('',#8696,#965);
#766=LINE('',#8698,#966);
#767=LINE('',#8930,#967);
#768=LINE('',#8935,#968);
#769=VECTOR('',#2603,26.);
#770=VECTOR('',#2604,26.);
#771=VECTOR('',#2605,26.);
#772=VECTOR('',#2606,26.);
#773=VECTOR('',#2615,19.);
#774=VECTOR('',#2618,5.4);
#775=VECTOR('',#2621,19.);
#776=VECTOR('',#2624,5.4);
#777=VECTOR('',#2627,19.);
#778=VECTOR('',#2628,0.089999999999999);
#779=VECTOR('',#2629,0.089999999999999);
#780=VECTOR('',#2634,0.089999999999999);
#781=VECTOR('',#2637,0.089999999999999);
#782=VECTOR('',#2638,5.4);
#783=VECTOR('',#2643,0.089999999999999);
#784=VECTOR('',#2646,0.089999999999999);
#785=VECTOR('',#2647,19.);
#786=VECTOR('',#2652,0.089999999999999);
#787=VECTOR('',#2655,5.4);
#788=VECTOR('',#2656,0.089999999999999);
#789=VECTOR('',#2663,26.);
#790=VECTOR('',#2664,26.);
#791=VECTOR('',#2665,26.);
#792=VECTOR('',#2666,26.);
#793=VECTOR('',#2667,26.);
#794=VECTOR('',#2668,26.);
#795=VECTOR('',#2669,26.);
#796=VECTOR('',#2670,26.);
#797=VECTOR('',#2673,26.);
#798=VECTOR('',#2674,0.299999999999999);
#799=VECTOR('',#2675,26.);
#800=VECTOR('',#2676,0.299999999999999);
#801=VECTOR('',#2677,0.299999999999999);
#802=VECTOR('',#2680,26.);
#803=VECTOR('',#2681,0.299999999999999);
#804=VECTOR('',#2682,26.);
#805=VECTOR('',#2683,0.299999999999999);
#806=VECTOR('',#2686,26.);
#807=VECTOR('',#2687,0.299999999999999);
#808=VECTOR('',#2688,26.);
#809=VECTOR('',#2689,0.299999999999999);
#810=VECTOR('',#2690,0.299999999999999);
#811=VECTOR('',#2693,26.);
#812=VECTOR('',#2694,26.);
#813=VECTOR('',#2703,26.);
#814=VECTOR('',#2704,26.);
#815=VECTOR('',#2711,26.);
#816=VECTOR('',#2712,26.);
#817=VECTOR('',#2717,26.);
#818=VECTOR('',#2720,26.);
#819=VECTOR('',#2725,26.);
#820=VECTOR('',#2726,26.);
#821=VECTOR('',#2729,26.);
#822=VECTOR('',#2730,26.);
#823=VECTOR('',#2731,26.);
#824=VECTOR('',#2732,26.);
#825=VECTOR('',#2733,8.79999999999999);
#826=VECTOR('',#2734,8.79999999999999);
#827=VECTOR('',#2737,8.8);
#828=VECTOR('',#2738,26.);
#829=VECTOR('',#2739,8.79999999999999);
#830=VECTOR('',#2742,8.8);
#831=VECTOR('',#2743,26.);
#832=VECTOR('',#2744,8.79999999999999);
#833=VECTOR('',#2747,8.8);
#834=VECTOR('',#2748,26.);
#835=VECTOR('',#2749,8.79999999999999);
#836=VECTOR('',#2752,26.);
#837=VECTOR('',#2755,0.87);
#838=VECTOR('',#2756,0.87);
#839=VECTOR('',#2757,0.87);
#840=VECTOR('',#2760,0.87);
#841=VECTOR('',#2761,0.87);
#842=VECTOR('',#2764,0.87);
#843=VECTOR('',#2765,0.87);
#844=VECTOR('',#2768,0.87);
#845=VECTOR('',#2775,26.);
#846=VECTOR('',#2784,26.);
#847=VECTOR('',#2791,26.);
#848=VECTOR('',#2796,26.);
#849=VECTOR('',#2805,2.5527);
#850=VECTOR('',#2814,3.175);
#851=VECTOR('',#2819,1.1000000000021);
#852=VECTOR('',#2822,1.1000000000021);
#853=VECTOR('',#2827,1.1000000000326);
#854=VECTOR('',#2828,0.83);
#855=VECTOR('',#2829,0.83);
#856=VECTOR('',#2832,1.1000000000163);
#857=VECTOR('',#2839,1.1000000000326);
#858=VECTOR('',#2840,11.05);
#859=VECTOR('',#2841,11.05);
#860=VECTOR('',#2844,1.1000000000163);
#861=VECTOR('',#2851,1.09999999999);
#862=VECTOR('',#2852,0.26431457505075);
#863=VECTOR('',#2853,0.26431457505075);
#864=VECTOR('',#2856,1.1000000000021);
#865=VECTOR('',#2863,1.1000000000063);
#866=VECTOR('',#2864,1.50710678118658);
#867=VECTOR('',#2865,1.50710678116962);
#868=VECTOR('',#2868,1.1000000000021);
#869=VECTOR('',#2875,10.4843145750507);
#870=VECTOR('',#2876,10.4843145750507);
#871=VECTOR('',#2881,0.8);
#872=VECTOR('',#2888,0.8);
#873=VECTOR('',#2893,3.67500000000437);
#874=VECTOR('',#2898,0.282842712457457);
#875=VECTOR('',#2901,0.282842712457471);
#876=VECTOR('',#2904,0.829999999999997);
#877=VECTOR('',#2905,0.282842712524203);
#878=VECTOR('',#2910,0.282842712490917);
#879=VECTOR('',#2913,11.05);
#880=VECTOR('',#2914,0.282842712484008);
#881=VECTOR('',#2919,0.282842712490899);
#882=VECTOR('',#2922,0.264314575050799);
#883=VECTOR('',#2923,0.282842712484008);
#884=VECTOR('',#2928,0.282842712454979);
#885=VECTOR('',#2931,1.5071067811727);
#886=VECTOR('',#2932,0.282842712503166);
#887=VECTOR('',#2937,0.28284271249522);
#888=VECTOR('',#2940,10.4843145750507);
#889=VECTOR('',#2943,1.01999999998992);
#890=VECTOR('',#2948,1.01999999998992);
#891=VECTOR('',#2953,26.);
#892=VECTOR('',#2954,26.);
#893=VECTOR('',#2955,26.);
#894=VECTOR('',#2956,26.);
#895=VECTOR('',#2957,10.7);
#896=VECTOR('',#2958,10.7);
#897=VECTOR('',#2961,26.);
#898=VECTOR('',#2962,10.7);
#899=VECTOR('',#2963,10.7);
#900=VECTOR('',#2966,26.);
#901=VECTOR('',#2967,10.7);
#902=VECTOR('',#2968,10.7);
#903=VECTOR('',#2971,26.);
#904=VECTOR('',#2972,10.7);
#905=VECTOR('',#2973,10.7);
#906=VECTOR('',#2976,26.);
#907=VECTOR('',#3009,0.812132034356064);
#908=VECTOR('',#3012,0.675735931288002);
#909=VECTOR('',#3015,11.65);
#910=VECTOR('',#3018,1.25);
#911=VECTOR('',#3021,3.68);
#912=VECTOR('',#3024,0.490000000000002);
#913=VECTOR('',#3027,0.0252395354193796);
#914=VECTOR('',#3030,1.36223711492983);
#915=VECTOR('',#3033,5.1446610536664);
#916=VECTOR('',#3036,3.92);
#917=VECTOR('',#3039,3.92);
#918=VECTOR('',#3042,0.812132034356065);
#919=VECTOR('',#3043,3.92);
#920=VECTOR('',#3048,3.92);
#921=VECTOR('',#3051,0.675735931288002);
#922=VECTOR('',#3052,3.92);
#923=VECTOR('',#3057,3.92);
#924=VECTOR('',#3060,11.65);
#925=VECTOR('',#3061,3.92);
#926=VECTOR('',#3066,3.92);
#927=VECTOR('',#3069,1.25);
#928=VECTOR('',#3070,3.92);
#929=VECTOR('',#3075,3.92);
#930=VECTOR('',#3078,3.68);
#931=VECTOR('',#3079,3.92);
#932=VECTOR('',#3084,3.92);
#933=VECTOR('',#3087,0.490000000000002);
#934=VECTOR('',#3088,3.92);
#935=VECTOR('',#3093,3.92);
#936=VECTOR('',#3096,0.0252395354193799);
#937=VECTOR('',#3097,3.92);
#938=VECTOR('',#3102,3.92);
#939=VECTOR('',#3105,1.36223711492983);
#940=VECTOR('',#3106,3.92);
#941=VECTOR('',#3111,3.92);
#942=VECTOR('',#3114,5.1446610536664);
#943=VECTOR('',#3117,0.7);
#944=VECTOR('',#3118,0.700000000000665);
#945=VECTOR('',#3121,26.);
#946=VECTOR('',#3122,0.7);
#947=VECTOR('',#3123,0.700000000035225);
#948=VECTOR('',#3126,26.);
#949=VECTOR('',#3127,0.7);
#950=VECTOR('',#3128,0.699999999979665);
#951=VECTOR('',#3131,26.);
#952=VECTOR('',#3132,0.7);
#953=VECTOR('',#3133,0.7);
#954=VECTOR('',#3136,26.);
#955=VECTOR('',#3139,26.);
#956=VECTOR('',#3140,26.);
#957=VECTOR('',#3141,26.);
#958=VECTOR('',#3142,26.);
#959=VECTOR('',#3143,10.);
#960=VECTOR('',#3144,10.);
#961=VECTOR('',#3147,10.);
#962=VECTOR('',#3150,10.);
#963=VECTOR('',#3151,10.);
#964=VECTOR('',#3152,10.);
#965=VECTOR('',#3155,10.);
#966=VECTOR('',#3158,10.);
#967=VECTOR('',#3163,1.25);
#968=VECTOR('',#3170,1.25);
#969=VERTEX_POINT('',#3175);
#970=VERTEX_POINT('',#3176);
#971=VERTEX_POINT('',#3178);
#972=VERTEX_POINT('',#3258);
#973=VERTEX_POINT('',#3260);
#974=VERTEX_POINT('',#3340);
#975=VERTEX_POINT('',#3342);
#976=VERTEX_POINT('',#3422);
#977=VERTEX_POINT('',#3503);
#978=VERTEX_POINT('',#3505);
#979=VERTEX_POINT('',#3508);
#980=VERTEX_POINT('',#3509);
#981=VERTEX_POINT('',#3511);
#982=VERTEX_POINT('',#3513);
#983=VERTEX_POINT('',#3515);
#984=VERTEX_POINT('',#3517);
#985=VERTEX_POINT('',#3519);
#986=VERTEX_POINT('',#3521);
#987=VERTEX_POINT('',#3525);
#988=VERTEX_POINT('',#3526);
#989=VERTEX_POINT('',#3531);
#990=VERTEX_POINT('',#3535);
#991=VERTEX_POINT('',#3539);
#992=VERTEX_POINT('',#3543);
#993=VERTEX_POINT('',#3547);
#994=VERTEX_POINT('',#3551);
#995=VERTEX_POINT('',#3557);
#996=VERTEX_POINT('',#3558);
#997=VERTEX_POINT('',#3560);
#998=VERTEX_POINT('',#3585);
#999=VERTEX_POINT('',#3587);
#1000=VERTEX_POINT('',#3612);
#1001=VERTEX_POINT('',#3614);
#1002=VERTEX_POINT('',#3639);
#1003=VERTEX_POINT('',#3665);
#1004=VERTEX_POINT('',#3666);
#1005=VERTEX_POINT('',#3668);
#1006=VERTEX_POINT('',#3684);
#1007=VERTEX_POINT('',#3686);
#1008=VERTEX_POINT('',#3702);
#1009=VERTEX_POINT('',#3704);
#1010=VERTEX_POINT('',#3720);
#1011=VERTEX_POINT('',#3738);
#1012=VERTEX_POINT('',#3739);
#1013=VERTEX_POINT('',#3741);
#1014=VERTEX_POINT('',#3743);
#1015=VERTEX_POINT('',#3776);
#1016=VERTEX_POINT('',#3792);
#1017=VERTEX_POINT('',#3810);
#1018=VERTEX_POINT('',#3812);
#1019=VERTEX_POINT('',#3845);
#1020=VERTEX_POINT('',#3861);
#1021=VERTEX_POINT('',#3879);
#1022=VERTEX_POINT('',#3881);
#1023=VERTEX_POINT('',#3914);
#1024=VERTEX_POINT('',#3930);
#1025=VERTEX_POINT('',#3977);
#1026=VERTEX_POINT('',#3993);
#1027=VERTEX_POINT('',#4085);
#1028=VERTEX_POINT('',#4086);
#1029=VERTEX_POINT('',#4088);
#1030=VERTEX_POINT('',#4123);
#1031=VERTEX_POINT('',#4132);
#1032=VERTEX_POINT('',#4133);
#1033=VERTEX_POINT('',#4209);
#1034=VERTEX_POINT('',#4210);
#1035=VERTEX_POINT('',#4253);
#1036=VERTEX_POINT('',#4254);
#1037=VERTEX_POINT('',#4330);
#1038=VERTEX_POINT('',#4331);
#1039=VERTEX_POINT('',#4374);
#1040=VERTEX_POINT('',#4376);
#1041=VERTEX_POINT('',#4451);
#1042=VERTEX_POINT('',#4458);
#1043=VERTEX_POINT('',#4498);
#1044=VERTEX_POINT('',#4499);
#1045=VERTEX_POINT('',#4524);
#1046=VERTEX_POINT('',#4526);
#1047=VERTEX_POINT('',#4551);
#1048=VERTEX_POINT('',#4553);
#1049=VERTEX_POINT('',#4578);
#1050=VERTEX_POINT('',#4580);
#1051=VERTEX_POINT('',#4618);
#1052=VERTEX_POINT('',#4620);
#1053=VERTEX_POINT('',#4732);
#1054=VERTEX_POINT('',#4747);
#1055=VERTEX_POINT('',#4859);
#1056=VERTEX_POINT('',#4874);
#1057=VERTEX_POINT('',#4986);
#1058=VERTEX_POINT('',#5001);
#1059=VERTEX_POINT('',#5390);
#1060=VERTEX_POINT('',#5392);
#1061=VERTEX_POINT('',#5429);
#1062=VERTEX_POINT('',#5504);
#1063=VERTEX_POINT('',#5541);
#1064=VERTEX_POINT('',#5616);
#1065=VERTEX_POINT('',#5653);
#1066=VERTEX_POINT('',#5728);
#1067=VERTEX_POINT('',#5768);
#1068=VERTEX_POINT('',#5771);
#1069=VERTEX_POINT('',#5775);
#1070=VERTEX_POINT('',#5778);
#1071=VERTEX_POINT('',#5782);
#1072=VERTEX_POINT('',#5783);
#1073=VERTEX_POINT('',#5785);
#1074=VERTEX_POINT('',#5787);
#1075=VERTEX_POINT('',#5791);
#1076=VERTEX_POINT('',#5792);
#1077=VERTEX_POINT('',#5797);
#1078=VERTEX_POINT('',#5798);
#1079=VERTEX_POINT('',#5803);
#1080=VERTEX_POINT('',#5804);
#1081=VERTEX_POINT('',#5809);
#1082=VERTEX_POINT('',#5810);
#1083=VERTEX_POINT('',#5815);
#1084=VERTEX_POINT('',#5816);
#1085=VERTEX_POINT('',#5821);
#1086=VERTEX_POINT('',#5822);
#1087=VERTEX_POINT('',#5827);
#1088=VERTEX_POINT('',#5828);
#1089=VERTEX_POINT('',#5833);
#1090=VERTEX_POINT('',#5834);
#1091=VERTEX_POINT('',#5842);
#1092=VERTEX_POINT('',#5844);
#1093=VERTEX_POINT('',#5848);
#1094=VERTEX_POINT('',#5850);
#1095=VERTEX_POINT('',#5854);
#1096=VERTEX_POINT('',#5858);
#1097=VERTEX_POINT('',#5860);
#1098=VERTEX_POINT('',#5864);
#1099=VERTEX_POINT('',#5868);
#1100=VERTEX_POINT('',#5872);
#1101=VERTEX_POINT('',#5876);
#1102=VERTEX_POINT('',#5880);
#1103=VERTEX_POINT('',#5884);
#1104=VERTEX_POINT('',#5888);
#1105=VERTEX_POINT('',#5892);
#1106=VERTEX_POINT('',#5898);
#1107=VERTEX_POINT('',#5902);
#1108=VERTEX_POINT('',#5906);
#1109=VERTEX_POINT('',#5907);
#1110=VERTEX_POINT('',#5909);
#1111=VERTEX_POINT('',#5916);
#1112=VERTEX_POINT('',#5918);
#1113=VERTEX_POINT('',#5925);
#1114=VERTEX_POINT('',#5927);
#1115=VERTEX_POINT('',#5934);
#1116=VERTEX_POINT('',#5974);
#1117=VERTEX_POINT('',#5976);
#1118=VERTEX_POINT('',#5985);
#1119=VERTEX_POINT('',#6020);
#1120=VERTEX_POINT('',#6029);
#1121=VERTEX_POINT('',#6064);
#1122=VERTEX_POINT('',#6073);
#1123=VERTEX_POINT('',#6108);
#1124=VERTEX_POINT('',#6385);
#1125=VERTEX_POINT('',#6386);
#1126=VERTEX_POINT('',#6388);
#1127=VERTEX_POINT('',#6390);
#1128=VERTEX_POINT('',#6392);
#1129=VERTEX_POINT('',#6394);
#1130=VERTEX_POINT('',#6396);
#1131=VERTEX_POINT('',#6398);
#1132=VERTEX_POINT('',#6400);
#1133=VERTEX_POINT('',#6402);
#1134=VERTEX_POINT('',#6404);
#1135=VERTEX_POINT('',#6406);
#1136=VERTEX_POINT('',#6408);
#1137=VERTEX_POINT('',#6410);
#1138=VERTEX_POINT('',#6412);
#1139=VERTEX_POINT('',#6414);
#1140=VERTEX_POINT('',#6416);
#1141=VERTEX_POINT('',#6418);
#1142=VERTEX_POINT('',#6422);
#1143=VERTEX_POINT('',#6424);
#1144=VERTEX_POINT('',#6428);
#1145=VERTEX_POINT('',#6432);
#1146=VERTEX_POINT('',#6436);
#1147=VERTEX_POINT('',#6440);
#1148=VERTEX_POINT('',#6444);
#1149=VERTEX_POINT('',#6448);
#1150=VERTEX_POINT('',#6452);
#1151=VERTEX_POINT('',#6456);
#1152=VERTEX_POINT('',#6460);
#1153=VERTEX_POINT('',#6464);
#1154=VERTEX_POINT('',#6468);
#1155=VERTEX_POINT('',#6472);
#1156=VERTEX_POINT('',#6476);
#1157=VERTEX_POINT('',#6480);
#1158=VERTEX_POINT('',#6484);
#1159=VERTEX_POINT('',#6488);
#1160=VERTEX_POINT('',#6524);
#1161=VERTEX_POINT('',#6526);
#1162=VERTEX_POINT('',#6698);
#1163=VERTEX_POINT('',#6731);
#1164=VERTEX_POINT('',#6903);
#1165=VERTEX_POINT('',#6936);
#1166=VERTEX_POINT('',#7108);
#1167=VERTEX_POINT('',#7141);
#1168=VERTEX_POINT('',#7315);
#1169=VERTEX_POINT('',#7316);
#1170=VERTEX_POINT('',#7318);
#1171=VERTEX_POINT('',#7488);
#1172=VERTEX_POINT('',#7490);
#1173=VERTEX_POINT('',#7660);
#1174=VERTEX_POINT('',#7662);
#1175=VERTEX_POINT('',#7832);
#1176=VERTEX_POINT('',#8928);
#1177=VERTEX_POINT('',#8933);
#1178=EDGE_CURVE('',#969,#970,#569,.T.);
#1179=EDGE_CURVE('',#970,#971,#513,.T.);
#1180=EDGE_CURVE('',#971,#972,#570,.T.);
#1181=EDGE_CURVE('',#972,#973,#514,.T.);
#1182=EDGE_CURVE('',#973,#974,#571,.T.);
#1183=EDGE_CURVE('',#974,#975,#515,.T.);
#1184=EDGE_CURVE('',#975,#976,#572,.T.);
#1185=EDGE_CURVE('',#976,#969,#516,.T.);
#1186=EDGE_CURVE('',#977,#977,#136,.T.);
#1187=EDGE_CURVE('',#978,#978,#137,.T.);
#1188=EDGE_CURVE('',#979,#980,#138,.T.);
#1189=EDGE_CURVE('',#981,#979,#573,.T.);
#1190=EDGE_CURVE('',#982,#981,#139,.T.);
#1191=EDGE_CURVE('',#983,#982,#574,.T.);
#1192=EDGE_CURVE('',#984,#983,#140,.T.);
#1193=EDGE_CURVE('',#985,#984,#575,.F.);
#1194=EDGE_CURVE('',#986,#985,#141,.T.);
#1195=EDGE_CURVE('',#980,#986,#576,.T.);
#1196=EDGE_CURVE('',#987,#988,#577,.T.);
#1197=EDGE_CURVE('',#981,#987,#578,.T.);
#1198=EDGE_CURVE('',#988,#979,#579,.F.);
#1199=EDGE_CURVE('',#988,#989,#142,.T.);
#1200=EDGE_CURVE('',#989,#980,#580,.F.);
#1201=EDGE_CURVE('',#990,#986,#581,.F.);
#1202=EDGE_CURVE('',#989,#990,#582,.F.);
#1203=EDGE_CURVE('',#990,#991,#143,.T.);
#1204=EDGE_CURVE('',#991,#985,#583,.F.);
#1205=EDGE_CURVE('',#992,#984,#584,.F.);
#1206=EDGE_CURVE('',#991,#992,#585,.F.);
#1207=EDGE_CURVE('',#992,#993,#144,.T.);
#1208=EDGE_CURVE('',#993,#983,#586,.F.);
#1209=EDGE_CURVE('',#993,#994,#587,.T.);
#1210=EDGE_CURVE('',#994,#982,#588,.F.);
#1211=EDGE_CURVE('',#994,#987,#145,.T.);
#1212=EDGE_CURVE('',#995,#996,#589,.T.);
#1213=EDGE_CURVE('',#997,#995,#517,.T.);
#1214=EDGE_CURVE('',#998,#997,#590,.T.);
#1215=EDGE_CURVE('',#999,#998,#518,.T.);
#1216=EDGE_CURVE('',#1000,#999,#591,.F.);
#1217=EDGE_CURVE('',#1001,#1000,#519,.T.);
#1218=EDGE_CURVE('',#1002,#1001,#592,.F.);
#1219=EDGE_CURVE('',#996,#1002,#520,.T.);
#1220=EDGE_CURVE('',#1003,#1004,#593,.T.);
#1221=EDGE_CURVE('',#1004,#1005,#521,.F.);
#1222=EDGE_CURVE('',#1005,#1006,#594,.T.);
#1223=EDGE_CURVE('',#1006,#1007,#522,.F.);
#1224=EDGE_CURVE('',#1007,#1008,#595,.T.);
#1225=EDGE_CURVE('',#1008,#1009,#523,.F.);
#1226=EDGE_CURVE('',#1009,#1010,#596,.T.);
#1227=EDGE_CURVE('',#1010,#1003,#524,.F.);
#1228=EDGE_CURVE('',#1011,#1012,#597,.T.);
#1229=EDGE_CURVE('',#1011,#1013,#598,.T.);
#1230=EDGE_CURVE('',#1014,#1013,#599,.T.);
#1231=EDGE_CURVE('',#1012,#1014,#600,.T.);
#1232=EDGE_CURVE('',#1015,#1011,#525,.T.);
#1233=EDGE_CURVE('',#1015,#1016,#601,.T.);
#1234=EDGE_CURVE('',#1013,#1016,#526,.T.);
#1235=EDGE_CURVE('',#1017,#1015,#602,.F.);
#1236=EDGE_CURVE('',#1017,#1018,#603,.T.);
#1237=EDGE_CURVE('',#1016,#1018,#604,.T.);
#1238=EDGE_CURVE('',#1019,#1017,#527,.T.);
#1239=EDGE_CURVE('',#1019,#1020,#605,.T.);
#1240=EDGE_CURVE('',#1018,#1020,#528,.T.);
#1241=EDGE_CURVE('',#1021,#1019,#606,.F.);
#1242=EDGE_CURVE('',#1021,#1022,#607,.T.);
#1243=EDGE_CURVE('',#1020,#1022,#608,.T.);
#1244=EDGE_CURVE('',#1023,#1021,#529,.T.);
#1245=EDGE_CURVE('',#1023,#1024,#609,.T.);
#1246=EDGE_CURVE('',#1022,#1024,#530,.T.);
#1247=EDGE_CURVE('',#1012,#1025,#531,.T.);
#1248=EDGE_CURVE('',#1026,#1014,#532,.T.);
#1249=EDGE_CURVE('',#1025,#1026,#610,.T.);
#1250=EDGE_CURVE('',#1025,#1023,#611,.T.);
#1251=EDGE_CURVE('',#1024,#1026,#612,.T.);
#1252=EDGE_CURVE('',#1027,#1028,#146,.T.);
#1253=EDGE_CURVE('',#1029,#1027,#533,.T.);
#1254=EDGE_CURVE('',#1030,#1029,#147,.F.);
#1255=EDGE_CURVE('',#1028,#1030,#534,.T.);
#1256=EDGE_CURVE('',#1031,#1032,#148,.T.);
#1257=EDGE_CURVE('',#1027,#1031,#613,.F.);
#1258=EDGE_CURVE('',#1032,#1028,#614,.T.);
#1259=EDGE_CURVE('',#1033,#1034,#149,.T.);
#1260=EDGE_CURVE('',#1031,#1033,#535,.T.);
#1261=EDGE_CURVE('',#1034,#1032,#536,.T.);
#1262=EDGE_CURVE('',#1035,#1036,#150,.T.);
#1263=EDGE_CURVE('',#1033,#1035,#615,.T.);
#1264=EDGE_CURVE('',#1036,#1034,#616,.F.);
#1265=EDGE_CURVE('',#1037,#1038,#151,.T.);
#1266=EDGE_CURVE('',#1035,#1037,#537,.T.);
#1267=EDGE_CURVE('',#1038,#1036,#538,.T.);
#1268=EDGE_CURVE('',#1039,#1038,#617,.F.);
#1269=EDGE_CURVE('',#1040,#1039,#152,.T.);
#1270=EDGE_CURVE('',#1037,#1040,#618,.T.);
#1271=EDGE_CURVE('',#1041,#1039,#539,.T.);
#1272=EDGE_CURVE('',#1042,#1041,#153,.T.);
#1273=EDGE_CURVE('',#1040,#1042,#540,.T.);
#1274=EDGE_CURVE('',#1030,#1041,#619,.T.);
#1275=EDGE_CURVE('',#1042,#1029,#620,.F.);
#1276=EDGE_CURVE('',#1043,#1044,#541,.T.);
#1277=EDGE_CURVE('',#1044,#1045,#621,.T.);
#1278=EDGE_CURVE('',#1045,#1046,#542,.T.);
#1279=EDGE_CURVE('',#1046,#1047,#622,.T.);
#1280=EDGE_CURVE('',#1047,#1048,#543,.T.);
#1281=EDGE_CURVE('',#1048,#1049,#623,.F.);
#1282=EDGE_CURVE('',#1049,#1050,#544,.T.);
#1283=EDGE_CURVE('',#1050,#1043,#624,.F.);
#1284=EDGE_CURVE('',#1028,#1051,#625,.F.);
#1285=EDGE_CURVE('',#1052,#1030,#626,.T.);
#1286=EDGE_CURVE('',#1051,#1052,#545,.T.);
#1287=EDGE_CURVE('',#1032,#1053,#627,.T.);
#1288=EDGE_CURVE('',#1053,#1051,#628,.F.);
#1289=EDGE_CURVE('',#1034,#1054,#629,.T.);
#1290=EDGE_CURVE('',#1054,#1053,#546,.T.);
#1291=EDGE_CURVE('',#1036,#1055,#630,.T.);
#1292=EDGE_CURVE('',#1055,#1054,#631,.F.);
#1293=EDGE_CURVE('',#1038,#1056,#632,.T.);
#1294=EDGE_CURVE('',#1056,#1055,#547,.T.);
#1295=EDGE_CURVE('',#1039,#1057,#633,.T.);
#1296=EDGE_CURVE('',#1057,#1056,#634,.F.);
#1297=EDGE_CURVE('',#1041,#1058,#635,.F.);
#1298=EDGE_CURVE('',#1058,#1057,#548,.T.);
#1299=EDGE_CURVE('',#1052,#1058,#636,.F.);
#1300=EDGE_CURVE('',#1046,#1002,#637,.T.);
#1301=EDGE_CURVE('',#1001,#1047,#638,.T.);
#1302=EDGE_CURVE('',#1000,#1048,#639,.F.);
#1303=EDGE_CURVE('',#999,#1049,#640,.T.);
#1304=EDGE_CURVE('',#998,#1050,#641,.F.);
#1305=EDGE_CURVE('',#997,#1043,#642,.T.);
#1306=EDGE_CURVE('',#995,#1044,#643,.T.);
#1307=EDGE_CURVE('',#996,#1045,#644,.T.);
#1308=EDGE_CURVE('',#1059,#1052,#154,.F.);
#1309=EDGE_CURVE('',#1059,#1060,#549,.T.);
#1310=EDGE_CURVE('',#1051,#1060,#155,.T.);
#1311=EDGE_CURVE('',#1060,#1061,#645,.F.);
#1312=EDGE_CURVE('',#1053,#1061,#156,.T.);
#1313=EDGE_CURVE('',#1061,#1062,#550,.T.);
#1314=EDGE_CURVE('',#1054,#1062,#157,.T.);
#1315=EDGE_CURVE('',#1055,#1063,#158,.T.);
#1316=EDGE_CURVE('',#1062,#1063,#646,.T.);
#1317=EDGE_CURVE('',#1056,#1064,#159,.T.);
#1318=EDGE_CURVE('',#1063,#1064,#551,.T.);
#1319=EDGE_CURVE('',#1057,#1065,#160,.T.);
#1320=EDGE_CURVE('',#1064,#1065,#647,.T.);
#1321=EDGE_CURVE('',#1065,#1066,#552,.T.);
#1322=EDGE_CURVE('',#1058,#1066,#161,.T.);
#1323=EDGE_CURVE('',#1066,#1059,#648,.F.);
#1324=EDGE_CURVE('',#1067,#1067,#162,.T.);
#1325=EDGE_CURVE('',#1067,#1068,#649,.T.);
#1326=EDGE_CURVE('',#1068,#1068,#163,.T.);
#1327=EDGE_CURVE('',#1069,#1069,#164,.T.);
#1328=EDGE_CURVE('',#1069,#1070,#650,.T.);
#1329=EDGE_CURVE('',#1070,#1070,#165,.T.);
#1330=EDGE_CURVE('',#1071,#1072,#651,.F.);
#1331=EDGE_CURVE('',#1073,#1072,#166,.T.);
#1332=EDGE_CURVE('',#1073,#1074,#652,.T.);
#1333=EDGE_CURVE('',#1074,#1071,#167,.T.);
#1334=EDGE_CURVE('',#1075,#1076,#653,.F.);
#1335=EDGE_CURVE('',#1072,#1076,#654,.T.);
#1336=EDGE_CURVE('',#1071,#1075,#655,.F.);
#1337=EDGE_CURVE('',#1077,#1078,#656,.T.);
#1338=EDGE_CURVE('',#1076,#1078,#168,.T.);
#1339=EDGE_CURVE('',#1075,#1077,#169,.T.);
#1340=EDGE_CURVE('',#1079,#1080,#657,.F.);
#1341=EDGE_CURVE('',#1078,#1080,#658,.T.);
#1342=EDGE_CURVE('',#1077,#1079,#659,.T.);
#1343=EDGE_CURVE('',#1081,#1082,#660,.F.);
#1344=EDGE_CURVE('',#1080,#1082,#170,.T.);
#1345=EDGE_CURVE('',#1079,#1081,#171,.T.);
#1346=EDGE_CURVE('',#1083,#1084,#661,.T.);
#1347=EDGE_CURVE('',#1082,#1084,#662,.T.);
#1348=EDGE_CURVE('',#1081,#1083,#663,.T.);
#1349=EDGE_CURVE('',#1085,#1086,#664,.F.);
#1350=EDGE_CURVE('',#1084,#1086,#172,.T.);
#1351=EDGE_CURVE('',#1083,#1085,#173,.T.);
#1352=EDGE_CURVE('',#1087,#1088,#665,.T.);
#1353=EDGE_CURVE('',#1086,#1088,#666,.T.);
#1354=EDGE_CURVE('',#1085,#1087,#667,.T.);
#1355=EDGE_CURVE('',#1089,#1090,#668,.F.);
#1356=EDGE_CURVE('',#1088,#1090,#174,.T.);
#1357=EDGE_CURVE('',#1087,#1089,#175,.T.);
#1358=EDGE_CURVE('',#1090,#1073,#669,.T.);
#1359=EDGE_CURVE('',#1089,#1074,#670,.F.);
#1360=EDGE_CURVE('',#1091,#1091,#176,.T.);
#1361=EDGE_CURVE('',#1091,#1092,#671,.T.);
#1362=EDGE_CURVE('',#1092,#1092,#177,.T.);
#1363=EDGE_CURVE('',#1093,#1093,#178,.T.);
#1364=EDGE_CURVE('',#1093,#1094,#672,.T.);
#1365=EDGE_CURVE('',#1094,#1094,#179,.T.);
#1366=EDGE_CURVE('',#1070,#1095,#673,.T.);
#1367=EDGE_CURVE('',#1095,#1095,#180,.T.);
#1368=EDGE_CURVE('',#1074,#1096,#674,.T.);
#1369=EDGE_CURVE('',#1096,#1097,#181,.T.);
#1370=EDGE_CURVE('',#1097,#1071,#675,.F.);
#1371=EDGE_CURVE('',#1097,#1098,#676,.F.);
#1372=EDGE_CURVE('',#1098,#1075,#677,.T.);
#1373=EDGE_CURVE('',#1098,#1099,#182,.T.);
#1374=EDGE_CURVE('',#1099,#1077,#678,.T.);
#1375=EDGE_CURVE('',#1099,#1100,#679,.T.);
#1376=EDGE_CURVE('',#1100,#1079,#680,.T.);
#1377=EDGE_CURVE('',#1100,#1101,#183,.T.);
#1378=EDGE_CURVE('',#1101,#1081,#681,.T.);
#1379=EDGE_CURVE('',#1101,#1102,#682,.T.);
#1380=EDGE_CURVE('',#1102,#1083,#683,.T.);
#1381=EDGE_CURVE('',#1102,#1103,#184,.T.);
#1382=EDGE_CURVE('',#1103,#1085,#684,.T.);
#1383=EDGE_CURVE('',#1103,#1104,#685,.T.);
#1384=EDGE_CURVE('',#1104,#1087,#686,.T.);
#1385=EDGE_CURVE('',#1104,#1105,#185,.T.);
#1386=EDGE_CURVE('',#1105,#1089,#687,.F.);
#1387=EDGE_CURVE('',#1105,#1096,#688,.F.);
#1388=EDGE_CURVE('',#1092,#1106,#689,.T.);
#1389=EDGE_CURVE('',#1106,#1106,#186,.T.);
#1390=EDGE_CURVE('',#1094,#1107,#690,.T.);
#1391=EDGE_CURVE('',#1107,#1107,#187,.T.);
#1392=EDGE_CURVE('',#1108,#1109,#691,.T.);
#1393=EDGE_CURVE('',#1109,#1110,#553,.T.);
#1394=EDGE_CURVE('',#1110,#1111,#692,.T.);
#1395=EDGE_CURVE('',#1111,#1112,#554,.T.);
#1396=EDGE_CURVE('',#1112,#1113,#693,.F.);
#1397=EDGE_CURVE('',#1113,#1114,#555,.T.);
#1398=EDGE_CURVE('',#1114,#1115,#694,.F.);
#1399=EDGE_CURVE('',#1115,#1108,#556,.T.);
#1400=EDGE_CURVE('',#1113,#1116,#695,.T.);
#1401=EDGE_CURVE('',#1116,#1117,#557,.T.);
#1402=EDGE_CURVE('',#1117,#1114,#696,.F.);
#1403=EDGE_CURVE('',#1117,#1118,#697,.F.);
#1404=EDGE_CURVE('',#1118,#1115,#698,.T.);
#1405=EDGE_CURVE('',#1118,#1119,#558,.T.);
#1406=EDGE_CURVE('',#1119,#1108,#699,.T.);
#1407=EDGE_CURVE('',#1119,#1120,#700,.F.);
#1408=EDGE_CURVE('',#1120,#1109,#701,.T.);
#1409=EDGE_CURVE('',#1120,#1121,#559,.T.);
#1410=EDGE_CURVE('',#1121,#1110,#702,.T.);
#1411=EDGE_CURVE('',#1121,#1122,#703,.F.);
#1412=EDGE_CURVE('',#1122,#1111,#704,.T.);
#1413=EDGE_CURVE('',#1122,#1123,#560,.T.);
#1414=EDGE_CURVE('',#1123,#1112,#705,.F.);
#1415=EDGE_CURVE('',#1123,#1116,#706,.F.);
#1416=EDGE_CURVE('',#1119,#974,#188,.T.);
#1417=EDGE_CURVE('',#975,#1118,#189,.T.);
#1418=EDGE_CURVE('',#976,#1117,#190,.T.);
#1419=EDGE_CURVE('',#1120,#973,#191,.T.);
#1420=EDGE_CURVE('',#969,#1116,#192,.T.);
#1421=EDGE_CURVE('',#1121,#972,#193,.T.);
#1422=EDGE_CURVE('',#970,#1123,#194,.T.);
#1423=EDGE_CURVE('',#1122,#971,#195,.T.);
#1424=EDGE_CURVE('',#1124,#1125,#196,.T.);
#1425=EDGE_CURVE('',#1126,#1124,#707,.T.);
#1426=EDGE_CURVE('',#1127,#1126,#197,.T.);
#1427=EDGE_CURVE('',#1128,#1127,#708,.T.);
#1428=EDGE_CURVE('',#1129,#1128,#198,.T.);
#1429=EDGE_CURVE('',#1130,#1129,#709,.T.);
#1430=EDGE_CURVE('',#1131,#1130,#199,.T.);
#1431=EDGE_CURVE('',#1132,#1131,#710,.T.);
#1432=EDGE_CURVE('',#1133,#1132,#200,.T.);
#1433=EDGE_CURVE('',#1134,#1133,#711,.T.);
#1434=EDGE_CURVE('',#1135,#1134,#201,.T.);
#1435=EDGE_CURVE('',#1136,#1135,#712,.T.);
#1436=EDGE_CURVE('',#1137,#1136,#202,.F.);
#1437=EDGE_CURVE('',#1138,#1137,#713,.T.);
#1438=EDGE_CURVE('',#1139,#1138,#203,.F.);
#1439=EDGE_CURVE('',#1140,#1139,#714,.T.);
#1440=EDGE_CURVE('',#1141,#1140,#204,.T.);
#1441=EDGE_CURVE('',#1125,#1141,#715,.T.);
#1442=EDGE_CURVE('',#1142,#1125,#716,.T.);
#1443=EDGE_CURVE('',#1143,#1142,#205,.T.);
#1444=EDGE_CURVE('',#1143,#1124,#717,.T.);
#1445=EDGE_CURVE('',#1144,#1143,#718,.T.);
#1446=EDGE_CURVE('',#1144,#1126,#719,.T.);
#1447=EDGE_CURVE('',#1145,#1144,#206,.T.);
#1448=EDGE_CURVE('',#1145,#1127,#720,.T.);
#1449=EDGE_CURVE('',#1146,#1145,#721,.T.);
#1450=EDGE_CURVE('',#1146,#1128,#722,.T.);
#1451=EDGE_CURVE('',#1147,#1146,#207,.T.);
#1452=EDGE_CURVE('',#1147,#1129,#723,.T.);
#1453=EDGE_CURVE('',#1148,#1147,#724,.T.);
#1454=EDGE_CURVE('',#1148,#1130,#725,.T.);
#1455=EDGE_CURVE('',#1149,#1148,#208,.T.);
#1456=EDGE_CURVE('',#1149,#1131,#726,.T.);
#1457=EDGE_CURVE('',#1150,#1149,#727,.T.);
#1458=EDGE_CURVE('',#1150,#1132,#728,.T.);
#1459=EDGE_CURVE('',#1151,#1150,#209,.T.);
#1460=EDGE_CURVE('',#1151,#1133,#729,.T.);
#1461=EDGE_CURVE('',#1152,#1151,#730,.T.);
#1462=EDGE_CURVE('',#1152,#1134,#731,.T.);
#1463=EDGE_CURVE('',#1153,#1152,#210,.T.);
#1464=EDGE_CURVE('',#1153,#1135,#732,.T.);
#1465=EDGE_CURVE('',#1154,#1153,#733,.T.);
#1466=EDGE_CURVE('',#1154,#1136,#734,.T.);
#1467=EDGE_CURVE('',#1155,#1154,#211,.T.);
#1468=EDGE_CURVE('',#1155,#1137,#735,.T.);
#1469=EDGE_CURVE('',#1156,#1155,#736,.T.);
#1470=EDGE_CURVE('',#1156,#1138,#737,.T.);
#1471=EDGE_CURVE('',#1157,#1156,#212,.T.);
#1472=EDGE_CURVE('',#1157,#1139,#738,.T.);
#1473=EDGE_CURVE('',#1158,#1157,#739,.T.);
#1474=EDGE_CURVE('',#1158,#1140,#740,.T.);
#1475=EDGE_CURVE('',#1159,#1158,#213,.T.);
#1476=EDGE_CURVE('',#1159,#1141,#741,.T.);
#1477=EDGE_CURVE('',#1142,#1159,#742,.T.);
#1478=EDGE_CURVE('',#1004,#1160,#743,.T.);
#1479=EDGE_CURVE('',#1160,#1161,#561,.T.);
#1480=EDGE_CURVE('',#1005,#1161,#744,.T.);
#1481=EDGE_CURVE('',#1161,#1162,#745,.T.);
#1482=EDGE_CURVE('',#1006,#1162,#746,.T.);
#1483=EDGE_CURVE('',#1162,#1163,#562,.T.);
#1484=EDGE_CURVE('',#1007,#1163,#747,.T.);
#1485=EDGE_CURVE('',#1163,#1164,#748,.T.);
#1486=EDGE_CURVE('',#1008,#1164,#749,.T.);
#1487=EDGE_CURVE('',#1164,#1165,#563,.T.);
#1488=EDGE_CURVE('',#1009,#1165,#750,.T.);
#1489=EDGE_CURVE('',#1165,#1166,#751,.T.);
#1490=EDGE_CURVE('',#1010,#1166,#752,.T.);
#1491=EDGE_CURVE('',#1166,#1167,#564,.T.);
#1492=EDGE_CURVE('',#1003,#1167,#753,.T.);
#1493=EDGE_CURVE('',#1167,#1160,#754,.T.);
#1494=EDGE_CURVE('',#1168,#1169,#755,.T.);
#1495=EDGE_CURVE('',#1169,#1170,#565,.T.);
#1496=EDGE_CURVE('',#1170,#1171,#756,.T.);
#1497=EDGE_CURVE('',#1171,#1172,#566,.T.);
#1498=EDGE_CURVE('',#1172,#1173,#757,.T.);
#1499=EDGE_CURVE('',#1173,#1174,#567,.T.);
#1500=EDGE_CURVE('',#1174,#1175,#758,.T.);
#1501=EDGE_CURVE('',#1175,#1168,#568,.T.);
#1502=EDGE_CURVE('',#1163,#1173,#759,.T.);
#1503=EDGE_CURVE('',#1174,#1162,#760,.T.);
#1504=EDGE_CURVE('',#1175,#1161,#761,.T.);
#1505=EDGE_CURVE('',#1164,#1172,#762,.T.);
#1506=EDGE_CURVE('',#1168,#1160,#763,.T.);
#1507=EDGE_CURVE('',#1165,#1171,#764,.T.);
#1508=EDGE_CURVE('',#1169,#1167,#765,.T.);
#1509=EDGE_CURVE('',#1166,#1170,#766,.T.);
#1510=EDGE_CURVE('',#1176,#1176,#214,.T.);
#1511=EDGE_CURVE('',#1176,#978,#767,.T.);
#1512=EDGE_CURVE('',#1177,#1177,#215,.T.);
#1513=EDGE_CURVE('',#1177,#977,#768,.T.);
#1514=ORIENTED_EDGE('',*,*,#1178,.T.);
#1515=ORIENTED_EDGE('',*,*,#1179,.T.);
#1516=ORIENTED_EDGE('',*,*,#1180,.T.);
#1517=ORIENTED_EDGE('',*,*,#1181,.T.);
#1518=ORIENTED_EDGE('',*,*,#1182,.T.);
#1519=ORIENTED_EDGE('',*,*,#1183,.T.);
#1520=ORIENTED_EDGE('',*,*,#1184,.T.);
#1521=ORIENTED_EDGE('',*,*,#1185,.T.);
#1522=ORIENTED_EDGE('',*,*,#1186,.F.);
#1523=ORIENTED_EDGE('',*,*,#1187,.F.);
#1524=ORIENTED_EDGE('',*,*,#1188,.F.);
#1525=ORIENTED_EDGE('',*,*,#1189,.F.);
#1526=ORIENTED_EDGE('',*,*,#1190,.F.);
#1527=ORIENTED_EDGE('',*,*,#1191,.F.);
#1528=ORIENTED_EDGE('',*,*,#1192,.F.);
#1529=ORIENTED_EDGE('',*,*,#1193,.F.);
#1530=ORIENTED_EDGE('',*,*,#1194,.F.);
#1531=ORIENTED_EDGE('',*,*,#1195,.F.);
#1532=ORIENTED_EDGE('',*,*,#1196,.F.);
#1533=ORIENTED_EDGE('',*,*,#1197,.F.);
#1534=ORIENTED_EDGE('',*,*,#1189,.T.);
#1535=ORIENTED_EDGE('',*,*,#1198,.F.);
#1536=ORIENTED_EDGE('',*,*,#1199,.F.);
#1537=ORIENTED_EDGE('',*,*,#1198,.T.);
#1538=ORIENTED_EDGE('',*,*,#1188,.T.);
#1539=ORIENTED_EDGE('',*,*,#1200,.F.);
#1540=ORIENTED_EDGE('',*,*,#1195,.T.);
#1541=ORIENTED_EDGE('',*,*,#1201,.F.);
#1542=ORIENTED_EDGE('',*,*,#1202,.F.);
#1543=ORIENTED_EDGE('',*,*,#1200,.T.);
#1544=ORIENTED_EDGE('',*,*,#1203,.F.);
#1545=ORIENTED_EDGE('',*,*,#1201,.T.);
#1546=ORIENTED_EDGE('',*,*,#1194,.T.);
#1547=ORIENTED_EDGE('',*,*,#1204,.F.);
#1548=ORIENTED_EDGE('',*,*,#1193,.T.);
#1549=ORIENTED_EDGE('',*,*,#1205,.F.);
#1550=ORIENTED_EDGE('',*,*,#1206,.F.);
#1551=ORIENTED_EDGE('',*,*,#1204,.T.);
#1552=ORIENTED_EDGE('',*,*,#1207,.F.);
#1553=ORIENTED_EDGE('',*,*,#1205,.T.);
#1554=ORIENTED_EDGE('',*,*,#1192,.T.);
#1555=ORIENTED_EDGE('',*,*,#1208,.F.);
#1556=ORIENTED_EDGE('',*,*,#1209,.F.);
#1557=ORIENTED_EDGE('',*,*,#1208,.T.);
#1558=ORIENTED_EDGE('',*,*,#1191,.T.);
#1559=ORIENTED_EDGE('',*,*,#1210,.F.);
#1560=ORIENTED_EDGE('',*,*,#1211,.F.);
#1561=ORIENTED_EDGE('',*,*,#1210,.T.);
#1562=ORIENTED_EDGE('',*,*,#1190,.T.);
#1563=ORIENTED_EDGE('',*,*,#1197,.T.);
#1564=ORIENTED_EDGE('',*,*,#1212,.F.);
#1565=ORIENTED_EDGE('',*,*,#1213,.F.);
#1566=ORIENTED_EDGE('',*,*,#1214,.F.);
#1567=ORIENTED_EDGE('',*,*,#1215,.F.);
#1568=ORIENTED_EDGE('',*,*,#1216,.F.);
#1569=ORIENTED_EDGE('',*,*,#1217,.F.);
#1570=ORIENTED_EDGE('',*,*,#1218,.F.);
#1571=ORIENTED_EDGE('',*,*,#1219,.F.);
#1572=ORIENTED_EDGE('',*,*,#1220,.T.);
#1573=ORIENTED_EDGE('',*,*,#1221,.T.);
#1574=ORIENTED_EDGE('',*,*,#1222,.T.);
#1575=ORIENTED_EDGE('',*,*,#1223,.T.);
#1576=ORIENTED_EDGE('',*,*,#1224,.T.);
#1577=ORIENTED_EDGE('',*,*,#1225,.T.);
#1578=ORIENTED_EDGE('',*,*,#1226,.T.);
#1579=ORIENTED_EDGE('',*,*,#1227,.T.);
#1580=ORIENTED_EDGE('',*,*,#1228,.F.);
#1581=ORIENTED_EDGE('',*,*,#1229,.T.);
#1582=ORIENTED_EDGE('',*,*,#1230,.F.);
#1583=ORIENTED_EDGE('',*,*,#1231,.F.);
#1584=ORIENTED_EDGE('',*,*,#1232,.F.);
#1585=ORIENTED_EDGE('',*,*,#1233,.T.);
#1586=ORIENTED_EDGE('',*,*,#1234,.F.);
#1587=ORIENTED_EDGE('',*,*,#1229,.F.);
#1588=ORIENTED_EDGE('',*,*,#1235,.F.);
#1589=ORIENTED_EDGE('',*,*,#1236,.T.);
#1590=ORIENTED_EDGE('',*,*,#1237,.F.);
#1591=ORIENTED_EDGE('',*,*,#1233,.F.);
#1592=ORIENTED_EDGE('',*,*,#1238,.F.);
#1593=ORIENTED_EDGE('',*,*,#1239,.T.);
#1594=ORIENTED_EDGE('',*,*,#1240,.F.);
#1595=ORIENTED_EDGE('',*,*,#1236,.F.);
#1596=ORIENTED_EDGE('',*,*,#1241,.F.);
#1597=ORIENTED_EDGE('',*,*,#1242,.T.);
#1598=ORIENTED_EDGE('',*,*,#1243,.F.);
#1599=ORIENTED_EDGE('',*,*,#1239,.F.);
#1600=ORIENTED_EDGE('',*,*,#1244,.F.);
#1601=ORIENTED_EDGE('',*,*,#1245,.T.);
#1602=ORIENTED_EDGE('',*,*,#1246,.F.);
#1603=ORIENTED_EDGE('',*,*,#1242,.F.);
#1604=ORIENTED_EDGE('',*,*,#1247,.F.);
#1605=ORIENTED_EDGE('',*,*,#1231,.T.);
#1606=ORIENTED_EDGE('',*,*,#1248,.F.);
#1607=ORIENTED_EDGE('',*,*,#1249,.F.);
#1608=ORIENTED_EDGE('',*,*,#1250,.F.);
#1609=ORIENTED_EDGE('',*,*,#1249,.T.);
#1610=ORIENTED_EDGE('',*,*,#1251,.F.);
#1611=ORIENTED_EDGE('',*,*,#1245,.F.);
#1612=ORIENTED_EDGE('',*,*,#1252,.F.);
#1613=ORIENTED_EDGE('',*,*,#1253,.F.);
#1614=ORIENTED_EDGE('',*,*,#1254,.F.);
#1615=ORIENTED_EDGE('',*,*,#1255,.F.);
#1616=ORIENTED_EDGE('',*,*,#1256,.F.);
#1617=ORIENTED_EDGE('',*,*,#1257,.F.);
#1618=ORIENTED_EDGE('',*,*,#1252,.T.);
#1619=ORIENTED_EDGE('',*,*,#1258,.F.);
#1620=ORIENTED_EDGE('',*,*,#1259,.F.);
#1621=ORIENTED_EDGE('',*,*,#1260,.F.);
#1622=ORIENTED_EDGE('',*,*,#1256,.T.);
#1623=ORIENTED_EDGE('',*,*,#1261,.F.);
#1624=ORIENTED_EDGE('',*,*,#1262,.F.);
#1625=ORIENTED_EDGE('',*,*,#1263,.F.);
#1626=ORIENTED_EDGE('',*,*,#1259,.T.);
#1627=ORIENTED_EDGE('',*,*,#1264,.F.);
#1628=ORIENTED_EDGE('',*,*,#1265,.F.);
#1629=ORIENTED_EDGE('',*,*,#1266,.F.);
#1630=ORIENTED_EDGE('',*,*,#1262,.T.);
#1631=ORIENTED_EDGE('',*,*,#1267,.F.);
#1632=ORIENTED_EDGE('',*,*,#1265,.T.);
#1633=ORIENTED_EDGE('',*,*,#1268,.F.);
#1634=ORIENTED_EDGE('',*,*,#1269,.F.);
#1635=ORIENTED_EDGE('',*,*,#1270,.F.);
#1636=ORIENTED_EDGE('',*,*,#1269,.T.);
#1637=ORIENTED_EDGE('',*,*,#1271,.F.);
#1638=ORIENTED_EDGE('',*,*,#1272,.F.);
#1639=ORIENTED_EDGE('',*,*,#1273,.F.);
#1640=ORIENTED_EDGE('',*,*,#1272,.T.);
#1641=ORIENTED_EDGE('',*,*,#1274,.F.);
#1642=ORIENTED_EDGE('',*,*,#1254,.T.);
#1643=ORIENTED_EDGE('',*,*,#1275,.F.);
#1644=ORIENTED_EDGE('',*,*,#1257,.T.);
#1645=ORIENTED_EDGE('',*,*,#1260,.T.);
#1646=ORIENTED_EDGE('',*,*,#1263,.T.);
#1647=ORIENTED_EDGE('',*,*,#1266,.T.);
#1648=ORIENTED_EDGE('',*,*,#1270,.T.);
#1649=ORIENTED_EDGE('',*,*,#1273,.T.);
#1650=ORIENTED_EDGE('',*,*,#1275,.T.);
#1651=ORIENTED_EDGE('',*,*,#1253,.T.);
#1652=ORIENTED_EDGE('',*,*,#1276,.T.);
#1653=ORIENTED_EDGE('',*,*,#1277,.T.);
#1654=ORIENTED_EDGE('',*,*,#1278,.T.);
#1655=ORIENTED_EDGE('',*,*,#1279,.T.);
#1656=ORIENTED_EDGE('',*,*,#1280,.T.);
#1657=ORIENTED_EDGE('',*,*,#1281,.T.);
#1658=ORIENTED_EDGE('',*,*,#1282,.T.);
#1659=ORIENTED_EDGE('',*,*,#1283,.T.);
#1660=ORIENTED_EDGE('',*,*,#1284,.F.);
#1661=ORIENTED_EDGE('',*,*,#1255,.T.);
#1662=ORIENTED_EDGE('',*,*,#1285,.F.);
#1663=ORIENTED_EDGE('',*,*,#1286,.F.);
#1664=ORIENTED_EDGE('',*,*,#1287,.F.);
#1665=ORIENTED_EDGE('',*,*,#1258,.T.);
#1666=ORIENTED_EDGE('',*,*,#1284,.T.);
#1667=ORIENTED_EDGE('',*,*,#1288,.F.);
#1668=ORIENTED_EDGE('',*,*,#1289,.F.);
#1669=ORIENTED_EDGE('',*,*,#1261,.T.);
#1670=ORIENTED_EDGE('',*,*,#1287,.T.);
#1671=ORIENTED_EDGE('',*,*,#1290,.F.);
#1672=ORIENTED_EDGE('',*,*,#1291,.F.);
#1673=ORIENTED_EDGE('',*,*,#1264,.T.);
#1674=ORIENTED_EDGE('',*,*,#1289,.T.);
#1675=ORIENTED_EDGE('',*,*,#1292,.F.);
#1676=ORIENTED_EDGE('',*,*,#1293,.F.);
#1677=ORIENTED_EDGE('',*,*,#1267,.T.);
#1678=ORIENTED_EDGE('',*,*,#1291,.T.);
#1679=ORIENTED_EDGE('',*,*,#1294,.F.);
#1680=ORIENTED_EDGE('',*,*,#1295,.F.);
#1681=ORIENTED_EDGE('',*,*,#1268,.T.);
#1682=ORIENTED_EDGE('',*,*,#1293,.T.);
#1683=ORIENTED_EDGE('',*,*,#1296,.F.);
#1684=ORIENTED_EDGE('',*,*,#1297,.F.);
#1685=ORIENTED_EDGE('',*,*,#1271,.T.);
#1686=ORIENTED_EDGE('',*,*,#1295,.T.);
#1687=ORIENTED_EDGE('',*,*,#1298,.F.);
#1688=ORIENTED_EDGE('',*,*,#1285,.T.);
#1689=ORIENTED_EDGE('',*,*,#1274,.T.);
#1690=ORIENTED_EDGE('',*,*,#1297,.T.);
#1691=ORIENTED_EDGE('',*,*,#1299,.F.);
#1692=ORIENTED_EDGE('',*,*,#1300,.T.);
#1693=ORIENTED_EDGE('',*,*,#1218,.T.);
#1694=ORIENTED_EDGE('',*,*,#1301,.T.);
#1695=ORIENTED_EDGE('',*,*,#1279,.F.);
#1696=ORIENTED_EDGE('',*,*,#1301,.F.);
#1697=ORIENTED_EDGE('',*,*,#1217,.T.);
#1698=ORIENTED_EDGE('',*,*,#1302,.T.);
#1699=ORIENTED_EDGE('',*,*,#1280,.F.);
#1700=ORIENTED_EDGE('',*,*,#1302,.F.);
#1701=ORIENTED_EDGE('',*,*,#1216,.T.);
#1702=ORIENTED_EDGE('',*,*,#1303,.T.);
#1703=ORIENTED_EDGE('',*,*,#1281,.F.);
#1704=ORIENTED_EDGE('',*,*,#1303,.F.);
#1705=ORIENTED_EDGE('',*,*,#1215,.T.);
#1706=ORIENTED_EDGE('',*,*,#1304,.T.);
#1707=ORIENTED_EDGE('',*,*,#1282,.F.);
#1708=ORIENTED_EDGE('',*,*,#1304,.F.);
#1709=ORIENTED_EDGE('',*,*,#1214,.T.);
#1710=ORIENTED_EDGE('',*,*,#1305,.T.);
#1711=ORIENTED_EDGE('',*,*,#1283,.F.);
#1712=ORIENTED_EDGE('',*,*,#1305,.F.);
#1713=ORIENTED_EDGE('',*,*,#1213,.T.);
#1714=ORIENTED_EDGE('',*,*,#1306,.T.);
#1715=ORIENTED_EDGE('',*,*,#1276,.F.);
#1716=ORIENTED_EDGE('',*,*,#1306,.F.);
#1717=ORIENTED_EDGE('',*,*,#1212,.T.);
#1718=ORIENTED_EDGE('',*,*,#1307,.T.);
#1719=ORIENTED_EDGE('',*,*,#1277,.F.);
#1720=ORIENTED_EDGE('',*,*,#1307,.F.);
#1721=ORIENTED_EDGE('',*,*,#1219,.T.);
#1722=ORIENTED_EDGE('',*,*,#1300,.F.);
#1723=ORIENTED_EDGE('',*,*,#1278,.F.);
#1724=ORIENTED_EDGE('',*,*,#1308,.F.);
#1725=ORIENTED_EDGE('',*,*,#1309,.T.);
#1726=ORIENTED_EDGE('',*,*,#1310,.F.);
#1727=ORIENTED_EDGE('',*,*,#1286,.T.);
#1728=ORIENTED_EDGE('',*,*,#1310,.T.);
#1729=ORIENTED_EDGE('',*,*,#1311,.T.);
#1730=ORIENTED_EDGE('',*,*,#1312,.F.);
#1731=ORIENTED_EDGE('',*,*,#1288,.T.);
#1732=ORIENTED_EDGE('',*,*,#1312,.T.);
#1733=ORIENTED_EDGE('',*,*,#1313,.T.);
#1734=ORIENTED_EDGE('',*,*,#1314,.F.);
#1735=ORIENTED_EDGE('',*,*,#1290,.T.);
#1736=ORIENTED_EDGE('',*,*,#1315,.F.);
#1737=ORIENTED_EDGE('',*,*,#1292,.T.);
#1738=ORIENTED_EDGE('',*,*,#1314,.T.);
#1739=ORIENTED_EDGE('',*,*,#1316,.T.);
#1740=ORIENTED_EDGE('',*,*,#1317,.F.);
#1741=ORIENTED_EDGE('',*,*,#1294,.T.);
#1742=ORIENTED_EDGE('',*,*,#1315,.T.);
#1743=ORIENTED_EDGE('',*,*,#1318,.T.);
#1744=ORIENTED_EDGE('',*,*,#1319,.F.);
#1745=ORIENTED_EDGE('',*,*,#1296,.T.);
#1746=ORIENTED_EDGE('',*,*,#1317,.T.);
#1747=ORIENTED_EDGE('',*,*,#1320,.T.);
#1748=ORIENTED_EDGE('',*,*,#1319,.T.);
#1749=ORIENTED_EDGE('',*,*,#1321,.T.);
#1750=ORIENTED_EDGE('',*,*,#1322,.F.);
#1751=ORIENTED_EDGE('',*,*,#1298,.T.);
#1752=ORIENTED_EDGE('',*,*,#1322,.T.);
#1753=ORIENTED_EDGE('',*,*,#1323,.T.);
#1754=ORIENTED_EDGE('',*,*,#1308,.T.);
#1755=ORIENTED_EDGE('',*,*,#1299,.T.);
#1756=ORIENTED_EDGE('',*,*,#1321,.F.);
#1757=ORIENTED_EDGE('',*,*,#1320,.F.);
#1758=ORIENTED_EDGE('',*,*,#1318,.F.);
#1759=ORIENTED_EDGE('',*,*,#1316,.F.);
#1760=ORIENTED_EDGE('',*,*,#1313,.F.);
#1761=ORIENTED_EDGE('',*,*,#1311,.F.);
#1762=ORIENTED_EDGE('',*,*,#1309,.F.);
#1763=ORIENTED_EDGE('',*,*,#1323,.F.);
#1764=ORIENTED_EDGE('',*,*,#1248,.T.);
#1765=ORIENTED_EDGE('',*,*,#1230,.T.);
#1766=ORIENTED_EDGE('',*,*,#1234,.T.);
#1767=ORIENTED_EDGE('',*,*,#1237,.T.);
#1768=ORIENTED_EDGE('',*,*,#1240,.T.);
#1769=ORIENTED_EDGE('',*,*,#1243,.T.);
#1770=ORIENTED_EDGE('',*,*,#1246,.T.);
#1771=ORIENTED_EDGE('',*,*,#1251,.T.);
#1772=ORIENTED_EDGE('',*,*,#1324,.T.);
#1773=ORIENTED_EDGE('',*,*,#1324,.F.);
#1774=ORIENTED_EDGE('',*,*,#1325,.T.);
#1775=ORIENTED_EDGE('',*,*,#1326,.T.);
#1776=ORIENTED_EDGE('',*,*,#1325,.F.);
#1777=ORIENTED_EDGE('',*,*,#1327,.T.);
#1778=ORIENTED_EDGE('',*,*,#1326,.F.);
#1779=ORIENTED_EDGE('',*,*,#1327,.F.);
#1780=ORIENTED_EDGE('',*,*,#1328,.T.);
#1781=ORIENTED_EDGE('',*,*,#1329,.T.);
#1782=ORIENTED_EDGE('',*,*,#1328,.F.);
#1783=ORIENTED_EDGE('',*,*,#1330,.T.);
#1784=ORIENTED_EDGE('',*,*,#1331,.F.);
#1785=ORIENTED_EDGE('',*,*,#1332,.T.);
#1786=ORIENTED_EDGE('',*,*,#1333,.T.);
#1787=ORIENTED_EDGE('',*,*,#1334,.T.);
#1788=ORIENTED_EDGE('',*,*,#1335,.F.);
#1789=ORIENTED_EDGE('',*,*,#1330,.F.);
#1790=ORIENTED_EDGE('',*,*,#1336,.T.);
#1791=ORIENTED_EDGE('',*,*,#1337,.T.);
#1792=ORIENTED_EDGE('',*,*,#1338,.F.);
#1793=ORIENTED_EDGE('',*,*,#1334,.F.);
#1794=ORIENTED_EDGE('',*,*,#1339,.T.);
#1795=ORIENTED_EDGE('',*,*,#1340,.T.);
#1796=ORIENTED_EDGE('',*,*,#1341,.F.);
#1797=ORIENTED_EDGE('',*,*,#1337,.F.);
#1798=ORIENTED_EDGE('',*,*,#1342,.T.);
#1799=ORIENTED_EDGE('',*,*,#1343,.T.);
#1800=ORIENTED_EDGE('',*,*,#1344,.F.);
#1801=ORIENTED_EDGE('',*,*,#1340,.F.);
#1802=ORIENTED_EDGE('',*,*,#1345,.T.);
#1803=ORIENTED_EDGE('',*,*,#1346,.T.);
#1804=ORIENTED_EDGE('',*,*,#1347,.F.);
#1805=ORIENTED_EDGE('',*,*,#1343,.F.);
#1806=ORIENTED_EDGE('',*,*,#1348,.T.);
#1807=ORIENTED_EDGE('',*,*,#1349,.T.);
#1808=ORIENTED_EDGE('',*,*,#1350,.F.);
#1809=ORIENTED_EDGE('',*,*,#1346,.F.);
#1810=ORIENTED_EDGE('',*,*,#1351,.T.);
#1811=ORIENTED_EDGE('',*,*,#1352,.T.);
#1812=ORIENTED_EDGE('',*,*,#1353,.F.);
#1813=ORIENTED_EDGE('',*,*,#1349,.F.);
#1814=ORIENTED_EDGE('',*,*,#1354,.T.);
#1815=ORIENTED_EDGE('',*,*,#1355,.T.);
#1816=ORIENTED_EDGE('',*,*,#1356,.F.);
#1817=ORIENTED_EDGE('',*,*,#1352,.F.);
#1818=ORIENTED_EDGE('',*,*,#1357,.T.);
#1819=ORIENTED_EDGE('',*,*,#1332,.F.);
#1820=ORIENTED_EDGE('',*,*,#1358,.F.);
#1821=ORIENTED_EDGE('',*,*,#1355,.F.);
#1822=ORIENTED_EDGE('',*,*,#1359,.T.);
#1823=ORIENTED_EDGE('',*,*,#1360,.F.);
#1824=ORIENTED_EDGE('',*,*,#1361,.T.);
#1825=ORIENTED_EDGE('',*,*,#1362,.T.);
#1826=ORIENTED_EDGE('',*,*,#1361,.F.);
#1827=ORIENTED_EDGE('',*,*,#1363,.F.);
#1828=ORIENTED_EDGE('',*,*,#1364,.T.);
#1829=ORIENTED_EDGE('',*,*,#1365,.T.);
#1830=ORIENTED_EDGE('',*,*,#1364,.F.);
#1831=ORIENTED_EDGE('',*,*,#1329,.F.);
#1832=ORIENTED_EDGE('',*,*,#1366,.T.);
#1833=ORIENTED_EDGE('',*,*,#1367,.T.);
#1834=ORIENTED_EDGE('',*,*,#1366,.F.);
#1835=ORIENTED_EDGE('',*,*,#1333,.F.);
#1836=ORIENTED_EDGE('',*,*,#1368,.T.);
#1837=ORIENTED_EDGE('',*,*,#1369,.T.);
#1838=ORIENTED_EDGE('',*,*,#1370,.T.);
#1839=ORIENTED_EDGE('',*,*,#1336,.F.);
#1840=ORIENTED_EDGE('',*,*,#1370,.F.);
#1841=ORIENTED_EDGE('',*,*,#1371,.T.);
#1842=ORIENTED_EDGE('',*,*,#1372,.T.);
#1843=ORIENTED_EDGE('',*,*,#1339,.F.);
#1844=ORIENTED_EDGE('',*,*,#1372,.F.);
#1845=ORIENTED_EDGE('',*,*,#1373,.T.);
#1846=ORIENTED_EDGE('',*,*,#1374,.T.);
#1847=ORIENTED_EDGE('',*,*,#1342,.F.);
#1848=ORIENTED_EDGE('',*,*,#1374,.F.);
#1849=ORIENTED_EDGE('',*,*,#1375,.T.);
#1850=ORIENTED_EDGE('',*,*,#1376,.T.);
#1851=ORIENTED_EDGE('',*,*,#1377,.T.);
#1852=ORIENTED_EDGE('',*,*,#1378,.T.);
#1853=ORIENTED_EDGE('',*,*,#1345,.F.);
#1854=ORIENTED_EDGE('',*,*,#1376,.F.);
#1855=ORIENTED_EDGE('',*,*,#1379,.T.);
#1856=ORIENTED_EDGE('',*,*,#1380,.T.);
#1857=ORIENTED_EDGE('',*,*,#1348,.F.);
#1858=ORIENTED_EDGE('',*,*,#1378,.F.);
#1859=ORIENTED_EDGE('',*,*,#1381,.T.);
#1860=ORIENTED_EDGE('',*,*,#1382,.T.);
#1861=ORIENTED_EDGE('',*,*,#1351,.F.);
#1862=ORIENTED_EDGE('',*,*,#1380,.F.);
#1863=ORIENTED_EDGE('',*,*,#1383,.T.);
#1864=ORIENTED_EDGE('',*,*,#1384,.T.);
#1865=ORIENTED_EDGE('',*,*,#1354,.F.);
#1866=ORIENTED_EDGE('',*,*,#1382,.F.);
#1867=ORIENTED_EDGE('',*,*,#1357,.F.);
#1868=ORIENTED_EDGE('',*,*,#1384,.F.);
#1869=ORIENTED_EDGE('',*,*,#1385,.T.);
#1870=ORIENTED_EDGE('',*,*,#1386,.T.);
#1871=ORIENTED_EDGE('',*,*,#1359,.F.);
#1872=ORIENTED_EDGE('',*,*,#1386,.F.);
#1873=ORIENTED_EDGE('',*,*,#1387,.T.);
#1874=ORIENTED_EDGE('',*,*,#1368,.F.);
#1875=ORIENTED_EDGE('',*,*,#1362,.F.);
#1876=ORIENTED_EDGE('',*,*,#1388,.T.);
#1877=ORIENTED_EDGE('',*,*,#1389,.T.);
#1878=ORIENTED_EDGE('',*,*,#1388,.F.);
#1879=ORIENTED_EDGE('',*,*,#1365,.F.);
#1880=ORIENTED_EDGE('',*,*,#1390,.T.);
#1881=ORIENTED_EDGE('',*,*,#1391,.T.);
#1882=ORIENTED_EDGE('',*,*,#1390,.F.);
#1883=ORIENTED_EDGE('',*,*,#1392,.T.);
#1884=ORIENTED_EDGE('',*,*,#1393,.T.);
#1885=ORIENTED_EDGE('',*,*,#1394,.T.);
#1886=ORIENTED_EDGE('',*,*,#1395,.T.);
#1887=ORIENTED_EDGE('',*,*,#1396,.T.);
#1888=ORIENTED_EDGE('',*,*,#1397,.T.);
#1889=ORIENTED_EDGE('',*,*,#1398,.T.);
#1890=ORIENTED_EDGE('',*,*,#1399,.T.);
#1891=ORIENTED_EDGE('',*,*,#1250,.T.);
#1892=ORIENTED_EDGE('',*,*,#1244,.T.);
#1893=ORIENTED_EDGE('',*,*,#1241,.T.);
#1894=ORIENTED_EDGE('',*,*,#1238,.T.);
#1895=ORIENTED_EDGE('',*,*,#1235,.T.);
#1896=ORIENTED_EDGE('',*,*,#1232,.T.);
#1897=ORIENTED_EDGE('',*,*,#1228,.T.);
#1898=ORIENTED_EDGE('',*,*,#1247,.T.);
#1899=ORIENTED_EDGE('',*,*,#1400,.T.);
#1900=ORIENTED_EDGE('',*,*,#1401,.T.);
#1901=ORIENTED_EDGE('',*,*,#1402,.T.);
#1902=ORIENTED_EDGE('',*,*,#1397,.F.);
#1903=ORIENTED_EDGE('',*,*,#1402,.F.);
#1904=ORIENTED_EDGE('',*,*,#1403,.T.);
#1905=ORIENTED_EDGE('',*,*,#1404,.T.);
#1906=ORIENTED_EDGE('',*,*,#1398,.F.);
#1907=ORIENTED_EDGE('',*,*,#1196,.T.);
#1908=ORIENTED_EDGE('',*,*,#1199,.T.);
#1909=ORIENTED_EDGE('',*,*,#1202,.T.);
#1910=ORIENTED_EDGE('',*,*,#1203,.T.);
#1911=ORIENTED_EDGE('',*,*,#1206,.T.);
#1912=ORIENTED_EDGE('',*,*,#1207,.T.);
#1913=ORIENTED_EDGE('',*,*,#1209,.T.);
#1914=ORIENTED_EDGE('',*,*,#1211,.T.);
#1915=ORIENTED_EDGE('',*,*,#1404,.F.);
#1916=ORIENTED_EDGE('',*,*,#1405,.T.);
#1917=ORIENTED_EDGE('',*,*,#1406,.T.);
#1918=ORIENTED_EDGE('',*,*,#1399,.F.);
#1919=ORIENTED_EDGE('',*,*,#1406,.F.);
#1920=ORIENTED_EDGE('',*,*,#1407,.T.);
#1921=ORIENTED_EDGE('',*,*,#1408,.T.);
#1922=ORIENTED_EDGE('',*,*,#1392,.F.);
#1923=ORIENTED_EDGE('',*,*,#1367,.F.);
#1924=ORIENTED_EDGE('',*,*,#1408,.F.);
#1925=ORIENTED_EDGE('',*,*,#1409,.T.);
#1926=ORIENTED_EDGE('',*,*,#1410,.T.);
#1927=ORIENTED_EDGE('',*,*,#1393,.F.);
#1928=ORIENTED_EDGE('',*,*,#1410,.F.);
#1929=ORIENTED_EDGE('',*,*,#1411,.T.);
#1930=ORIENTED_EDGE('',*,*,#1412,.T.);
#1931=ORIENTED_EDGE('',*,*,#1394,.F.);
#1932=ORIENTED_EDGE('',*,*,#1391,.F.);
#1933=ORIENTED_EDGE('',*,*,#1389,.F.);
#1934=ORIENTED_EDGE('',*,*,#1385,.F.);
#1935=ORIENTED_EDGE('',*,*,#1383,.F.);
#1936=ORIENTED_EDGE('',*,*,#1381,.F.);
#1937=ORIENTED_EDGE('',*,*,#1379,.F.);
#1938=ORIENTED_EDGE('',*,*,#1377,.F.);
#1939=ORIENTED_EDGE('',*,*,#1375,.F.);
#1940=ORIENTED_EDGE('',*,*,#1373,.F.);
#1941=ORIENTED_EDGE('',*,*,#1371,.F.);
#1942=ORIENTED_EDGE('',*,*,#1369,.F.);
#1943=ORIENTED_EDGE('',*,*,#1387,.F.);
#1944=ORIENTED_EDGE('',*,*,#1412,.F.);
#1945=ORIENTED_EDGE('',*,*,#1413,.T.);
#1946=ORIENTED_EDGE('',*,*,#1414,.T.);
#1947=ORIENTED_EDGE('',*,*,#1395,.F.);
#1948=ORIENTED_EDGE('',*,*,#1414,.F.);
#1949=ORIENTED_EDGE('',*,*,#1415,.T.);
#1950=ORIENTED_EDGE('',*,*,#1400,.F.);
#1951=ORIENTED_EDGE('',*,*,#1396,.F.);
#1952=ORIENTED_EDGE('',*,*,#1363,.T.);
#1953=ORIENTED_EDGE('',*,*,#1360,.T.);
#1954=ORIENTED_EDGE('',*,*,#1416,.F.);
#1955=ORIENTED_EDGE('',*,*,#1405,.F.);
#1956=ORIENTED_EDGE('',*,*,#1417,.F.);
#1957=ORIENTED_EDGE('',*,*,#1183,.F.);
#1958=ORIENTED_EDGE('',*,*,#1417,.T.);
#1959=ORIENTED_EDGE('',*,*,#1403,.F.);
#1960=ORIENTED_EDGE('',*,*,#1418,.F.);
#1961=ORIENTED_EDGE('',*,*,#1184,.F.);
#1962=ORIENTED_EDGE('',*,*,#1416,.T.);
#1963=ORIENTED_EDGE('',*,*,#1182,.F.);
#1964=ORIENTED_EDGE('',*,*,#1419,.F.);
#1965=ORIENTED_EDGE('',*,*,#1407,.F.);
#1966=ORIENTED_EDGE('',*,*,#1418,.T.);
#1967=ORIENTED_EDGE('',*,*,#1401,.F.);
#1968=ORIENTED_EDGE('',*,*,#1420,.F.);
#1969=ORIENTED_EDGE('',*,*,#1185,.F.);
#1970=ORIENTED_EDGE('',*,*,#1419,.T.);
#1971=ORIENTED_EDGE('',*,*,#1181,.F.);
#1972=ORIENTED_EDGE('',*,*,#1421,.F.);
#1973=ORIENTED_EDGE('',*,*,#1409,.F.);
#1974=ORIENTED_EDGE('',*,*,#1420,.T.);
#1975=ORIENTED_EDGE('',*,*,#1415,.F.);
#1976=ORIENTED_EDGE('',*,*,#1422,.F.);
#1977=ORIENTED_EDGE('',*,*,#1178,.F.);
#1978=ORIENTED_EDGE('',*,*,#1421,.T.);
#1979=ORIENTED_EDGE('',*,*,#1180,.F.);
#1980=ORIENTED_EDGE('',*,*,#1423,.F.);
#1981=ORIENTED_EDGE('',*,*,#1411,.F.);
#1982=ORIENTED_EDGE('',*,*,#1422,.T.);
#1983=ORIENTED_EDGE('',*,*,#1413,.F.);
#1984=ORIENTED_EDGE('',*,*,#1423,.T.);
#1985=ORIENTED_EDGE('',*,*,#1179,.F.);
#1986=ORIENTED_EDGE('',*,*,#1356,.T.);
#1987=ORIENTED_EDGE('',*,*,#1358,.T.);
#1988=ORIENTED_EDGE('',*,*,#1331,.T.);
#1989=ORIENTED_EDGE('',*,*,#1335,.T.);
#1990=ORIENTED_EDGE('',*,*,#1338,.T.);
#1991=ORIENTED_EDGE('',*,*,#1341,.T.);
#1992=ORIENTED_EDGE('',*,*,#1344,.T.);
#1993=ORIENTED_EDGE('',*,*,#1347,.T.);
#1994=ORIENTED_EDGE('',*,*,#1350,.T.);
#1995=ORIENTED_EDGE('',*,*,#1353,.T.);
#1996=ORIENTED_EDGE('',*,*,#1424,.F.);
#1997=ORIENTED_EDGE('',*,*,#1425,.F.);
#1998=ORIENTED_EDGE('',*,*,#1426,.F.);
#1999=ORIENTED_EDGE('',*,*,#1427,.F.);
#2000=ORIENTED_EDGE('',*,*,#1428,.F.);
#2001=ORIENTED_EDGE('',*,*,#1429,.F.);
#2002=ORIENTED_EDGE('',*,*,#1430,.F.);
#2003=ORIENTED_EDGE('',*,*,#1431,.F.);
#2004=ORIENTED_EDGE('',*,*,#1432,.F.);
#2005=ORIENTED_EDGE('',*,*,#1433,.F.);
#2006=ORIENTED_EDGE('',*,*,#1434,.F.);
#2007=ORIENTED_EDGE('',*,*,#1435,.F.);
#2008=ORIENTED_EDGE('',*,*,#1436,.F.);
#2009=ORIENTED_EDGE('',*,*,#1437,.F.);
#2010=ORIENTED_EDGE('',*,*,#1438,.F.);
#2011=ORIENTED_EDGE('',*,*,#1439,.F.);
#2012=ORIENTED_EDGE('',*,*,#1440,.F.);
#2013=ORIENTED_EDGE('',*,*,#1441,.F.);
#2014=ORIENTED_EDGE('',*,*,#1424,.T.);
#2015=ORIENTED_EDGE('',*,*,#1442,.F.);
#2016=ORIENTED_EDGE('',*,*,#1443,.F.);
#2017=ORIENTED_EDGE('',*,*,#1444,.T.);
#2018=ORIENTED_EDGE('',*,*,#1425,.T.);
#2019=ORIENTED_EDGE('',*,*,#1444,.F.);
#2020=ORIENTED_EDGE('',*,*,#1445,.F.);
#2021=ORIENTED_EDGE('',*,*,#1446,.T.);
#2022=ORIENTED_EDGE('',*,*,#1426,.T.);
#2023=ORIENTED_EDGE('',*,*,#1446,.F.);
#2024=ORIENTED_EDGE('',*,*,#1447,.F.);
#2025=ORIENTED_EDGE('',*,*,#1448,.T.);
#2026=ORIENTED_EDGE('',*,*,#1427,.T.);
#2027=ORIENTED_EDGE('',*,*,#1448,.F.);
#2028=ORIENTED_EDGE('',*,*,#1449,.F.);
#2029=ORIENTED_EDGE('',*,*,#1450,.T.);
#2030=ORIENTED_EDGE('',*,*,#1428,.T.);
#2031=ORIENTED_EDGE('',*,*,#1450,.F.);
#2032=ORIENTED_EDGE('',*,*,#1451,.F.);
#2033=ORIENTED_EDGE('',*,*,#1452,.T.);
#2034=ORIENTED_EDGE('',*,*,#1429,.T.);
#2035=ORIENTED_EDGE('',*,*,#1452,.F.);
#2036=ORIENTED_EDGE('',*,*,#1453,.F.);
#2037=ORIENTED_EDGE('',*,*,#1454,.T.);
#2038=ORIENTED_EDGE('',*,*,#1430,.T.);
#2039=ORIENTED_EDGE('',*,*,#1454,.F.);
#2040=ORIENTED_EDGE('',*,*,#1455,.F.);
#2041=ORIENTED_EDGE('',*,*,#1456,.T.);
#2042=ORIENTED_EDGE('',*,*,#1431,.T.);
#2043=ORIENTED_EDGE('',*,*,#1456,.F.);
#2044=ORIENTED_EDGE('',*,*,#1457,.F.);
#2045=ORIENTED_EDGE('',*,*,#1458,.T.);
#2046=ORIENTED_EDGE('',*,*,#1432,.T.);
#2047=ORIENTED_EDGE('',*,*,#1458,.F.);
#2048=ORIENTED_EDGE('',*,*,#1459,.F.);
#2049=ORIENTED_EDGE('',*,*,#1460,.T.);
#2050=ORIENTED_EDGE('',*,*,#1433,.T.);
#2051=ORIENTED_EDGE('',*,*,#1460,.F.);
#2052=ORIENTED_EDGE('',*,*,#1461,.F.);
#2053=ORIENTED_EDGE('',*,*,#1462,.T.);
#2054=ORIENTED_EDGE('',*,*,#1434,.T.);
#2055=ORIENTED_EDGE('',*,*,#1462,.F.);
#2056=ORIENTED_EDGE('',*,*,#1463,.F.);
#2057=ORIENTED_EDGE('',*,*,#1464,.T.);
#2058=ORIENTED_EDGE('',*,*,#1435,.T.);
#2059=ORIENTED_EDGE('',*,*,#1464,.F.);
#2060=ORIENTED_EDGE('',*,*,#1465,.F.);
#2061=ORIENTED_EDGE('',*,*,#1466,.T.);
#2062=ORIENTED_EDGE('',*,*,#1436,.T.);
#2063=ORIENTED_EDGE('',*,*,#1466,.F.);
#2064=ORIENTED_EDGE('',*,*,#1467,.F.);
#2065=ORIENTED_EDGE('',*,*,#1468,.T.);
#2066=ORIENTED_EDGE('',*,*,#1437,.T.);
#2067=ORIENTED_EDGE('',*,*,#1468,.F.);
#2068=ORIENTED_EDGE('',*,*,#1469,.F.);
#2069=ORIENTED_EDGE('',*,*,#1470,.T.);
#2070=ORIENTED_EDGE('',*,*,#1438,.T.);
#2071=ORIENTED_EDGE('',*,*,#1470,.F.);
#2072=ORIENTED_EDGE('',*,*,#1471,.F.);
#2073=ORIENTED_EDGE('',*,*,#1472,.T.);
#2074=ORIENTED_EDGE('',*,*,#1439,.T.);
#2075=ORIENTED_EDGE('',*,*,#1472,.F.);
#2076=ORIENTED_EDGE('',*,*,#1473,.F.);
#2077=ORIENTED_EDGE('',*,*,#1474,.T.);
#2078=ORIENTED_EDGE('',*,*,#1440,.T.);
#2079=ORIENTED_EDGE('',*,*,#1474,.F.);
#2080=ORIENTED_EDGE('',*,*,#1475,.F.);
#2081=ORIENTED_EDGE('',*,*,#1476,.T.);
#2082=ORIENTED_EDGE('',*,*,#1441,.T.);
#2083=ORIENTED_EDGE('',*,*,#1476,.F.);
#2084=ORIENTED_EDGE('',*,*,#1477,.F.);
#2085=ORIENTED_EDGE('',*,*,#1442,.T.);
#2086=ORIENTED_EDGE('',*,*,#1443,.T.);
#2087=ORIENTED_EDGE('',*,*,#1477,.T.);
#2088=ORIENTED_EDGE('',*,*,#1475,.T.);
#2089=ORIENTED_EDGE('',*,*,#1473,.T.);
#2090=ORIENTED_EDGE('',*,*,#1471,.T.);
#2091=ORIENTED_EDGE('',*,*,#1469,.T.);
#2092=ORIENTED_EDGE('',*,*,#1467,.T.);
#2093=ORIENTED_EDGE('',*,*,#1465,.T.);
#2094=ORIENTED_EDGE('',*,*,#1463,.T.);
#2095=ORIENTED_EDGE('',*,*,#1461,.T.);
#2096=ORIENTED_EDGE('',*,*,#1459,.T.);
#2097=ORIENTED_EDGE('',*,*,#1457,.T.);
#2098=ORIENTED_EDGE('',*,*,#1455,.T.);
#2099=ORIENTED_EDGE('',*,*,#1453,.T.);
#2100=ORIENTED_EDGE('',*,*,#1451,.T.);
#2101=ORIENTED_EDGE('',*,*,#1449,.T.);
#2102=ORIENTED_EDGE('',*,*,#1447,.T.);
#2103=ORIENTED_EDGE('',*,*,#1445,.T.);
#2104=ORIENTED_EDGE('',*,*,#1478,.T.);
#2105=ORIENTED_EDGE('',*,*,#1479,.T.);
#2106=ORIENTED_EDGE('',*,*,#1480,.F.);
#2107=ORIENTED_EDGE('',*,*,#1221,.F.);
#2108=ORIENTED_EDGE('',*,*,#1480,.T.);
#2109=ORIENTED_EDGE('',*,*,#1481,.T.);
#2110=ORIENTED_EDGE('',*,*,#1482,.F.);
#2111=ORIENTED_EDGE('',*,*,#1222,.F.);
#2112=ORIENTED_EDGE('',*,*,#1482,.T.);
#2113=ORIENTED_EDGE('',*,*,#1483,.T.);
#2114=ORIENTED_EDGE('',*,*,#1484,.F.);
#2115=ORIENTED_EDGE('',*,*,#1223,.F.);
#2116=ORIENTED_EDGE('',*,*,#1484,.T.);
#2117=ORIENTED_EDGE('',*,*,#1485,.T.);
#2118=ORIENTED_EDGE('',*,*,#1486,.F.);
#2119=ORIENTED_EDGE('',*,*,#1224,.F.);
#2120=ORIENTED_EDGE('',*,*,#1486,.T.);
#2121=ORIENTED_EDGE('',*,*,#1487,.T.);
#2122=ORIENTED_EDGE('',*,*,#1488,.F.);
#2123=ORIENTED_EDGE('',*,*,#1225,.F.);
#2124=ORIENTED_EDGE('',*,*,#1488,.T.);
#2125=ORIENTED_EDGE('',*,*,#1489,.T.);
#2126=ORIENTED_EDGE('',*,*,#1490,.F.);
#2127=ORIENTED_EDGE('',*,*,#1226,.F.);
#2128=ORIENTED_EDGE('',*,*,#1490,.T.);
#2129=ORIENTED_EDGE('',*,*,#1491,.T.);
#2130=ORIENTED_EDGE('',*,*,#1492,.F.);
#2131=ORIENTED_EDGE('',*,*,#1227,.F.);
#2132=ORIENTED_EDGE('',*,*,#1492,.T.);
#2133=ORIENTED_EDGE('',*,*,#1493,.T.);
#2134=ORIENTED_EDGE('',*,*,#1478,.F.);
#2135=ORIENTED_EDGE('',*,*,#1220,.F.);
#2136=ORIENTED_EDGE('',*,*,#1494,.T.);
#2137=ORIENTED_EDGE('',*,*,#1495,.T.);
#2138=ORIENTED_EDGE('',*,*,#1496,.T.);
#2139=ORIENTED_EDGE('',*,*,#1497,.T.);
#2140=ORIENTED_EDGE('',*,*,#1498,.T.);
#2141=ORIENTED_EDGE('',*,*,#1499,.T.);
#2142=ORIENTED_EDGE('',*,*,#1500,.T.);
#2143=ORIENTED_EDGE('',*,*,#1501,.T.);
#2144=ORIENTED_EDGE('',*,*,#1502,.F.);
#2145=ORIENTED_EDGE('',*,*,#1483,.F.);
#2146=ORIENTED_EDGE('',*,*,#1503,.F.);
#2147=ORIENTED_EDGE('',*,*,#1499,.F.);
#2148=ORIENTED_EDGE('',*,*,#1503,.T.);
#2149=ORIENTED_EDGE('',*,*,#1481,.F.);
#2150=ORIENTED_EDGE('',*,*,#1504,.F.);
#2151=ORIENTED_EDGE('',*,*,#1500,.F.);
#2152=ORIENTED_EDGE('',*,*,#1502,.T.);
#2153=ORIENTED_EDGE('',*,*,#1498,.F.);
#2154=ORIENTED_EDGE('',*,*,#1505,.F.);
#2155=ORIENTED_EDGE('',*,*,#1485,.F.);
#2156=ORIENTED_EDGE('',*,*,#1504,.T.);
#2157=ORIENTED_EDGE('',*,*,#1479,.F.);
#2158=ORIENTED_EDGE('',*,*,#1506,.F.);
#2159=ORIENTED_EDGE('',*,*,#1501,.F.);
#2160=ORIENTED_EDGE('',*,*,#1505,.T.);
#2161=ORIENTED_EDGE('',*,*,#1497,.F.);
#2162=ORIENTED_EDGE('',*,*,#1507,.F.);
#2163=ORIENTED_EDGE('',*,*,#1487,.F.);
#2164=ORIENTED_EDGE('',*,*,#1506,.T.);
#2165=ORIENTED_EDGE('',*,*,#1493,.F.);
#2166=ORIENTED_EDGE('',*,*,#1508,.F.);
#2167=ORIENTED_EDGE('',*,*,#1494,.F.);
#2168=ORIENTED_EDGE('',*,*,#1507,.T.);
#2169=ORIENTED_EDGE('',*,*,#1496,.F.);
#2170=ORIENTED_EDGE('',*,*,#1509,.F.);
#2171=ORIENTED_EDGE('',*,*,#1489,.F.);
#2172=ORIENTED_EDGE('',*,*,#1508,.T.);
#2173=ORIENTED_EDGE('',*,*,#1491,.F.);
#2174=ORIENTED_EDGE('',*,*,#1509,.T.);
#2175=ORIENTED_EDGE('',*,*,#1495,.F.);
#2176=ORIENTED_EDGE('',*,*,#1510,.F.);
#2177=ORIENTED_EDGE('',*,*,#1511,.T.);
#2178=ORIENTED_EDGE('',*,*,#1187,.T.);
#2179=ORIENTED_EDGE('',*,*,#1511,.F.);
#2180=ORIENTED_EDGE('',*,*,#1510,.T.);
#2181=ORIENTED_EDGE('',*,*,#1512,.F.);
#2182=ORIENTED_EDGE('',*,*,#1513,.T.);
#2183=ORIENTED_EDGE('',*,*,#1186,.T.);
#2184=ORIENTED_EDGE('',*,*,#1513,.F.);
#2185=ORIENTED_EDGE('',*,*,#1512,.T.);
#2186=PLANE('',#2413);
#2187=PLANE('',#2416);
#2188=PLANE('',#2421);
#2189=PLANE('',#2424);
#2190=PLANE('',#2427);
#2191=PLANE('',#2430);
#2192=PLANE('',#2433);
#2193=PLANE('',#2434);
#2194=PLANE('',#2435);
#2195=PLANE('',#2436);
#2196=PLANE('',#2437);
#2197=PLANE('',#2450);
#2198=PLANE('',#2451);
#2199=PLANE('',#2452);
#2200=PLANE('',#2453);
#2201=PLANE('',#2454);
#2202=PLANE('',#2455);
#2203=PLANE('',#2456);
#2204=PLANE('',#2457);
#2205=PLANE('',#2458);
#2206=PLANE('',#2471);
#2207=PLANE('',#2472);
#2208=PLANE('',#2476);
#2209=PLANE('',#2483);
#2210=PLANE('',#2487);
#2211=PLANE('',#2491);
#2212=PLANE('',#2495);
#2213=PLANE('',#2499);
#2214=PLANE('',#2510);
#2215=PLANE('',#2513);
#2216=PLANE('',#2516);
#2217=PLANE('',#2519);
#2218=PLANE('',#2522);
#2219=PLANE('',#2527);
#2220=PLANE('',#2528);
#2221=PLANE('',#2529);
#2222=PLANE('',#2530);
#2223=PLANE('',#2531);
#2224=PLANE('',#2532);
#2225=PLANE('',#2533);
#2226=PLANE('',#2546);
#2227=PLANE('',#2558);
#2228=PLANE('',#2561);
#2229=PLANE('',#2564);
#2230=PLANE('',#2567);
#2231=PLANE('',#2570);
#2232=PLANE('',#2573);
#2233=PLANE('',#2576);
#2234=PLANE('',#2579);
#2235=PLANE('',#2582);
#2236=PLANE('',#2583);
#2237=PLANE('',#2584);
#2238=PLANE('',#2585);
#2239=PLANE('',#2586);
#2240=PLANE('',#2587);
#2241=PLANE('',#2588);
#2242=PLANE('',#2589);
#2243=PLANE('',#2590);
#2244=PLANE('',#2591);
#2245=PLANE('',#2592);
#2246=PLANE('',#2595);
#2247=PLANE('',#2598);
#2248=ADVANCED_FACE('',(#216,#123,#124),#2186,.F.);
#2249=ADVANCED_FACE('',(#217),#2187,.F.);
#2250=ADVANCED_FACE('',(#218),#2188,.T.);
#2251=ADVANCED_FACE('',(#219),#87,.T.);
#2252=ADVANCED_FACE('',(#220),#2189,.T.);
#2253=ADVANCED_FACE('',(#221),#88,.T.);
#2254=ADVANCED_FACE('',(#222),#2190,.T.);
#2255=ADVANCED_FACE('',(#223),#89,.T.);
#2256=ADVANCED_FACE('',(#224),#2191,.T.);
#2257=ADVANCED_FACE('',(#225),#90,.T.);
#2258=ADVANCED_FACE('',(#226,#125),#2192,.F.);
#2259=ADVANCED_FACE('',(#227),#2193,.T.);
#2260=ADVANCED_FACE('',(#228),#63,.T.);
#2261=ADVANCED_FACE('',(#229),#2194,.T.);
#2262=ADVANCED_FACE('',(#230),#64,.T.);
#2263=ADVANCED_FACE('',(#231),#2195,.T.);
#2264=ADVANCED_FACE('',(#232),#65,.T.);
#2265=ADVANCED_FACE('',(#233),#66,.T.);
#2266=ADVANCED_FACE('',(#234),#2196,.T.);
#2267=ADVANCED_FACE('',(#235),#22,.T.);
#2268=ADVANCED_FACE('',(#236),#91,.T.);
#2269=ADVANCED_FACE('',(#237),#23,.T.);
#2270=ADVANCED_FACE('',(#238),#92,.T.);
#2271=ADVANCED_FACE('',(#239),#24,.T.);
#2272=ADVANCED_FACE('',(#240),#93,.T.);
#2273=ADVANCED_FACE('',(#241),#25,.T.);
#2274=ADVANCED_FACE('',(#242),#94,.T.);
#2275=ADVANCED_FACE('',(#243,#126),#2197,.T.);
#2276=ADVANCED_FACE('',(#244),#67,.T.);
#2277=ADVANCED_FACE('',(#245),#2198,.T.);
#2278=ADVANCED_FACE('',(#246),#68,.T.);
#2279=ADVANCED_FACE('',(#247),#2199,.T.);
#2280=ADVANCED_FACE('',(#248),#69,.T.);
#2281=ADVANCED_FACE('',(#249),#2200,.T.);
#2282=ADVANCED_FACE('',(#250),#70,.T.);
#2283=ADVANCED_FACE('',(#251),#2201,.T.);
#2284=ADVANCED_FACE('',(#252),#2202,.F.);
#2285=ADVANCED_FACE('',(#253),#71,.F.);
#2286=ADVANCED_FACE('',(#254),#2203,.F.);
#2287=ADVANCED_FACE('',(#255),#72,.F.);
#2288=ADVANCED_FACE('',(#256),#2204,.F.);
#2289=ADVANCED_FACE('',(#257),#73,.F.);
#2290=ADVANCED_FACE('',(#258),#2205,.F.);
#2291=ADVANCED_FACE('',(#259),#74,.F.);
#2292=ADVANCED_FACE('',(#260),#26,.T.);
#2293=ADVANCED_FACE('',(#261),#95,.T.);
#2294=ADVANCED_FACE('',(#262),#27,.T.);
#2295=ADVANCED_FACE('',(#263),#96,.T.);
#2296=ADVANCED_FACE('',(#264),#28,.T.);
#2297=ADVANCED_FACE('',(#265),#97,.T.);
#2298=ADVANCED_FACE('',(#266),#29,.T.);
#2299=ADVANCED_FACE('',(#267),#98,.T.);
#2300=ADVANCED_FACE('',(#268,#127),#2206,.F.);
#2301=ADVANCED_FACE('',(#269),#2207,.F.);
#2302=ADVANCED_FACE('',(#270),#99,.F.);
#2303=ADVANCED_FACE('',(#271,#128),#2208,.F.);
#2304=ADVANCED_FACE('',(#272),#100,.F.);
#2305=ADVANCED_FACE('',(#273),#101,.F.);
#2306=ADVANCED_FACE('',(#274),#2209,.F.);
#2307=ADVANCED_FACE('',(#275),#102,.F.);
#2308=ADVANCED_FACE('',(#276),#2210,.F.);
#2309=ADVANCED_FACE('',(#277),#103,.F.);
#2310=ADVANCED_FACE('',(#278),#2211,.F.);
#2311=ADVANCED_FACE('',(#279),#104,.F.);
#2312=ADVANCED_FACE('',(#280),#2212,.F.);
#2313=ADVANCED_FACE('',(#281),#105,.F.);
#2314=ADVANCED_FACE('',(#282),#2213,.F.);
#2315=ADVANCED_FACE('',(#283),#106,.F.);
#2316=ADVANCED_FACE('',(#284),#107,.F.);
#2317=ADVANCED_FACE('',(#285),#14,.F.);
#2318=ADVANCED_FACE('',(#286),#15,.F.);
#2319=ADVANCED_FACE('',(#287),#2214,.F.);
#2320=ADVANCED_FACE('',(#288),#16,.F.);
#2321=ADVANCED_FACE('',(#289),#2215,.F.);
#2322=ADVANCED_FACE('',(#290),#17,.F.);
#2323=ADVANCED_FACE('',(#291),#2216,.F.);
#2324=ADVANCED_FACE('',(#292),#18,.F.);
#2325=ADVANCED_FACE('',(#293),#2217,.F.);
#2326=ADVANCED_FACE('',(#294),#19,.F.);
#2327=ADVANCED_FACE('',(#295),#2218,.F.);
#2328=ADVANCED_FACE('',(#296),#20,.F.);
#2329=ADVANCED_FACE('',(#297),#21,.F.);
#2330=ADVANCED_FACE('',(#298,#129),#2219,.T.);
#2331=ADVANCED_FACE('',(#299),#75,.F.);
#2332=ADVANCED_FACE('',(#300,#130),#2220,.F.);
#2333=ADVANCED_FACE('',(#301),#76,.F.);
#2334=ADVANCED_FACE('',(#302,#131),#2221,.F.);
#2335=ADVANCED_FACE('',(#303),#77,.F.);
#2336=ADVANCED_FACE('',(#304,#132,#133,#134),#2222,.F.);
#2337=ADVANCED_FACE('',(#305),#78,.F.);
#2338=ADVANCED_FACE('',(#306),#2223,.F.);
#2339=ADVANCED_FACE('',(#307),#2224,.T.);
#2340=ADVANCED_FACE('',(#308),#2225,.T.);
#2341=ADVANCED_FACE('',(#309),#30,.T.);
#2342=ADVANCED_FACE('',(#310),#108,.T.);
#2343=ADVANCED_FACE('',(#311),#109,.T.);
#2344=ADVANCED_FACE('',(#312),#31,.T.);
#2345=ADVANCED_FACE('',(#313),#32,.T.);
#2346=ADVANCED_FACE('',(#314),#110,.T.);
#2347=ADVANCED_FACE('',(#315),#111,.T.);
#2348=ADVANCED_FACE('',(#316),#33,.T.);
#2349=ADVANCED_FACE('',(#317,#135),#2226,.T.);
#2350=ADVANCED_FACE('',(#318),#112,.F.);
#2351=ADVANCED_FACE('',(#319),#2227,.F.);
#2352=ADVANCED_FACE('',(#320),#113,.F.);
#2353=ADVANCED_FACE('',(#321),#2228,.F.);
#2354=ADVANCED_FACE('',(#322),#114,.F.);
#2355=ADVANCED_FACE('',(#323),#2229,.F.);
#2356=ADVANCED_FACE('',(#324),#115,.F.);
#2357=ADVANCED_FACE('',(#325),#2230,.F.);
#2358=ADVANCED_FACE('',(#326),#116,.F.);
#2359=ADVANCED_FACE('',(#327),#2231,.F.);
#2360=ADVANCED_FACE('',(#328),#117,.F.);
#2361=ADVANCED_FACE('',(#329),#2232,.F.);
#2362=ADVANCED_FACE('',(#330),#118,.T.);
#2363=ADVANCED_FACE('',(#331),#2233,.F.);
#2364=ADVANCED_FACE('',(#332),#119,.T.);
#2365=ADVANCED_FACE('',(#333),#2234,.F.);
#2366=ADVANCED_FACE('',(#334),#120,.F.);
#2367=ADVANCED_FACE('',(#335),#2235,.F.);
#2368=ADVANCED_FACE('',(#336),#2236,.T.);
#2369=ADVANCED_FACE('',(#337),#79,.T.);
#2370=ADVANCED_FACE('',(#338),#2237,.T.);
#2371=ADVANCED_FACE('',(#339),#80,.T.);
#2372=ADVANCED_FACE('',(#340),#2238,.T.);
#2373=ADVANCED_FACE('',(#341),#81,.T.);
#2374=ADVANCED_FACE('',(#342),#2239,.T.);
#2375=ADVANCED_FACE('',(#343),#82,.T.);
#2376=ADVANCED_FACE('',(#344),#2240,.T.);
#2377=ADVANCED_FACE('',(#345),#2241,.F.);
#2378=ADVANCED_FACE('',(#346),#83,.T.);
#2379=ADVANCED_FACE('',(#347),#2242,.T.);
#2380=ADVANCED_FACE('',(#348),#2243,.T.);
#2381=ADVANCED_FACE('',(#349),#84,.T.);
#2382=ADVANCED_FACE('',(#350),#85,.T.);
#2383=ADVANCED_FACE('',(#351),#2244,.T.);
#2384=ADVANCED_FACE('',(#352),#2245,.T.);
#2385=ADVANCED_FACE('',(#353),#86,.T.);
#2386=ADVANCED_FACE('',(#354),#121,.F.);
#2387=ADVANCED_FACE('',(#355),#2246,.T.);
#2388=ADVANCED_FACE('',(#356),#122,.F.);
#2389=ADVANCED_FACE('',(#357),#2247,.T.);
#2390=CLOSED_SHELL('',(#2248,#2249,#2250,#2251,#2252,#2253,#2254,#2255,
#2256,#2257,#2258,#2259,#2260,#2261,#2262,#2263,#2264,#2265,#2266,#2267,
#2268,#2269,#2270,#2271,#2272,#2273,#2274,#2275,#2276,#2277,#2278,#2279,
#2280,#2281,#2282,#2283,#2284,#2285,#2286,#2287,#2288,#2289,#2290,#2291,
#2292,#2293,#2294,#2295,#2296,#2297,#2298,#2299,#2300,#2301,#2302,#2303,
#2304,#2305,#2306,#2307,#2308,#2309,#2310,#2311,#2312,#2313,#2314,#2315,
#2316,#2317,#2318,#2319,#2320,#2321,#2322,#2323,#2324,#2325,#2326,#2327,
#2328,#2329,#2330,#2331,#2332,#2333,#2334,#2335,#2336,#2337,#2338,#2339,
#2340,#2341,#2342,#2343,#2344,#2345,#2346,#2347,#2348,#2349,#2350,#2351,
#2352,#2353,#2354,#2355,#2356,#2357,#2358,#2359,#2360,#2361,#2362,#2363,
#2364,#2365,#2366,#2367,#2368,#2369,#2370,#2371,#2372,#2373,#2374,#2375,
#2376,#2377,#2378,#2379,#2380,#2381,#2382,#2383,#2384,#2385,#2386,#2387,
#2388,#2389));
#2391=DERIVED_UNIT_ELEMENT(#2394,1.);
#2392=DERIVED_UNIT_ELEMENT(#8942,-3.);
#2393=DIMENSIONAL_EXPONENTS(0.,1.,0.,0.,0.,0.,0.);
#2394=(
CONVERSION_BASED_UNIT('gram',#2396)
MASS_UNIT()
NAMED_UNIT(#2393)
);
#2395=(
MASS_UNIT()
NAMED_UNIT(*)
SI_UNIT(.KILO.,.GRAM.)
);
#2396=MASS_MEASURE_WITH_UNIT(MASS_MEASURE(0.001),#2395);
#2397=DERIVED_UNIT((#2391,#2392));
#2398=MEASURE_REPRESENTATION_ITEM('density measure',
POSITIVE_RATIO_MEASURE(2.7),#2397);
#2399=PROPERTY_DEFINITION_REPRESENTATION(#2404,#2401);
#2400=PROPERTY_DEFINITION_REPRESENTATION(#2405,#2402);
#2401=REPRESENTATION('material name',(#2403),#8939);
#2402=REPRESENTATION('density',(#2398),#8939);
#2403=DESCRIPTIVE_REPRESENTATION_ITEM('\X2\0410043B044E043C0438043D04380439\X0\ 
6061','\X2\0410043B044E043C0438043D04380439\X0\ 6061');
#2404=PROPERTY_DEFINITION('material property','material name',#8949);
#2405=PROPERTY_DEFINITION('material property','density of part',#8949);
#2406=DATE_TIME_ROLE('creation_date');
#2407=APPLIED_DATE_AND_TIME_ASSIGNMENT(#2408,#2406,(#8949));
#2408=DATE_AND_TIME(#2409,#2410);
#2409=CALENDAR_DATE(2023,12,10);
#2410=LOCAL_TIME(6,1,54.,#2411);
#2411=COORDINATED_UNIVERSAL_TIME_OFFSET(0,0,.BEHIND.);
#2412=AXIS2_PLACEMENT_3D('',#3173,#2599,#2600);
#2413=AXIS2_PLACEMENT_3D('',#3174,#2601,#2602);
#2414=AXIS2_PLACEMENT_3D('',#3504,#2607,#2608);
#2415=AXIS2_PLACEMENT_3D('',#3506,#2609,#2610);
#2416=AXIS2_PLACEMENT_3D('',#3507,#2611,#2612);
#2417=AXIS2_PLACEMENT_3D('',#3510,#2613,#2614);
#2418=AXIS2_PLACEMENT_3D('',#3514,#2616,#2617);
#2419=AXIS2_PLACEMENT_3D('',#3518,#2619,#2620);
#2420=AXIS2_PLACEMENT_3D('',#3522,#2622,#2623);
#2421=AXIS2_PLACEMENT_3D('',#3524,#2625,#2626);
#2422=AXIS2_PLACEMENT_3D('',#3530,#2630,#2631);
#2423=AXIS2_PLACEMENT_3D('',#3532,#2632,#2633);
#2424=AXIS2_PLACEMENT_3D('',#3534,#2635,#2636);
#2425=AXIS2_PLACEMENT_3D('',#3538,#2639,#2640);
#2426=AXIS2_PLACEMENT_3D('',#3540,#2641,#2642);
#2427=AXIS2_PLACEMENT_3D('',#3542,#2644,#2645);
#2428=AXIS2_PLACEMENT_3D('',#3546,#2648,#2649);
#2429=AXIS2_PLACEMENT_3D('',#3548,#2650,#2651);
#2430=AXIS2_PLACEMENT_3D('',#3550,#2653,#2654);
#2431=AXIS2_PLACEMENT_3D('',#3554,#2657,#2658);
#2432=AXIS2_PLACEMENT_3D('',#3555,#2659,#2660);
#2433=AXIS2_PLACEMENT_3D('',#3556,#2661,#2662);
#2434=AXIS2_PLACEMENT_3D('',#3737,#2671,#2672);
#2435=AXIS2_PLACEMENT_3D('',#3809,#2678,#2679);
#2436=AXIS2_PLACEMENT_3D('',#3878,#2684,#2685);
#2437=AXIS2_PLACEMENT_3D('',#4010,#2691,#2692);
#2438=AXIS2_PLACEMENT_3D('',#4087,#2695,#2696);
#2439=AXIS2_PLACEMENT_3D('',#4124,#2697,#2698);
#2440=AXIS2_PLACEMENT_3D('',#4131,#2699,#2700);
#2441=AXIS2_PLACEMENT_3D('',#4134,#2701,#2702);
#2442=AXIS2_PLACEMENT_3D('',#4211,#2705,#2706);
#2443=AXIS2_PLACEMENT_3D('',#4252,#2707,#2708);
#2444=AXIS2_PLACEMENT_3D('',#4255,#2709,#2710);
#2445=AXIS2_PLACEMENT_3D('',#4332,#2713,#2714);
#2446=AXIS2_PLACEMENT_3D('',#4373,#2715,#2716);
#2447=AXIS2_PLACEMENT_3D('',#4377,#2718,#2719);
#2448=AXIS2_PLACEMENT_3D('',#4459,#2721,#2722);
#2449=AXIS2_PLACEMENT_3D('',#4494,#2723,#2724);
#2450=AXIS2_PLACEMENT_3D('',#4497,#2727,#2728);
#2451=AXIS2_PLACEMENT_3D('',#4731,#2735,#2736);
#2452=AXIS2_PLACEMENT_3D('',#4858,#2740,#2741);
#2453=AXIS2_PLACEMENT_3D('',#4985,#2745,#2746);
#2454=AXIS2_PLACEMENT_3D('',#5112,#2750,#2751);
#2455=AXIS2_PLACEMENT_3D('',#5114,#2753,#2754);
#2456=AXIS2_PLACEMENT_3D('',#5166,#2758,#2759);
#2457=AXIS2_PLACEMENT_3D('',#5217,#2762,#2763);
#2458=AXIS2_PLACEMENT_3D('',#5268,#2766,#2767);
#2459=AXIS2_PLACEMENT_3D('',#5391,#2769,#2770);
#2460=AXIS2_PLACEMENT_3D('',#5427,#2771,#2772);
#2461=AXIS2_PLACEMENT_3D('',#5428,#2773,#2774);
#2462=AXIS2_PLACEMENT_3D('',#5431,#2776,#2777);
#2463=AXIS2_PLACEMENT_3D('',#5539,#2778,#2779);
#2464=AXIS2_PLACEMENT_3D('',#5540,#2780,#2781);
#2465=AXIS2_PLACEMENT_3D('',#5542,#2782,#2783);
#2466=AXIS2_PLACEMENT_3D('',#5617,#2785,#2786);
#2467=AXIS2_PLACEMENT_3D('',#5652,#2787,#2788);
#2468=AXIS2_PLACEMENT_3D('',#5654,#2789,#2790);
#2469=AXIS2_PLACEMENT_3D('',#5763,#2792,#2793);
#2470=AXIS2_PLACEMENT_3D('',#5764,#2794,#2795);
#2471=AXIS2_PLACEMENT_3D('',#5766,#2797,#2798);
#2472=AXIS2_PLACEMENT_3D('',#5767,#2799,#2800);
#2473=AXIS2_PLACEMENT_3D('',#5769,#2801,#2802);
#2474=AXIS2_PLACEMENT_3D('',#5770,#2803,#2804);
#2475=AXIS2_PLACEMENT_3D('',#5773,#2806,#2807);
#2476=AXIS2_PLACEMENT_3D('',#5774,#2808,#2809);
#2477=AXIS2_PLACEMENT_3D('',#5776,#2810,#2811);
#2478=AXIS2_PLACEMENT_3D('',#5777,#2812,#2813);
#2479=AXIS2_PLACEMENT_3D('',#5780,#2815,#2816);
#2480=AXIS2_PLACEMENT_3D('',#5781,#2817,#2818);
#2481=AXIS2_PLACEMENT_3D('',#5786,#2820,#2821);
#2482=AXIS2_PLACEMENT_3D('',#5789,#2823,#2824);
#2483=AXIS2_PLACEMENT_3D('',#5790,#2825,#2826);
#2484=AXIS2_PLACEMENT_3D('',#5796,#2830,#2831);
#2485=AXIS2_PLACEMENT_3D('',#5800,#2833,#2834);
#2486=AXIS2_PLACEMENT_3D('',#5801,#2835,#2836);
#2487=AXIS2_PLACEMENT_3D('',#5802,#2837,#2838);
#2488=AXIS2_PLACEMENT_3D('',#5808,#2842,#2843);
#2489=AXIS2_PLACEMENT_3D('',#5812,#2845,#2846);
#2490=AXIS2_PLACEMENT_3D('',#5813,#2847,#2848);
#2491=AXIS2_PLACEMENT_3D('',#5814,#2849,#2850);
#2492=AXIS2_PLACEMENT_3D('',#5820,#2854,#2855);
#2493=AXIS2_PLACEMENT_3D('',#5824,#2857,#2858);
#2494=AXIS2_PLACEMENT_3D('',#5825,#2859,#2860);
#2495=AXIS2_PLACEMENT_3D('',#5826,#2861,#2862);
#2496=AXIS2_PLACEMENT_3D('',#5832,#2866,#2867);
#2497=AXIS2_PLACEMENT_3D('',#5836,#2869,#2870);
#2498=AXIS2_PLACEMENT_3D('',#5837,#2871,#2872);
#2499=AXIS2_PLACEMENT_3D('',#5838,#2873,#2874);
#2500=AXIS2_PLACEMENT_3D('',#5841,#2877,#2878);
#2501=AXIS2_PLACEMENT_3D('',#5843,#2879,#2880);
#2502=AXIS2_PLACEMENT_3D('',#5846,#2882,#2883);
#2503=AXIS2_PLACEMENT_3D('',#5847,#2884,#2885);
#2504=AXIS2_PLACEMENT_3D('',#5849,#2886,#2887);
#2505=AXIS2_PLACEMENT_3D('',#5852,#2889,#2890);
#2506=AXIS2_PLACEMENT_3D('',#5853,#2891,#2892);
#2507=AXIS2_PLACEMENT_3D('',#5856,#2894,#2895);
#2508=AXIS2_PLACEMENT_3D('',#5857,#2896,#2897);
#2509=AXIS2_PLACEMENT_3D('',#5861,#2899,#2900);
#2510=AXIS2_PLACEMENT_3D('',#5863,#2902,#2903);
#2511=AXIS2_PLACEMENT_3D('',#5867,#2906,#2907);
#2512=AXIS2_PLACEMENT_3D('',#5869,#2908,#2909);
#2513=AXIS2_PLACEMENT_3D('',#5871,#2911,#2912);
#2514=AXIS2_PLACEMENT_3D('',#5875,#2915,#2916);
#2515=AXIS2_PLACEMENT_3D('',#5877,#2917,#2918);
#2516=AXIS2_PLACEMENT_3D('',#5879,#2920,#2921);
#2517=AXIS2_PLACEMENT_3D('',#5883,#2924,#2925);
#2518=AXIS2_PLACEMENT_3D('',#5885,#2926,#2927);
#2519=AXIS2_PLACEMENT_3D('',#5887,#2929,#2930);
#2520=AXIS2_PLACEMENT_3D('',#5891,#2933,#2934);
#2521=AXIS2_PLACEMENT_3D('',#5893,#2935,#2936);
#2522=AXIS2_PLACEMENT_3D('',#5895,#2938,#2939);
#2523=AXIS2_PLACEMENT_3D('',#5897,#2941,#2942);
#2524=AXIS2_PLACEMENT_3D('',#5900,#2944,#2945);
#2525=AXIS2_PLACEMENT_3D('',#5901,#2946,#2947);
#2526=AXIS2_PLACEMENT_3D('',#5904,#2949,#2950);
#2527=AXIS2_PLACEMENT_3D('',#5905,#2951,#2952);
#2528=AXIS2_PLACEMENT_3D('',#5984,#2959,#2960);
#2529=AXIS2_PLACEMENT_3D('',#6028,#2964,#2965);
#2530=AXIS2_PLACEMENT_3D('',#6072,#2969,#2970);
#2531=AXIS2_PLACEMENT_3D('',#6116,#2974,#2975);
#2532=AXIS2_PLACEMENT_3D('',#6118,#2977,#2978);
#2533=AXIS2_PLACEMENT_3D('',#6119,#2979,#2980);
#2534=AXIS2_PLACEMENT_3D('',#6183,#2981,#2982);
#2535=AXIS2_PLACEMENT_3D('',#6184,#2983,#2984);
#2536=AXIS2_PLACEMENT_3D('',#6185,#2985,#2986);
#2537=AXIS2_PLACEMENT_3D('',#6186,#2987,#2988);
#2538=AXIS2_PLACEMENT_3D('',#6187,#2989,#2990);
#2539=AXIS2_PLACEMENT_3D('',#6188,#2991,#2992);
#2540=AXIS2_PLACEMENT_3D('',#6252,#2993,#2994);
#2541=AXIS2_PLACEMENT_3D('',#6316,#2995,#2996);
#2542=AXIS2_PLACEMENT_3D('',#6317,#2997,#2998);
#2543=AXIS2_PLACEMENT_3D('',#6318,#2999,#3000);
#2544=AXIS2_PLACEMENT_3D('',#6319,#3001,#3002);
#2545=AXIS2_PLACEMENT_3D('',#6320,#3003,#3004);
#2546=AXIS2_PLACEMENT_3D('',#6384,#3005,#3006);
#2547=AXIS2_PLACEMENT_3D('',#6387,#3007,#3008);
#2548=AXIS2_PLACEMENT_3D('',#6391,#3010,#3011);
#2549=AXIS2_PLACEMENT_3D('',#6395,#3013,#3014);
#2550=AXIS2_PLACEMENT_3D('',#6399,#3016,#3017);
#2551=AXIS2_PLACEMENT_3D('',#6403,#3019,#3020);
#2552=AXIS2_PLACEMENT_3D('',#6407,#3022,#3023);
#2553=AXIS2_PLACEMENT_3D('',#6411,#3025,#3026);
#2554=AXIS2_PLACEMENT_3D('',#6415,#3028,#3029);
#2555=AXIS2_PLACEMENT_3D('',#6419,#3031,#3032);
#2556=AXIS2_PLACEMENT_3D('',#6421,#3034,#3035);
#2557=AXIS2_PLACEMENT_3D('',#6425,#3037,#3038);
#2558=AXIS2_PLACEMENT_3D('',#6427,#3040,#3041);
#2559=AXIS2_PLACEMENT_3D('',#6431,#3044,#3045);
#2560=AXIS2_PLACEMENT_3D('',#6433,#3046,#3047);
#2561=AXIS2_PLACEMENT_3D('',#6435,#3049,#3050);
#2562=AXIS2_PLACEMENT_3D('',#6439,#3053,#3054);
#2563=AXIS2_PLACEMENT_3D('',#6441,#3055,#3056);
#2564=AXIS2_PLACEMENT_3D('',#6443,#3058,#3059);
#2565=AXIS2_PLACEMENT_3D('',#6447,#3062,#3063);
#2566=AXIS2_PLACEMENT_3D('',#6449,#3064,#3065);
#2567=AXIS2_PLACEMENT_3D('',#6451,#3067,#3068);
#2568=AXIS2_PLACEMENT_3D('',#6455,#3071,#3072);
#2569=AXIS2_PLACEMENT_3D('',#6457,#3073,#3074);
#2570=AXIS2_PLACEMENT_3D('',#6459,#3076,#3077);
#2571=AXIS2_PLACEMENT_3D('',#6463,#3080,#3081);
#2572=AXIS2_PLACEMENT_3D('',#6465,#3082,#3083);
#2573=AXIS2_PLACEMENT_3D('',#6467,#3085,#3086);
#2574=AXIS2_PLACEMENT_3D('',#6471,#3089,#3090);
#2575=AXIS2_PLACEMENT_3D('',#6473,#3091,#3092);
#2576=AXIS2_PLACEMENT_3D('',#6475,#3094,#3095);
#2577=AXIS2_PLACEMENT_3D('',#6479,#3098,#3099);
#2578=AXIS2_PLACEMENT_3D('',#6481,#3100,#3101);
#2579=AXIS2_PLACEMENT_3D('',#6483,#3103,#3104);
#2580=AXIS2_PLACEMENT_3D('',#6487,#3107,#3108);
#2581=AXIS2_PLACEMENT_3D('',#6489,#3109,#3110);
#2582=AXIS2_PLACEMENT_3D('',#6491,#3112,#3113);
#2583=AXIS2_PLACEMENT_3D('',#6493,#3115,#3116);
#2584=AXIS2_PLACEMENT_3D('',#6697,#3119,#3120);
#2585=AXIS2_PLACEMENT_3D('',#6902,#3124,#3125);
#2586=AXIS2_PLACEMENT_3D('',#7107,#3129,#3130);
#2587=AXIS2_PLACEMENT_3D('',#7312,#3134,#3135);
#2588=AXIS2_PLACEMENT_3D('',#7314,#3137,#3138);
#2589=AXIS2_PLACEMENT_3D('',#8233,#3145,#3146);
#2590=AXIS2_PLACEMENT_3D('',#8235,#3148,#3149);
#2591=AXIS2_PLACEMENT_3D('',#8695,#3153,#3154);
#2592=AXIS2_PLACEMENT_3D('',#8697,#3156,#3157);
#2593=AXIS2_PLACEMENT_3D('',#8927,#3159,#3160);
#2594=AXIS2_PLACEMENT_3D('',#8929,#3161,#3162);
#2595=AXIS2_PLACEMENT_3D('',#8931,#3164,#3165);
#2596=AXIS2_PLACEMENT_3D('',#8932,#3166,#3167);
#2597=AXIS2_PLACEMENT_3D('',#8934,#3168,#3169);
#2598=AXIS2_PLACEMENT_3D('',#8936,#3171,#3172);
#2599=DIRECTION('axis',(0.,0.,1.));
#2600=DIRECTION('refdir',(1.,0.,0.));
#2601=DIRECTION('center_axis',(0.,0.,1.));
#2602=DIRECTION('ref_axis',(1.,0.,0.));
#2603=DIRECTION('',(1.,0.,0.));
#2604=DIRECTION('',(0.,-1.,0.));
#2605=DIRECTION('',(-1.,0.,0.));
#2606=DIRECTION('',(0.,1.,0.));
#2607=DIRECTION('center_axis',(0.,0.,-1.));
#2608=DIRECTION('ref_axis',(-1.,0.,0.));
#2609=DIRECTION('center_axis',(0.,0.,-1.));
#2610=DIRECTION('ref_axis',(-1.,0.,0.));
#2611=DIRECTION('center_axis',(1.,0.,0.));
#2612=DIRECTION('ref_axis',(0.,0.,-1.));
#2613=DIRECTION('center_axis',(1.,0.,0.));
#2614=DIRECTION('ref_axis',(0.,0.,-1.));
#2615=DIRECTION('',(0.,1.,0.));
#2616=DIRECTION('center_axis',(1.,0.,0.));
#2617=DIRECTION('ref_axis',(0.,0.,-1.));
#2618=DIRECTION('',(0.,0.,-1.));
#2619=DIRECTION('center_axis',(1.,0.,0.));
#2620=DIRECTION('ref_axis',(0.,0.,-1.));
#2621=DIRECTION('',(0.,1.,0.));
#2622=DIRECTION('center_axis',(1.,0.,0.));
#2623=DIRECTION('ref_axis',(0.,0.,-1.));
#2624=DIRECTION('',(0.,0.,1.));
#2625=DIRECTION('center_axis',(0.,0.,-1.));
#2626=DIRECTION('ref_axis',(-1.,0.,0.));
#2627=DIRECTION('',(0.,1.,0.));
#2628=DIRECTION('',(1.,0.,0.));
#2629=DIRECTION('',(1.,0.,0.));
#2630=DIRECTION('center_axis',(1.,0.,0.));
#2631=DIRECTION('ref_axis',(0.,0.,-1.));
#2632=DIRECTION('center_axis',(1.,0.,0.));
#2633=DIRECTION('ref_axis',(0.,0.,-1.));
#2634=DIRECTION('',(1.,0.,0.));
#2635=DIRECTION('center_axis',(0.,1.,0.));
#2636=DIRECTION('ref_axis',(0.,0.,1.));
#2637=DIRECTION('',(1.,0.,0.));
#2638=DIRECTION('',(0.,0.,-1.));
#2639=DIRECTION('center_axis',(1.,0.,0.));
#2640=DIRECTION('ref_axis',(0.,0.,-1.));
#2641=DIRECTION('center_axis',(1.,0.,0.));
#2642=DIRECTION('ref_axis',(0.,0.,-1.));
#2643=DIRECTION('',(1.,0.,0.));
#2644=DIRECTION('center_axis',(0.,0.,1.));
#2645=DIRECTION('ref_axis',(1.,0.,0.));
#2646=DIRECTION('',(1.,0.,0.));
#2647=DIRECTION('',(0.,1.,0.));
#2648=DIRECTION('center_axis',(1.,0.,0.));
#2649=DIRECTION('ref_axis',(0.,0.,-1.));
#2650=DIRECTION('center_axis',(1.,0.,0.));
#2651=DIRECTION('ref_axis',(0.,0.,-1.));
#2652=DIRECTION('',(1.,0.,0.));
#2653=DIRECTION('center_axis',(0.,-1.,0.));
#2654=DIRECTION('ref_axis',(0.,0.,-1.));
#2655=DIRECTION('',(0.,0.,-1.));
#2656=DIRECTION('',(1.,0.,0.));
#2657=DIRECTION('center_axis',(1.,0.,0.));
#2658=DIRECTION('ref_axis',(0.,0.,-1.));
#2659=DIRECTION('center_axis',(1.,0.,0.));
#2660=DIRECTION('ref_axis',(0.,0.,-1.));
#2661=DIRECTION('center_axis',(0.,0.,-1.));
#2662=DIRECTION('ref_axis',(-1.,0.,0.));
#2663=DIRECTION('',(0.,1.,0.));
#2664=DIRECTION('',(-1.,0.,0.));
#2665=DIRECTION('',(0.,1.,0.));
#2666=DIRECTION('',(-1.,0.,0.));
#2667=DIRECTION('',(0.,-1.,0.));
#2668=DIRECTION('',(-1.,0.,0.));
#2669=DIRECTION('',(0.,1.,0.));
#2670=DIRECTION('',(1.,0.,0.));
#2671=DIRECTION('center_axis',(-1.,0.,0.));
#2672=DIRECTION('ref_axis',(0.,0.,1.));
#2673=DIRECTION('',(0.,1.,0.));
#2674=DIRECTION('',(0.,0.,1.));
#2675=DIRECTION('',(0.,-1.,0.));
#2676=DIRECTION('',(0.,0.,1.));
#2677=DIRECTION('',(0.,0.,1.));
#2678=DIRECTION('center_axis',(0.,-1.,0.));
#2679=DIRECTION('ref_axis',(0.,0.,-1.));
#2680=DIRECTION('',(1.,0.,0.));
#2681=DIRECTION('',(0.,0.,1.));
#2682=DIRECTION('',(1.,0.,0.));
#2683=DIRECTION('',(0.,0.,1.));
#2684=DIRECTION('center_axis',(1.,0.,0.));
#2685=DIRECTION('ref_axis',(0.,0.,-1.));
#2686=DIRECTION('',(0.,1.,0.));
#2687=DIRECTION('',(0.,0.,1.));
#2688=DIRECTION('',(0.,1.,0.));
#2689=DIRECTION('',(0.,0.,1.));
#2690=DIRECTION('',(0.,0.,1.));
#2691=DIRECTION('center_axis',(0.,1.,0.));
#2692=DIRECTION('ref_axis',(0.,0.,1.));
#2693=DIRECTION('',(1.,0.,0.));
#2694=DIRECTION('',(-1.,0.,0.));
#2695=DIRECTION('center_axis',(0.,-1.,0.));
#2696=DIRECTION('ref_axis',(0.,0.,-1.));
#2697=DIRECTION('center_axis',(-1.,0.,0.));
#2698=DIRECTION('ref_axis',(0.,0.,1.));
#2699=DIRECTION('center_axis',(0.,-1.,0.));
#2700=DIRECTION('ref_axis',(0.,0.,-1.));
#2701=DIRECTION('center_axis',(-1.73472347597676E-14,-1.,1.73472347597677E-14));
#2702=DIRECTION('ref_axis',(-1.,1.73472347597688E-14,0.));
#2703=DIRECTION('',(0.,1.,0.));
#2704=DIRECTION('',(0.,1.,0.));
#2705=DIRECTION('center_axis',(1.,0.,0.));
#2706=DIRECTION('ref_axis',(0.,0.,-1.));
#2707=DIRECTION('center_axis',(1.,0.,0.));
#2708=DIRECTION('ref_axis',(0.,0.,-1.));
#2709=DIRECTION('center_axis',(1.,0.,0.));
#2710=DIRECTION('ref_axis',(0.,-1.,-3.46944695195363E-14));
#2711=DIRECTION('',(1.,0.,0.));
#2712=DIRECTION('',(1.,0.,0.));
#2713=DIRECTION('center_axis',(0.,1.,0.));
#2714=DIRECTION('ref_axis',(0.,0.,1.));
#2715=DIRECTION('center_axis',(0.,1.,0.));
#2716=DIRECTION('ref_axis',(0.,0.,1.));
#2717=DIRECTION('',(0.,1.,0.));
#2718=DIRECTION('center_axis',(1.73472347597676E-14,1.,1.73472347597677E-14));
#2719=DIRECTION('ref_axis',(1.,-1.73472347597688E-14,0.));
#2720=DIRECTION('',(0.,1.,0.));
#2721=DIRECTION('center_axis',(-1.,0.,0.));
#2722=DIRECTION('ref_axis',(0.,0.,1.));
#2723=DIRECTION('center_axis',(-1.,0.,0.));
#2724=DIRECTION('ref_axis',(0.,0.,1.));
#2725=DIRECTION('',(1.,0.,0.));
#2726=DIRECTION('',(1.,0.,0.));
#2727=DIRECTION('center_axis',(0.,0.,1.));
#2728=DIRECTION('ref_axis',(1.,0.,0.));
#2729=DIRECTION('',(0.,1.,0.));
#2730=DIRECTION('',(1.,0.,0.));
#2731=DIRECTION('',(0.,1.,0.));
#2732=DIRECTION('',(1.,0.,0.));
#2733=DIRECTION('',(0.,0.,1.));
#2734=DIRECTION('',(0.,0.,1.));
#2735=DIRECTION('center_axis',(-1.,0.,0.));
#2736=DIRECTION('ref_axis',(0.,0.,1.));
#2737=DIRECTION('',(0.,0.,-1.));
#2738=DIRECTION('',(0.,-1.,0.));
#2739=DIRECTION('',(0.,0.,-1.));
#2740=DIRECTION('center_axis',(0.,-1.,0.));
#2741=DIRECTION('ref_axis',(0.,0.,-1.));
#2742=DIRECTION('',(0.,0.,-1.));
#2743=DIRECTION('',(1.,0.,0.));
#2744=DIRECTION('',(0.,0.,-1.));
#2745=DIRECTION('center_axis',(1.,0.,0.));
#2746=DIRECTION('ref_axis',(0.,0.,-1.));
#2747=DIRECTION('',(0.,0.,-1.));
#2748=DIRECTION('',(0.,1.,0.));
#2749=DIRECTION('',(0.,0.,1.));
#2750=DIRECTION('center_axis',(0.,1.,0.));
#2751=DIRECTION('ref_axis',(0.,0.,1.));
#2752=DIRECTION('',(-1.,0.,0.));
#2753=DIRECTION('center_axis',(0.,1.,0.));
#2754=DIRECTION('ref_axis',(0.,0.,1.));
#2755=DIRECTION('',(0.,0.,-1.));
#2756=DIRECTION('',(0.,0.,1.));
#2757=DIRECTION('',(0.,0.,-1.));
#2758=DIRECTION('center_axis',(1.,0.,0.));
#2759=DIRECTION('ref_axis',(0.,0.,-1.));
#2760=DIRECTION('',(0.,0.,1.));
#2761=DIRECTION('',(0.,0.,-1.));
#2762=DIRECTION('center_axis',(0.,-1.,0.));
#2763=DIRECTION('ref_axis',(0.,0.,-1.));
#2764=DIRECTION('',(0.,0.,1.));
#2765=DIRECTION('',(0.,0.,1.));
#2766=DIRECTION('center_axis',(-1.,0.,0.));
#2767=DIRECTION('ref_axis',(0.,0.,1.));
#2768=DIRECTION('',(0.,0.,1.));
#2769=DIRECTION('center_axis',(-1.,0.,0.));
#2770=DIRECTION('ref_axis',(0.,0.,1.));
#2771=DIRECTION('center_axis',(0.,-1.,0.));
#2772=DIRECTION('ref_axis',(0.,0.,-1.));
#2773=DIRECTION('center_axis',(0.,-1.,0.));
#2774=DIRECTION('ref_axis',(0.,0.,-1.));
#2775=DIRECTION('',(0.,1.,0.));
#2776=DIRECTION('center_axis',(1.7347234759767E-14,-1.,1.7347234759767E-14));
#2777=DIRECTION('ref_axis',(3.46944695195376E-14,-1.73472347597688E-14,
-1.));
#2778=DIRECTION('center_axis',(1.,0.,0.));
#2779=DIRECTION('ref_axis',(0.,0.,-1.));
#2780=DIRECTION('center_axis',(1.,0.,0.));
#2781=DIRECTION('ref_axis',(0.,0.,-1.));
#2782=DIRECTION('center_axis',(1.,-1.73472347597681E-14,-1.73472347597681E-14));
#2783=DIRECTION('ref_axis',(-1.73472347597681E-14,0.,-1.));
#2784=DIRECTION('',(1.,0.,0.));
#2785=DIRECTION('center_axis',(0.,1.,0.));
#2786=DIRECTION('ref_axis',(0.,0.,1.));
#2787=DIRECTION('center_axis',(0.,1.,0.));
#2788=DIRECTION('ref_axis',(0.,0.,1.));
#2789=DIRECTION('center_axis',(-1.7347234759767E-14,1.,1.7347234759767E-14));
#2790=DIRECTION('ref_axis',(-3.46944695195376E-14,1.73472347597688E-14,
-1.));
#2791=DIRECTION('',(0.,1.,0.));
#2792=DIRECTION('center_axis',(-1.,0.,0.));
#2793=DIRECTION('ref_axis',(0.,0.,1.));
#2794=DIRECTION('center_axis',(-1.,0.,0.));
#2795=DIRECTION('ref_axis',(0.,0.,1.));
#2796=DIRECTION('',(1.,0.,0.));
#2797=DIRECTION('center_axis',(0.,0.,1.));
#2798=DIRECTION('ref_axis',(1.,0.,0.));
#2799=DIRECTION('center_axis',(0.,1.,0.));
#2800=DIRECTION('ref_axis',(0.,0.,1.));
#2801=DIRECTION('center_axis',(0.,-1.,0.));
#2802=DIRECTION('ref_axis',(0.,0.,-1.));
#2803=DIRECTION('center_axis',(0.,-1.,0.));
#2804=DIRECTION('ref_axis',(0.,0.,-1.));
#2805=DIRECTION('',(0.,-1.,0.));
#2806=DIRECTION('center_axis',(0.,-1.,0.));
#2807=DIRECTION('ref_axis',(0.,0.,-1.));
#2808=DIRECTION('center_axis',(0.,1.,0.));
#2809=DIRECTION('ref_axis',(0.,0.,1.));
#2810=DIRECTION('center_axis',(0.,-1.,0.));
#2811=DIRECTION('ref_axis',(0.,0.,-1.));
#2812=DIRECTION('center_axis',(0.,-1.,0.));
#2813=DIRECTION('ref_axis',(0.,0.,-1.));
#2814=DIRECTION('',(0.,-1.,0.));
#2815=DIRECTION('center_axis',(0.,-1.,0.));
#2816=DIRECTION('ref_axis',(0.,0.,-1.));
#2817=DIRECTION('center_axis',(1.,0.,0.));
#2818=DIRECTION('ref_axis',(0.,0.,-1.));
#2819=DIRECTION('',(1.,0.,0.));
#2820=DIRECTION('center_axis',(1.,0.,0.));
#2821=DIRECTION('ref_axis',(0.,0.,-1.));
#2822=DIRECTION('',(1.,0.,0.));
#2823=DIRECTION('center_axis',(1.,0.,0.));
#2824=DIRECTION('ref_axis',(0.,0.,-1.));
#2825=DIRECTION('center_axis',(0.,-1.,-1.0450141421547E-15));
#2826=DIRECTION('ref_axis',(0.,1.0450141421547E-15,-1.));
#2827=DIRECTION('',(1.,0.,0.));
#2828=DIRECTION('',(0.,-1.33761810195802E-15,-1.));
#2829=DIRECTION('',(0.,-1.33761810195802E-15,1.));
#2830=DIRECTION('center_axis',(1.,0.,0.));
#2831=DIRECTION('ref_axis',(0.,0.,-1.));
#2832=DIRECTION('',(-1.,0.,0.));
#2833=DIRECTION('center_axis',(1.,0.,0.));
#2834=DIRECTION('ref_axis',(0.,0.,-1.));
#2835=DIRECTION('center_axis',(1.,0.,0.));
#2836=DIRECTION('ref_axis',(0.,0.,-1.));
#2837=DIRECTION('center_axis',(0.,0.,-1.));
#2838=DIRECTION('ref_axis',(-1.,0.,0.));
#2839=DIRECTION('',(1.,0.,0.));
#2840=DIRECTION('',(0.,1.,0.));
#2841=DIRECTION('',(0.,1.,0.));
#2842=DIRECTION('center_axis',(1.,0.,0.));
#2843=DIRECTION('ref_axis',(0.,0.,-1.));
#2844=DIRECTION('',(1.,0.,0.));
#2845=DIRECTION('center_axis',(1.,0.,0.));
#2846=DIRECTION('ref_axis',(0.,0.,-1.));
#2847=DIRECTION('center_axis',(1.,0.,0.));
#2848=DIRECTION('ref_axis',(0.,0.,-1.));
#2849=DIRECTION('center_axis',(0.,1.,1.37502123856997E-13));
#2850=DIRECTION('ref_axis',(0.,-1.37502123856997E-13,1.));
#2851=DIRECTION('',(-1.,0.,0.));
#2852=DIRECTION('',(0.,4.20038518273911E-15,1.));
#2853=DIRECTION('',(6.72061629238258E-14,-7.14065481065649E-14,1.));
#2854=DIRECTION('center_axis',(-1.,0.,0.));
#2855=DIRECTION('ref_axis',(0.,0.,1.));
#2856=DIRECTION('',(1.,0.,0.));
#2857=DIRECTION('center_axis',(1.,0.,0.));
#2858=DIRECTION('ref_axis',(0.,0.,-1.));
#2859=DIRECTION('center_axis',(1.,0.,0.));
#2860=DIRECTION('ref_axis',(0.,0.,-1.));
#2861=DIRECTION('center_axis',(0.,0.707106781186549,0.707106781186546));
#2862=DIRECTION('ref_axis',(1.,0.,0.));
#2863=DIRECTION('',(-1.,0.,0.));
#2864=DIRECTION('',(0.,-0.707106781186541,0.707106781186554));
#2865=DIRECTION('',(0.,-0.707106781186547,0.707106781186548));
#2866=DIRECTION('center_axis',(-1.,0.,0.));
#2867=DIRECTION('ref_axis',(0.,0.,1.));
#2868=DIRECTION('',(1.,0.,0.));
#2869=DIRECTION('center_axis',(1.,0.,0.));
#2870=DIRECTION('ref_axis',(0.,0.,-1.));
#2871=DIRECTION('center_axis',(1.,0.,0.));
#2872=DIRECTION('ref_axis',(0.,0.,-1.));
#2873=DIRECTION('center_axis',(0.,7.18999619256075E-15,1.));
#2874=DIRECTION('ref_axis',(1.,0.,0.));
#2875=DIRECTION('',(0.,-1.,2.75323660250956E-15));
#2876=DIRECTION('',(3.81217375732093E-15,1.,-3.60038632635865E-15));
#2877=DIRECTION('center_axis',(1.,0.,0.));
#2878=DIRECTION('ref_axis',(0.,0.,-1.));
#2879=DIRECTION('center_axis',(1.,0.,0.));
#2880=DIRECTION('ref_axis',(0.,0.,-1.));
#2881=DIRECTION('',(1.,0.,0.));
#2882=DIRECTION('center_axis',(1.,0.,0.));
#2883=DIRECTION('ref_axis',(0.,0.,-1.));
#2884=DIRECTION('center_axis',(1.,0.,0.));
#2885=DIRECTION('ref_axis',(0.,0.,-1.));
#2886=DIRECTION('center_axis',(1.,0.,0.));
#2887=DIRECTION('ref_axis',(0.,0.,-1.));
#2888=DIRECTION('',(1.,0.,0.));
#2889=DIRECTION('center_axis',(1.,0.,0.));
#2890=DIRECTION('ref_axis',(0.,0.,-1.));
#2891=DIRECTION('center_axis',(0.,-1.,0.));
#2892=DIRECTION('ref_axis',(0.,0.,-1.));
#2893=DIRECTION('',(-8.65956056235493E-17,-0.707106781186548,0.707106781186548));
#2894=DIRECTION('center_axis',(0.,-1.,0.));
#2895=DIRECTION('ref_axis',(0.,0.,-1.));
#2896=DIRECTION('center_axis',(1.,0.,0.));
#2897=DIRECTION('ref_axis',(0.,0.,-1.));
#2898=DIRECTION('',(0.707106781186559,0.,0.707106781186536));
#2899=DIRECTION('center_axis',(1.,0.,0.));
#2900=DIRECTION('ref_axis',(0.,0.,-1.));
#2901=DIRECTION('',(0.707106781186555,-0.70710678118654,0.));
#2902=DIRECTION('center_axis',(-0.707106781186546,-0.70710678118655,-7.38936586353431E-16));
#2903=DIRECTION('ref_axis',(-1.0450141421547E-15,0.,1.));
#2904=DIRECTION('',(0.,0.,1.));
#2905=DIRECTION('',(-0.707106781287033,0.707106781086062,0.));
#2906=DIRECTION('center_axis',(1.,0.,0.));
#2907=DIRECTION('ref_axis',(0.,0.,-1.));
#2908=DIRECTION('center_axis',(1.,0.,0.));
#2909=DIRECTION('ref_axis',(0.,0.,-1.));
#2910=DIRECTION('',(-0.707106781186532,0.,0.707106781186563));
#2911=DIRECTION('center_axis',(-0.707106781186554,0.,-0.707106781186541));
#2912=DIRECTION('ref_axis',(-0.707106781186541,0.,0.707106781186554));
#2913=DIRECTION('',(0.,1.,0.));
#2914=DIRECTION('',(-0.707106781186548,0.,0.707106781186548));
#2915=DIRECTION('center_axis',(1.,0.,0.));
#2916=DIRECTION('ref_axis',(0.,0.,-1.));
#2917=DIRECTION('center_axis',(1.,0.,0.));
#2918=DIRECTION('ref_axis',(0.,0.,-1.));
#2919=DIRECTION('',(-0.707106781186546,-0.707106781186549,0.));
#2920=DIRECTION('center_axis',(-0.707106781186548,0.707106781186547,9.72286842068351E-14));
#2921=DIRECTION('ref_axis',(1.37502123856997E-13,0.,1.));
#2922=DIRECTION('',(0.,0.,1.));
#2923=DIRECTION('',(-0.707106781186548,-0.707106781186548,-8.63550852247409E-14));
#2924=DIRECTION('center_axis',(1.,0.,0.));
#2925=DIRECTION('ref_axis',(0.,0.,-1.));
#2926=DIRECTION('center_axis',(1.,0.,0.));
#2927=DIRECTION('ref_axis',(0.,0.,-1.));
#2928=DIRECTION('',(-0.70710678118655,-0.500000000000014,-0.499999999999982));
#2929=DIRECTION('center_axis',(-0.707106781186548,0.5,0.5));
#2930=DIRECTION('ref_axis',(0.577350269189625,0.,0.816496580927726));
#2931=DIRECTION('',(0.,-0.707106781186542,0.707106781186553));
#2932=DIRECTION('',(-0.707106781138653,-0.500000000033867,-0.500000000033867));
#2933=DIRECTION('center_axis',(1.,0.,0.));
#2934=DIRECTION('ref_axis',(0.,0.,-1.));
#2935=DIRECTION('center_axis',(1.,0.,0.));
#2936=DIRECTION('ref_axis',(0.,0.,-1.));
#2937=DIRECTION('',(0.707106781186559,0.,0.707106781186536));
#2938=DIRECTION('center_axis',(-0.707106781186541,5.08409506446521E-15,
0.707106781186554));
#2939=DIRECTION('ref_axis',(0.707106781186554,0.,0.707106781186541));
#2940=DIRECTION('',(0.,1.,0.));
#2941=DIRECTION('center_axis',(1.,0.,0.));
#2942=DIRECTION('ref_axis',(0.,0.,-1.));
#2943=DIRECTION('',(0.707106781186548,-8.65956056235493E-17,0.707106781186548));
#2944=DIRECTION('center_axis',(1.,0.,0.));
#2945=DIRECTION('ref_axis',(0.,0.,-1.));
#2946=DIRECTION('center_axis',(1.,0.,0.));
#2947=DIRECTION('ref_axis',(0.,0.,-1.));
#2948=DIRECTION('',(0.707106781186548,-8.65956056235493E-17,0.707106781186548));
#2949=DIRECTION('center_axis',(1.,0.,0.));
#2950=DIRECTION('ref_axis',(0.,0.,-1.));
#2951=DIRECTION('center_axis',(0.,0.,1.));
#2952=DIRECTION('ref_axis',(1.,0.,0.));
#2953=DIRECTION('',(1.,0.,0.));
#2954=DIRECTION('',(0.,1.,0.));
#2955=DIRECTION('',(1.,0.,0.));
#2956=DIRECTION('',(0.,1.,0.));
#2957=DIRECTION('',(0.,0.,-1.));
#2958=DIRECTION('',(0.,0.,-1.));
#2959=DIRECTION('center_axis',(1.,0.,0.));
#2960=DIRECTION('ref_axis',(0.,0.,-1.));
#2961=DIRECTION('',(0.,1.,0.));
#2962=DIRECTION('',(0.,0.,1.));
#2963=DIRECTION('',(0.,0.,1.));
#2964=DIRECTION('center_axis',(0.,1.,0.));
#2965=DIRECTION('ref_axis',(0.,0.,1.));
#2966=DIRECTION('',(-1.,0.,0.));
#2967=DIRECTION('',(0.,0.,1.));
#2968=DIRECTION('',(0.,0.,1.));
#2969=DIRECTION('center_axis',(-1.,0.,0.));
#2970=DIRECTION('ref_axis',(0.,0.,1.));
#2971=DIRECTION('',(0.,-1.,0.));
#2972=DIRECTION('',(0.,0.,1.));
#2973=DIRECTION('',(0.,0.,-1.));
#2974=DIRECTION('center_axis',(0.,-1.,0.));
#2975=DIRECTION('ref_axis',(0.,0.,-1.));
#2976=DIRECTION('',(1.,0.,0.));
#2977=DIRECTION('center_axis',(1.,0.,0.));
#2978=DIRECTION('ref_axis',(0.,0.,-1.));
#2979=DIRECTION('center_axis',(1.,0.,0.));
#2980=DIRECTION('ref_axis',(0.,0.,-1.));
#2981=DIRECTION('center_axis',(1.,0.,0.));
#2982=DIRECTION('ref_axis',(0.,0.,-1.));
#2983=DIRECTION('center_axis',(0.,1.,0.));
#2984=DIRECTION('ref_axis',(0.,0.,1.));
#2985=DIRECTION('center_axis',(0.,1.,0.));
#2986=DIRECTION('ref_axis',(0.,0.,1.));
#2987=DIRECTION('center_axis',(0.,1.,0.));
#2988=DIRECTION('ref_axis',(0.,0.,1.));
#2989=DIRECTION('center_axis',(-1.,0.,0.));
#2990=DIRECTION('ref_axis',(0.,0.,1.));
#2991=DIRECTION('center_axis',(1.,0.,0.));
#2992=DIRECTION('ref_axis',(0.,0.,-1.));
#2993=DIRECTION('center_axis',(1.,0.,0.));
#2994=DIRECTION('ref_axis',(0.,0.,-1.));
#2995=DIRECTION('center_axis',(0.,1.,0.));
#2996=DIRECTION('ref_axis',(0.,0.,1.));
#2997=DIRECTION('center_axis',(1.,0.,0.));
#2998=DIRECTION('ref_axis',(0.,0.,-1.));
#2999=DIRECTION('center_axis',(1.,0.,0.));
#3000=DIRECTION('ref_axis',(0.,0.,-1.));
#3001=DIRECTION('center_axis',(0.,-1.,0.));
#3002=DIRECTION('ref_axis',(0.,0.,-1.));
#3003=DIRECTION('center_axis',(0.,1.,0.));
#3004=DIRECTION('ref_axis',(0.,0.,1.));
#3005=DIRECTION('center_axis',(1.,0.,0.));
#3006=DIRECTION('ref_axis',(0.,0.,-1.));
#3007=DIRECTION('center_axis',(1.,0.,0.));
#3008=DIRECTION('ref_axis',(0.,0.,-1.));
#3009=DIRECTION('',(0.,-0.707106781186549,0.707106781186546));
#3010=DIRECTION('center_axis',(1.,0.,0.));
#3011=DIRECTION('ref_axis',(0.,0.,-1.));
#3012=DIRECTION('',(0.,0.,1.));
#3013=DIRECTION('center_axis',(1.,0.,0.));
#3014=DIRECTION('ref_axis',(0.,0.,-1.));
#3015=DIRECTION('',(0.,1.,-3.81192454806921E-16));
#3016=DIRECTION('center_axis',(1.,0.,0.));
#3017=DIRECTION('ref_axis',(0.,0.,-1.));
#3018=DIRECTION('',(0.,0.,-1.));
#3019=DIRECTION('center_axis',(1.,0.,0.));
#3020=DIRECTION('ref_axis',(0.,0.,-1.));
#3021=DIRECTION('',(0.,-1.,-6.03382078600628E-16));
#3022=DIRECTION('center_axis',(1.,0.,0.));
#3023=DIRECTION('ref_axis',(0.,0.,-1.));
#3024=DIRECTION('',(0.,1.13288063737261E-15,1.));
#3025=DIRECTION('center_axis',(1.,0.,0.));
#3026=DIRECTION('ref_axis',(0.,0.,-1.));
#3027=DIRECTION('',(0.,-1.,0.));
#3028=DIRECTION('center_axis',(1.,0.,0.));
#3029=DIRECTION('ref_axis',(0.,0.,-1.));
#3030=DIRECTION('',(0.,-0.679408031498381,-0.733760674018099));
#3031=DIRECTION('center_axis',(1.,0.,0.));
#3032=DIRECTION('ref_axis',(0.,0.,-1.));
#3033=DIRECTION('',(0.,-1.,4.31602009556662E-16));
#3034=DIRECTION('center_axis',(1.,0.,0.));
#3035=DIRECTION('ref_axis',(0.,0.,-1.));
#3036=DIRECTION('',(1.,0.,0.));
#3037=DIRECTION('center_axis',(1.,0.,0.));
#3038=DIRECTION('ref_axis',(0.,0.,-1.));
#3039=DIRECTION('',(1.,0.,0.));
#3040=DIRECTION('center_axis',(0.,0.707106781186546,0.707106781186549));
#3041=DIRECTION('ref_axis',(1.,0.,0.));
#3042=DIRECTION('',(0.,-0.70710678118655,0.707106781186545));
#3043=DIRECTION('',(1.,0.,0.));
#3044=DIRECTION('center_axis',(1.,0.,0.));
#3045=DIRECTION('ref_axis',(0.,0.,-1.));
#3046=DIRECTION('center_axis',(1.,0.,0.));
#3047=DIRECTION('ref_axis',(0.,0.,-1.));
#3048=DIRECTION('',(1.,0.,0.));
#3049=DIRECTION('center_axis',(0.,1.,1.28358090465185E-15));
#3050=DIRECTION('ref_axis',(0.,-1.28358090465185E-15,1.));
#3051=DIRECTION('',(0.,-1.64298355795435E-15,1.));
#3052=DIRECTION('',(1.,0.,0.));
#3053=DIRECTION('center_axis',(1.,0.,0.));
#3054=DIRECTION('ref_axis',(0.,0.,-1.));
#3055=DIRECTION('center_axis',(1.,0.,0.));
#3056=DIRECTION('ref_axis',(0.,0.,-1.));
#3057=DIRECTION('',(1.,0.,0.));
#3058=DIRECTION('center_axis',(0.,-2.97806605317907E-16,-1.));
#3059=DIRECTION('ref_axis',(-1.,0.,0.));
#3060=DIRECTION('',(0.,1.,-3.81192454806921E-16));
#3061=DIRECTION('',(1.,0.,0.));
#3062=DIRECTION('center_axis',(1.,0.,0.));
#3063=DIRECTION('ref_axis',(0.,0.,-1.));
#3064=DIRECTION('center_axis',(1.,0.,0.));
#3065=DIRECTION('ref_axis',(0.,0.,-1.));
#3066=DIRECTION('',(1.,0.,0.));
#3067=DIRECTION('center_axis',(0.,-1.,0.));
#3068=DIRECTION('ref_axis',(0.,0.,-1.));
#3069=DIRECTION('',(0.,0.,-1.));
#3070=DIRECTION('',(1.,0.,0.));
#3071=DIRECTION('center_axis',(1.,0.,0.));
#3072=DIRECTION('ref_axis',(0.,0.,-1.));
#3073=DIRECTION('center_axis',(1.,0.,0.));
#3074=DIRECTION('ref_axis',(0.,0.,-1.));
#3075=DIRECTION('',(1.,0.,0.));
#3076=DIRECTION('center_axis',(0.,-4.71392248906741E-16,1.));
#3077=DIRECTION('ref_axis',(1.,0.,0.));
#3078=DIRECTION('',(0.,-1.,-6.03382078600629E-16));
#3079=DIRECTION('',(1.,0.,0.));
#3080=DIRECTION('center_axis',(1.,0.,0.));
#3081=DIRECTION('ref_axis',(0.,0.,-1.));
#3082=DIRECTION('center_axis',(1.,0.,0.));
#3083=DIRECTION('ref_axis',(0.,0.,-1.));
#3084=DIRECTION('',(1.,0.,0.));
#3085=DIRECTION('center_axis',(0.,1.,-1.32759449692103E-15));
#3086=DIRECTION('ref_axis',(0.,1.32759449692103E-15,1.));
#3087=DIRECTION('',(0.,1.13288063737261E-15,1.));
#3088=DIRECTION('',(1.,0.,0.));
#3089=DIRECTION('center_axis',(1.,0.,0.));
#3090=DIRECTION('ref_axis',(0.,0.,-1.));
#3091=DIRECTION('center_axis',(-1.,0.,0.));
#3092=DIRECTION('ref_axis',(0.,0.,-1.));
#3093=DIRECTION('',(1.,0.,0.));
#3094=DIRECTION('center_axis',(0.,0.,1.));
#3095=DIRECTION('ref_axis',(1.,0.,0.));
#3096=DIRECTION('',(0.,-1.,0.));
#3097=DIRECTION('',(1.,0.,0.));
#3098=DIRECTION('center_axis',(1.,0.,0.));
#3099=DIRECTION('ref_axis',(0.,0.,-1.));
#3100=DIRECTION('center_axis',(-1.,0.,0.));
#3101=DIRECTION('ref_axis',(0.,0.,-1.));
#3102=DIRECTION('',(1.,0.,0.));
#3103=DIRECTION('center_axis',(0.,-0.7337606740181,0.67940803149838));
#3104=DIRECTION('ref_axis',(1.,0.,0.));
#3105=DIRECTION('',(0.,-0.67940803149838,-0.7337606740181));
#3106=DIRECTION('',(1.,0.,0.));
#3107=DIRECTION('center_axis',(1.,0.,0.));
#3108=DIRECTION('ref_axis',(0.,0.,-1.));
#3109=DIRECTION('center_axis',(1.,0.,0.));
#3110=DIRECTION('ref_axis',(0.,0.,-1.));
#3111=DIRECTION('',(1.,0.,0.));
#3112=DIRECTION('center_axis',(0.,3.37189069966143E-16,1.));
#3113=DIRECTION('ref_axis',(1.,0.,0.));
#3114=DIRECTION('',(0.,-1.,0.));
#3115=DIRECTION('center_axis',(1.,0.,0.));
#3116=DIRECTION('ref_axis',(0.,0.,-1.));
#3117=DIRECTION('',(0.,0.,1.));
#3118=DIRECTION('',(0.,0.,1.));
#3119=DIRECTION('center_axis',(0.,-1.,0.));
#3120=DIRECTION('ref_axis',(0.,0.,-1.));
#3121=DIRECTION('',(-1.,0.,0.));
#3122=DIRECTION('',(0.,0.,1.));
#3123=DIRECTION('',(0.,0.,1.));
#3124=DIRECTION('center_axis',(-1.,0.,0.));
#3125=DIRECTION('ref_axis',(0.,0.,1.));
#3126=DIRECTION('',(0.,1.,0.));
#3127=DIRECTION('',(0.,0.,1.));
#3128=DIRECTION('',(0.,0.,1.));
#3129=DIRECTION('center_axis',(0.,1.,0.));
#3130=DIRECTION('ref_axis',(0.,0.,1.));
#3131=DIRECTION('',(1.,0.,0.));
#3132=DIRECTION('',(0.,0.,1.));
#3133=DIRECTION('',(0.,0.,1.));
#3134=DIRECTION('center_axis',(1.,0.,0.));
#3135=DIRECTION('ref_axis',(0.,0.,-1.));
#3136=DIRECTION('',(0.,-1.,0.));
#3137=DIRECTION('center_axis',(0.,0.,-1.));
#3138=DIRECTION('ref_axis',(-1.,0.,0.));
#3139=DIRECTION('',(0.,1.,0.));
#3140=DIRECTION('',(-1.,0.,0.));
#3141=DIRECTION('',(0.,-1.,0.));
#3142=DIRECTION('',(1.,0.,0.));
#3143=DIRECTION('',(0.707106781186529,0.,0.707106781186566));
#3144=DIRECTION('',(0.,-0.707106781186529,-0.707106781186566));
#3145=DIRECTION('center_axis',(0.,-0.707106781186523,0.707106781186572));
#3146=DIRECTION('ref_axis',(1.,0.,0.));
#3147=DIRECTION('',(0.,-0.707106781186529,-0.707106781186566));
#3148=DIRECTION('center_axis',(-0.707106781186523,0.,0.707106781186572));
#3149=DIRECTION('ref_axis',(0.707106781186572,0.,0.707106781186523));
#3150=DIRECTION('',(0.707106781186529,0.,0.707106781186566));
#3151=DIRECTION('',(0.707106781186529,0.,-0.707106781186566));
#3152=DIRECTION('',(0.,-0.707106781186529,0.707106781186566));
#3153=DIRECTION('center_axis',(0.707106781186523,0.,0.707106781186572));
#3154=DIRECTION('ref_axis',(0.707106781186572,0.,-0.707106781186523));
#3155=DIRECTION('',(0.707106781186529,0.,-0.707106781186566));
#3156=DIRECTION('center_axis',(0.,0.707106781186511,0.707106781186584));
#3157=DIRECTION('ref_axis',(1.,0.,0.));
#3158=DIRECTION('',(0.,-0.707106781186529,0.707106781186566));
#3159=DIRECTION('center_axis',(0.,0.,-1.));
#3160=DIRECTION('ref_axis',(-1.,0.,0.));
#3161=DIRECTION('center_axis',(0.,0.,-1.));
#3162=DIRECTION('ref_axis',(-1.,0.,0.));
#3163=DIRECTION('',(0.,0.,-1.));
#3164=DIRECTION('center_axis',(0.,0.,-1.));
#3165=DIRECTION('ref_axis',(-1.,0.,0.));
#3166=DIRECTION('center_axis',(0.,0.,-1.));
#3167=DIRECTION('ref_axis',(-1.,0.,0.));
#3168=DIRECTION('center_axis',(0.,0.,-1.));
#3169=DIRECTION('ref_axis',(-1.,0.,0.));
#3170=DIRECTION('',(0.,0.,-1.));
#3171=DIRECTION('center_axis',(0.,0.,-1.));
#3172=DIRECTION('ref_axis',(-1.,0.,0.));
#3173=CARTESIAN_POINT('',(0.,0.,0.));
#3174=CARTESIAN_POINT('Origin',(18.9449510801086,18.9449510801086,-23.));
#3175=CARTESIAN_POINT('',(-13.,18.,-23.));
#3176=CARTESIAN_POINT('',(13.,18.,-23.));
#3177=CARTESIAN_POINT('',(-13.,18.,-23.));
#3178=CARTESIAN_POINT('',(18.,13.,-23.));
#3179=CARTESIAN_POINT('Ctrl Pts',(13.,18.,-23.));
#3180=CARTESIAN_POINT('Ctrl Pts',(13.1718220459148,18.0000000053854,-23.));
#3181=CARTESIAN_POINT('Ctrl Pts',(13.3436601636576,18.0000680088967,-22.9999999999673));
#3182=CARTESIAN_POINT('Ctrl Pts',(13.5153137385986,17.9977493877095,-22.9999999998363));
#3183=CARTESIAN_POINT('Ctrl Pts',(13.686990375701,17.9954304550088,-22.9999999997053));
#3184=CARTESIAN_POINT('Ctrl Pts',(13.8584828852767,17.9907234800553,-22.9999999996856));
#3185=CARTESIAN_POINT('Ctrl Pts',(14.0294188448185,17.9807403234804,-22.9999999998952));
#3186=CARTESIAN_POINT('Ctrl Pts',(14.1881716852916,17.9714686964488,-23.0000000000899));
#3187=CARTESIAN_POINT('Ctrl Pts',(14.3464783219261,17.9576977890052,-23.0000000000021));
#3188=CARTESIAN_POINT('Ctrl Pts',(14.5045564005933,17.9368630835457,-22.9999999999978));
#3189=CARTESIAN_POINT('Ctrl Pts',(14.5166763040989,17.9352656791373,-22.9999999999975));
#3190=CARTESIAN_POINT('Ctrl Pts',(14.5287948616226,17.933626724793,-22.9999999999971));
#3191=CARTESIAN_POINT('Ctrl Pts',(14.5409121699303,17.9319450502211,-22.9999999999966));
#3192=CARTESIAN_POINT('Ctrl Pts',(14.6435762076631,17.917697042552,-22.9999999999924));
#3193=CARTESIAN_POINT('Ctrl Pts',(14.7461509089381,17.9003852123888,-22.9999999999482));
#3194=CARTESIAN_POINT('Ctrl Pts',(14.8481252488069,17.8795063310756,-22.9999999999166));
#3195=CARTESIAN_POINT('Ctrl Pts',(14.9151693005006,17.8657793013162,-22.9999999998958));
#3196=CARTESIAN_POINT('Ctrl Pts',(14.9819537913345,17.8505111928364,-22.9999999999036));
#3197=CARTESIAN_POINT('Ctrl Pts',(15.0483347895422,17.8335715078573,-22.9999999999462));
#3198=CARTESIAN_POINT('Ctrl Pts',(15.132095381487,17.8121967458092,-23.0000000000001));
#3199=CARTESIAN_POINT('Ctrl Pts',(15.2154597907555,17.7881156321133,-22.999999999998));
#3200=CARTESIAN_POINT('Ctrl Pts',(15.2975825808232,17.7614273912395,-22.999999999991));
#3201=CARTESIAN_POINT('Ctrl Pts',(15.3795344265892,17.734794703796,-22.9999999999839));
#3202=CARTESIAN_POINT('Ctrl Pts',(15.4602487917131,17.7055659063534,-22.9999999999997));
#3203=CARTESIAN_POINT('Ctrl Pts',(15.5398625952752,17.673681242687,-22.9999999997219));
#3204=CARTESIAN_POINT('Ctrl Pts',(15.6333056566815,17.6362580767083,-22.9999999993958));
#3205=CARTESIAN_POINT('Ctrl Pts',(15.7249077184013,17.5952643146061,-22.9999999994358));
#3206=CARTESIAN_POINT('Ctrl Pts',(15.8148850519088,17.5505639490711,-22.9999999996289));
#3207=CARTESIAN_POINT('Ctrl Pts',(15.8783896098497,17.5190151484739,-22.9999999997652));
#3208=CARTESIAN_POINT('Ctrl Pts',(15.9410845145943,17.4856190298203,-22.9999999998938));
#3209=CARTESIAN_POINT('Ctrl Pts',(16.0030414688594,17.4503126770871,-22.9999999999419));
#3210=CARTESIAN_POINT('Ctrl Pts',(16.1187964480394,17.3843493615232,-23.0000000000317));
#3211=CARTESIAN_POINT('Ctrl Pts',(16.2319639865106,17.3117104671056,-23.0000000000022));
#3212=CARTESIAN_POINT('Ctrl Pts',(16.3406978032805,17.23375739299,-22.9999999999963));
#3213=CARTESIAN_POINT('Ctrl Pts',(16.3726228996331,17.2108697626644,-22.9999999999945));
#3214=CARTESIAN_POINT('Ctrl Pts',(16.4041659159583,17.1875243424198,-22.9999999999913));
#3215=CARTESIAN_POINT('Ctrl Pts',(16.4352805759944,17.1637562993751,-22.9999999999841));
#3216=CARTESIAN_POINT('Ctrl Pts',(16.5393703843908,17.0842435859594,-22.9999999999599));
#3217=CARTESIAN_POINT('Ctrl Pts',(16.63866247117,16.9999932646648,-22.9999999999548));
#3218=CARTESIAN_POINT('Ctrl Pts',(16.7335858984585,16.9109052089477,-22.9999999999722));
#3219=CARTESIAN_POINT('Ctrl Pts',(16.7636783856508,16.8826626427843,-22.9999999999778));
#3220=CARTESIAN_POINT('Ctrl Pts',(16.7933315562804,16.8539335846998,-22.9999999999841));
#3221=CARTESIAN_POINT('Ctrl Pts',(16.8225583813472,16.8247140170515,-22.9999999999893));
#3222=CARTESIAN_POINT('Ctrl Pts',(16.8914652299191,16.7558242789879,-23.0000000000014));
#3223=CARTESIAN_POINT('Ctrl Pts',(16.9580034348793,16.6842106268657,-22.9999999999966));
#3224=CARTESIAN_POINT('Ctrl Pts',(17.0218478248393,16.6100710483079,-22.9999999999948));
#3225=CARTESIAN_POINT('Ctrl Pts',(17.0705025771803,16.5535705032223,-22.9999999999935));
#3226=CARTESIAN_POINT('Ctrl Pts',(17.1175934041906,16.4956037825875,-22.9999999999928));
#3227=CARTESIAN_POINT('Ctrl Pts',(17.162990948451,16.4362727946997,-22.9999999999961));
#3228=CARTESIAN_POINT('Ctrl Pts',(17.2155382430453,16.3675976504844,-23.));
#3229=CARTESIAN_POINT('Ctrl Pts',(17.265997563345,16.2968698707015,-23.0000000000018));
#3230=CARTESIAN_POINT('Ctrl Pts',(17.3137869440507,16.2248613776673,-22.9999999999964));
#3231=CARTESIAN_POINT('Ctrl Pts',(17.3614610620802,16.1530265611173,-22.999999999991));
#3232=CARTESIAN_POINT('Ctrl Pts',(17.4064772443122,16.0799182798226,-22.9999999999998));
#3233=CARTESIAN_POINT('Ctrl Pts',(17.4489740744247,16.005419429013,-22.9999999998241));
#3234=CARTESIAN_POINT('Ctrl Pts',(17.497411042344,15.9205072499833,-22.9999999996238));
#3235=CARTESIAN_POINT('Ctrl Pts',(17.5423671404566,15.8340923944888,-22.9999999996724));
#3236=CARTESIAN_POINT('Ctrl Pts',(17.5839413992979,15.7459248308449,-22.9999999997934));
#3237=CARTESIAN_POINT('Ctrl Pts',(17.6154068072166,15.6791953585087,-22.999999999885));
#3238=CARTESIAN_POINT('Ctrl Pts',(17.644934188522,15.6114614344339,-22.9999999999571));
#3239=CARTESIAN_POINT('Ctrl Pts',(17.6725499077113,15.5426035957589,-22.999999999977));
#3240=CARTESIAN_POINT('Ctrl Pts',(17.7237371942019,15.4149717245328,-23.0000000000138));
#3241=CARTESIAN_POINT('Ctrl Pts',(17.7683474812542,15.2834834193073,-22.999999999966));
#3242=CARTESIAN_POINT('Ctrl Pts',(17.8060324340587,15.1505327849178,-22.9999999999579));
#3243=CARTESIAN_POINT('Ctrl Pts',(17.815541574121,15.1169850129372,-22.9999999999559));
#3244=CARTESIAN_POINT('Ctrl Pts',(17.8246099479079,15.0833443260493,-22.9999999999578));
#3245=CARTESIAN_POINT('Ctrl Pts',(17.8332323441945,15.0496495020644,-22.9999999999649));
#3246=CARTESIAN_POINT('Ctrl Pts',(17.8760199252657,14.8824430822933,-23.));
#3247=CARTESIAN_POINT('Ctrl Pts',(17.9078614587181,14.713895195372,-23.0000000000128));
#3248=CARTESIAN_POINT('Ctrl Pts',(17.9314806710559,14.5443156526896,-22.9999999999713));
#3249=CARTESIAN_POINT('Ctrl Pts',(17.9551060448513,14.3746918724109,-22.9999999999298));
#3250=CARTESIAN_POINT('Ctrl Pts',(17.9705050422431,14.2040356753551,-23.0000000000002));
#3251=CARTESIAN_POINT('Ctrl Pts',(17.9806143054279,14.0326938152969,-22.9999999986365));
#3252=CARTESIAN_POINT('Ctrl Pts',(17.99072299495,13.8613616782466,-22.9999999972729));
#3253=CARTESIAN_POINT('Ctrl Pts',(17.9954554228055,13.6892586748096,-22.9999999980615));
#3254=CARTESIAN_POINT('Ctrl Pts',(17.9977744447759,13.5169855847683,-22.9999999989563));
#3255=CARTESIAN_POINT('Ctrl Pts',(18.0000931251214,13.3447378729954,-22.999999999851));
#3256=CARTESIAN_POINT('Ctrl Pts',(18.0000000054037,13.1723190395158,-23.));
#3257=CARTESIAN_POINT('Ctrl Pts',(18.,13.,-23.));
#3258=CARTESIAN_POINT('',(18.,-13.,-23.));
#3259=CARTESIAN_POINT('',(18.,13.,-23.));
#3260=CARTESIAN_POINT('',(13.,-18.,-23.));
#3261=CARTESIAN_POINT('Ctrl Pts',(18.,-13.,-23.));
#3262=CARTESIAN_POINT('Ctrl Pts',(18.0000000053854,-13.1718220459148,-23.));
#3263=CARTESIAN_POINT('Ctrl Pts',(18.0000680088967,-13.3436601636576,-22.9999999999673));
#3264=CARTESIAN_POINT('Ctrl Pts',(17.9977493877095,-13.5153137385986,-22.9999999998363));
#3265=CARTESIAN_POINT('Ctrl Pts',(17.9954304550088,-13.686990375701,-22.9999999997053));
#3266=CARTESIAN_POINT('Ctrl Pts',(17.9907234800553,-13.8584828852767,-22.9999999996856));
#3267=CARTESIAN_POINT('Ctrl Pts',(17.9807403234804,-14.0294188448185,-22.9999999998952));
#3268=CARTESIAN_POINT('Ctrl Pts',(17.9714686964488,-14.1881716852916,-23.0000000000899));
#3269=CARTESIAN_POINT('Ctrl Pts',(17.9576977890052,-14.3464783219261,-23.0000000000021));
#3270=CARTESIAN_POINT('Ctrl Pts',(17.9368630835457,-14.5045564005933,-22.9999999999978));
#3271=CARTESIAN_POINT('Ctrl Pts',(17.9352656791373,-14.5166763040989,-22.9999999999975));
#3272=CARTESIAN_POINT('Ctrl Pts',(17.933626724793,-14.5287948616226,-22.9999999999971));
#3273=CARTESIAN_POINT('Ctrl Pts',(17.9319450502211,-14.5409121699303,-22.9999999999966));
#3274=CARTESIAN_POINT('Ctrl Pts',(17.917697042552,-14.6435762076631,-22.9999999999924));
#3275=CARTESIAN_POINT('Ctrl Pts',(17.9003852123888,-14.7461509089381,-22.9999999999482));
#3276=CARTESIAN_POINT('Ctrl Pts',(17.8795063310756,-14.8481252488069,-22.9999999999166));
#3277=CARTESIAN_POINT('Ctrl Pts',(17.8657793013162,-14.9151693005006,-22.9999999998958));
#3278=CARTESIAN_POINT('Ctrl Pts',(17.8505111928364,-14.9819537913345,-22.9999999999036));
#3279=CARTESIAN_POINT('Ctrl Pts',(17.8335715078573,-15.0483347895422,-22.9999999999462));
#3280=CARTESIAN_POINT('Ctrl Pts',(17.8121967458092,-15.132095381487,-23.0000000000001));
#3281=CARTESIAN_POINT('Ctrl Pts',(17.7881156321133,-15.2154597907555,-22.999999999998));
#3282=CARTESIAN_POINT('Ctrl Pts',(17.7614273912395,-15.2975825808232,-22.999999999991));
#3283=CARTESIAN_POINT('Ctrl Pts',(17.734794703796,-15.3795344265892,-22.9999999999839));
#3284=CARTESIAN_POINT('Ctrl Pts',(17.7055659063534,-15.4602487917131,-22.9999999999997));
#3285=CARTESIAN_POINT('Ctrl Pts',(17.673681242687,-15.5398625952752,-22.9999999997219));
#3286=CARTESIAN_POINT('Ctrl Pts',(17.6362580767083,-15.6333056566815,-22.9999999993958));
#3287=CARTESIAN_POINT('Ctrl Pts',(17.5952643146061,-15.7249077184013,-22.9999999994358));
#3288=CARTESIAN_POINT('Ctrl Pts',(17.5505639490711,-15.8148850519088,-22.9999999996289));
#3289=CARTESIAN_POINT('Ctrl Pts',(17.5190151484739,-15.8783896098497,-22.9999999997652));
#3290=CARTESIAN_POINT('Ctrl Pts',(17.4856190298203,-15.9410845145943,-22.9999999998938));
#3291=CARTESIAN_POINT('Ctrl Pts',(17.4503126770871,-16.0030414688594,-22.9999999999419));
#3292=CARTESIAN_POINT('Ctrl Pts',(17.3843493615232,-16.1187964480394,-23.0000000000317));
#3293=CARTESIAN_POINT('Ctrl Pts',(17.3117104671056,-16.2319639865106,-23.0000000000022));
#3294=CARTESIAN_POINT('Ctrl Pts',(17.23375739299,-16.3406978032805,-22.9999999999963));
#3295=CARTESIAN_POINT('Ctrl Pts',(17.2108697626644,-16.3726228996331,-22.9999999999945));
#3296=CARTESIAN_POINT('Ctrl Pts',(17.1875243424198,-16.4041659159583,-22.9999999999913));
#3297=CARTESIAN_POINT('Ctrl Pts',(17.1637562993751,-16.4352805759944,-22.9999999999841));
#3298=CARTESIAN_POINT('Ctrl Pts',(17.0842435859594,-16.5393703843908,-22.9999999999599));
#3299=CARTESIAN_POINT('Ctrl Pts',(16.9999932646648,-16.63866247117,-22.9999999999548));
#3300=CARTESIAN_POINT('Ctrl Pts',(16.9109052089477,-16.7335858984585,-22.9999999999722));
#3301=CARTESIAN_POINT('Ctrl Pts',(16.8826626427843,-16.7636783856508,-22.9999999999778));
#3302=CARTESIAN_POINT('Ctrl Pts',(16.8539335846998,-16.7933315562804,-22.9999999999841));
#3303=CARTESIAN_POINT('Ctrl Pts',(16.8247140170515,-16.8225583813472,-22.9999999999893));
#3304=CARTESIAN_POINT('Ctrl Pts',(16.7558242789879,-16.8914652299191,-23.0000000000014));
#3305=CARTESIAN_POINT('Ctrl Pts',(16.6842106268657,-16.9580034348793,-22.9999999999966));
#3306=CARTESIAN_POINT('Ctrl Pts',(16.6100710483079,-17.0218478248393,-22.9999999999948));
#3307=CARTESIAN_POINT('Ctrl Pts',(16.5535705032223,-17.0705025771803,-22.9999999999935));
#3308=CARTESIAN_POINT('Ctrl Pts',(16.4956037825875,-17.1175934041906,-22.9999999999928));
#3309=CARTESIAN_POINT('Ctrl Pts',(16.4362727946997,-17.162990948451,-22.9999999999961));
#3310=CARTESIAN_POINT('Ctrl Pts',(16.3675976504844,-17.2155382430453,-23.));
#3311=CARTESIAN_POINT('Ctrl Pts',(16.2968698707015,-17.265997563345,-23.0000000000018));
#3312=CARTESIAN_POINT('Ctrl Pts',(16.2248613776673,-17.3137869440507,-22.9999999999964));
#3313=CARTESIAN_POINT('Ctrl Pts',(16.1530265611173,-17.3614610620802,-22.999999999991));
#3314=CARTESIAN_POINT('Ctrl Pts',(16.0799182798226,-17.4064772443122,-22.9999999999998));
#3315=CARTESIAN_POINT('Ctrl Pts',(16.005419429013,-17.4489740744247,-22.9999999998241));
#3316=CARTESIAN_POINT('Ctrl Pts',(15.9205072499833,-17.497411042344,-22.9999999996238));
#3317=CARTESIAN_POINT('Ctrl Pts',(15.8340923944888,-17.5423671404566,-22.9999999996724));
#3318=CARTESIAN_POINT('Ctrl Pts',(15.7459248308449,-17.5839413992979,-22.9999999997934));
#3319=CARTESIAN_POINT('Ctrl Pts',(15.6791953585087,-17.6154068072166,-22.999999999885));
#3320=CARTESIAN_POINT('Ctrl Pts',(15.6114614344339,-17.644934188522,-22.9999999999571));
#3321=CARTESIAN_POINT('Ctrl Pts',(15.5426035957589,-17.6725499077113,-22.999999999977));
#3322=CARTESIAN_POINT('Ctrl Pts',(15.4149717245328,-17.7237371942019,-23.0000000000138));
#3323=CARTESIAN_POINT('Ctrl Pts',(15.2834834193073,-17.7683474812542,-22.999999999966));
#3324=CARTESIAN_POINT('Ctrl Pts',(15.1505327849178,-17.8060324340587,-22.9999999999579));
#3325=CARTESIAN_POINT('Ctrl Pts',(15.1169850129372,-17.815541574121,-22.9999999999559));
#3326=CARTESIAN_POINT('Ctrl Pts',(15.0833443260493,-17.8246099479079,-22.9999999999578));
#3327=CARTESIAN_POINT('Ctrl Pts',(15.0496495020644,-17.8332323441945,-22.9999999999649));
#3328=CARTESIAN_POINT('Ctrl Pts',(14.8824430822933,-17.8760199252657,-23.));
#3329=CARTESIAN_POINT('Ctrl Pts',(14.713895195372,-17.9078614587181,-23.0000000000128));
#3330=CARTESIAN_POINT('Ctrl Pts',(14.5443156526896,-17.9314806710559,-22.9999999999713));
#3331=CARTESIAN_POINT('Ctrl Pts',(14.3746918724109,-17.9551060448513,-22.9999999999298));
#3332=CARTESIAN_POINT('Ctrl Pts',(14.2040356753551,-17.9705050422431,-23.0000000000002));
#3333=CARTESIAN_POINT('Ctrl Pts',(14.0326938152969,-17.9806143054279,-22.9999999986365));
#3334=CARTESIAN_POINT('Ctrl Pts',(13.8613616782466,-17.99072299495,-22.9999999972729));
#3335=CARTESIAN_POINT('Ctrl Pts',(13.6892586748096,-17.9954554228055,-22.9999999980615));
#3336=CARTESIAN_POINT('Ctrl Pts',(13.5169855847683,-17.9977744447759,-22.9999999989563));
#3337=CARTESIAN_POINT('Ctrl Pts',(13.3447378729954,-18.0000931251214,-22.999999999851));
#3338=CARTESIAN_POINT('Ctrl Pts',(13.1723190395158,-18.0000000054037,-23.));
#3339=CARTESIAN_POINT('Ctrl Pts',(13.,-18.,-23.));
#3340=CARTESIAN_POINT('',(-13.,-18.,-23.));
#3341=CARTESIAN_POINT('',(13.,-18.,-23.));
#3342=CARTESIAN_POINT('',(-18.,-13.,-23.));
#3343=CARTESIAN_POINT('Ctrl Pts',(-13.,-18.,-23.));
#3344=CARTESIAN_POINT('Ctrl Pts',(-13.1718220459148,-18.0000000053854,-23.));
#3345=CARTESIAN_POINT('Ctrl Pts',(-13.3436601636576,-18.0000680088967,-22.9999999999673));
#3346=CARTESIAN_POINT('Ctrl Pts',(-13.5153137385986,-17.9977493877095,-22.9999999998363));
#3347=CARTESIAN_POINT('Ctrl Pts',(-13.686990375701,-17.9954304550088,-22.9999999997053));
#3348=CARTESIAN_POINT('Ctrl Pts',(-13.8584828852767,-17.9907234800553,-22.9999999996856));
#3349=CARTESIAN_POINT('Ctrl Pts',(-14.0294188448185,-17.9807403234804,-22.9999999998952));
#3350=CARTESIAN_POINT('Ctrl Pts',(-14.1881716852916,-17.9714686964488,-23.0000000000899));
#3351=CARTESIAN_POINT('Ctrl Pts',(-14.3464783219261,-17.9576977890052,-23.0000000000021));
#3352=CARTESIAN_POINT('Ctrl Pts',(-14.5045564005933,-17.9368630835457,-22.9999999999978));
#3353=CARTESIAN_POINT('Ctrl Pts',(-14.5166763040989,-17.9352656791373,-22.9999999999975));
#3354=CARTESIAN_POINT('Ctrl Pts',(-14.5287948616226,-17.933626724793,-22.9999999999971));
#3355=CARTESIAN_POINT('Ctrl Pts',(-14.5409121699303,-17.9319450502211,-22.9999999999966));
#3356=CARTESIAN_POINT('Ctrl Pts',(-14.6435762076631,-17.917697042552,-22.9999999999924));
#3357=CARTESIAN_POINT('Ctrl Pts',(-14.7461509089381,-17.9003852123888,-22.9999999999482));
#3358=CARTESIAN_POINT('Ctrl Pts',(-14.8481252488069,-17.8795063310756,-22.9999999999166));
#3359=CARTESIAN_POINT('Ctrl Pts',(-14.9151693005006,-17.8657793013162,-22.9999999998958));
#3360=CARTESIAN_POINT('Ctrl Pts',(-14.9819537913345,-17.8505111928364,-22.9999999999036));
#3361=CARTESIAN_POINT('Ctrl Pts',(-15.0483347895422,-17.8335715078573,-22.9999999999462));
#3362=CARTESIAN_POINT('Ctrl Pts',(-15.132095381487,-17.8121967458092,-23.0000000000001));
#3363=CARTESIAN_POINT('Ctrl Pts',(-15.2154597907555,-17.7881156321133,-22.999999999998));
#3364=CARTESIAN_POINT('Ctrl Pts',(-15.2975825808232,-17.7614273912395,-22.999999999991));
#3365=CARTESIAN_POINT('Ctrl Pts',(-15.3795344265892,-17.734794703796,-22.9999999999839));
#3366=CARTESIAN_POINT('Ctrl Pts',(-15.4602487917131,-17.7055659063534,-22.9999999999997));
#3367=CARTESIAN_POINT('Ctrl Pts',(-15.5398625952752,-17.673681242687,-22.9999999997219));
#3368=CARTESIAN_POINT('Ctrl Pts',(-15.6333056566815,-17.6362580767083,-22.9999999993958));
#3369=CARTESIAN_POINT('Ctrl Pts',(-15.7249077184013,-17.5952643146061,-22.9999999994358));
#3370=CARTESIAN_POINT('Ctrl Pts',(-15.8148850519088,-17.5505639490711,-22.9999999996289));
#3371=CARTESIAN_POINT('Ctrl Pts',(-15.8783896098497,-17.5190151484739,-22.9999999997652));
#3372=CARTESIAN_POINT('Ctrl Pts',(-15.9410845145943,-17.4856190298203,-22.9999999998938));
#3373=CARTESIAN_POINT('Ctrl Pts',(-16.0030414688594,-17.4503126770871,-22.9999999999419));
#3374=CARTESIAN_POINT('Ctrl Pts',(-16.1187964480394,-17.3843493615232,-23.0000000000317));
#3375=CARTESIAN_POINT('Ctrl Pts',(-16.2319639865106,-17.3117104671056,-23.0000000000022));
#3376=CARTESIAN_POINT('Ctrl Pts',(-16.3406978032805,-17.23375739299,-22.9999999999963));
#3377=CARTESIAN_POINT('Ctrl Pts',(-16.3726228996331,-17.2108697626644,-22.9999999999945));
#3378=CARTESIAN_POINT('Ctrl Pts',(-16.4041659159583,-17.1875243424198,-22.9999999999913));
#3379=CARTESIAN_POINT('Ctrl Pts',(-16.4352805759944,-17.1637562993751,-22.9999999999841));
#3380=CARTESIAN_POINT('Ctrl Pts',(-16.5393703843908,-17.0842435859594,-22.9999999999599));
#3381=CARTESIAN_POINT('Ctrl Pts',(-16.63866247117,-16.9999932646648,-22.9999999999548));
#3382=CARTESIAN_POINT('Ctrl Pts',(-16.7335858984585,-16.9109052089477,-22.9999999999722));
#3383=CARTESIAN_POINT('Ctrl Pts',(-16.7636783856508,-16.8826626427843,-22.9999999999778));
#3384=CARTESIAN_POINT('Ctrl Pts',(-16.7933315562804,-16.8539335846998,-22.9999999999841));
#3385=CARTESIAN_POINT('Ctrl Pts',(-16.8225583813472,-16.8247140170515,-22.9999999999893));
#3386=CARTESIAN_POINT('Ctrl Pts',(-16.8914652299191,-16.7558242789879,-23.0000000000014));
#3387=CARTESIAN_POINT('Ctrl Pts',(-16.9580034348793,-16.6842106268657,-22.9999999999966));
#3388=CARTESIAN_POINT('Ctrl Pts',(-17.0218478248393,-16.6100710483079,-22.9999999999948));
#3389=CARTESIAN_POINT('Ctrl Pts',(-17.0705025771803,-16.5535705032223,-22.9999999999935));
#3390=CARTESIAN_POINT('Ctrl Pts',(-17.1175934041906,-16.4956037825875,-22.9999999999928));
#3391=CARTESIAN_POINT('Ctrl Pts',(-17.162990948451,-16.4362727946997,-22.9999999999961));
#3392=CARTESIAN_POINT('Ctrl Pts',(-17.2155382430453,-16.3675976504844,-23.));
#3393=CARTESIAN_POINT('Ctrl Pts',(-17.265997563345,-16.2968698707015,-23.0000000000018));
#3394=CARTESIAN_POINT('Ctrl Pts',(-17.3137869440507,-16.2248613776673,-22.9999999999964));
#3395=CARTESIAN_POINT('Ctrl Pts',(-17.3614610620802,-16.1530265611173,-22.999999999991));
#3396=CARTESIAN_POINT('Ctrl Pts',(-17.4064772443122,-16.0799182798226,-22.9999999999998));
#3397=CARTESIAN_POINT('Ctrl Pts',(-17.4489740744247,-16.005419429013,-22.9999999998241));
#3398=CARTESIAN_POINT('Ctrl Pts',(-17.497411042344,-15.9205072499833,-22.9999999996238));
#3399=CARTESIAN_POINT('Ctrl Pts',(-17.5423671404566,-15.8340923944888,-22.9999999996724));
#3400=CARTESIAN_POINT('Ctrl Pts',(-17.5839413992979,-15.7459248308449,-22.9999999997934));
#3401=CARTESIAN_POINT('Ctrl Pts',(-17.6154068072166,-15.6791953585087,-22.999999999885));
#3402=CARTESIAN_POINT('Ctrl Pts',(-17.644934188522,-15.6114614344339,-22.9999999999571));
#3403=CARTESIAN_POINT('Ctrl Pts',(-17.6725499077113,-15.5426035957589,-22.999999999977));
#3404=CARTESIAN_POINT('Ctrl Pts',(-17.7237371942019,-15.4149717245328,-23.0000000000138));
#3405=CARTESIAN_POINT('Ctrl Pts',(-17.7683474812542,-15.2834834193073,-22.999999999966));
#3406=CARTESIAN_POINT('Ctrl Pts',(-17.8060324340587,-15.1505327849178,-22.9999999999579));
#3407=CARTESIAN_POINT('Ctrl Pts',(-17.815541574121,-15.1169850129372,-22.9999999999559));
#3408=CARTESIAN_POINT('Ctrl Pts',(-17.8246099479079,-15.0833443260493,-22.9999999999578));
#3409=CARTESIAN_POINT('Ctrl Pts',(-17.8332323441945,-15.0496495020644,-22.9999999999649));
#3410=CARTESIAN_POINT('Ctrl Pts',(-17.8760199252657,-14.8824430822933,-23.));
#3411=CARTESIAN_POINT('Ctrl Pts',(-17.9078614587181,-14.713895195372,-23.0000000000128));
#3412=CARTESIAN_POINT('Ctrl Pts',(-17.9314806710559,-14.5443156526896,-22.9999999999713));
#3413=CARTESIAN_POINT('Ctrl Pts',(-17.9551060448513,-14.3746918724109,-22.9999999999298));
#3414=CARTESIAN_POINT('Ctrl Pts',(-17.9705050422431,-14.2040356753551,-23.0000000000002));
#3415=CARTESIAN_POINT('Ctrl Pts',(-17.9806143054279,-14.0326938152969,-22.9999999986365));
#3416=CARTESIAN_POINT('Ctrl Pts',(-17.99072299495,-13.8613616782466,-22.9999999972729));
#3417=CARTESIAN_POINT('Ctrl Pts',(-17.9954554228055,-13.6892586748096,-22.9999999980615));
#3418=CARTESIAN_POINT('Ctrl Pts',(-17.9977744447759,-13.5169855847683,-22.9999999989563));
#3419=CARTESIAN_POINT('Ctrl Pts',(-18.0000931251214,-13.3447378729954,-22.999999999851));
#3420=CARTESIAN_POINT('Ctrl Pts',(-18.0000000054037,-13.1723190395158,-23.));
#3421=CARTESIAN_POINT('Ctrl Pts',(-18.,-13.,-23.));
#3422=CARTESIAN_POINT('',(-18.,13.,-23.));
#3423=CARTESIAN_POINT('',(-18.,-13.,-23.));
#3424=CARTESIAN_POINT('Ctrl Pts',(-18.,13.,-23.));
#3425=CARTESIAN_POINT('Ctrl Pts',(-18.0000000053854,13.1718220459148,-23.));
#3426=CARTESIAN_POINT('Ctrl Pts',(-18.0000680088967,13.3436601636576,-22.9999999999673));
#3427=CARTESIAN_POINT('Ctrl Pts',(-17.9977493877095,13.5153137385986,-22.9999999998363));
#3428=CARTESIAN_POINT('Ctrl Pts',(-17.9954304550088,13.686990375701,-22.9999999997053));
#3429=CARTESIAN_POINT('Ctrl Pts',(-17.9907234800553,13.8584828852767,-22.9999999996856));
#3430=CARTESIAN_POINT('Ctrl Pts',(-17.9807403234804,14.0294188448185,-22.9999999998952));
#3431=CARTESIAN_POINT('Ctrl Pts',(-17.9714686964488,14.1881716852916,-23.0000000000899));
#3432=CARTESIAN_POINT('Ctrl Pts',(-17.9576977890052,14.3464783219261,-23.0000000000021));
#3433=CARTESIAN_POINT('Ctrl Pts',(-17.9368630835457,14.5045564005933,-22.9999999999978));
#3434=CARTESIAN_POINT('Ctrl Pts',(-17.9352656791373,14.5166763040989,-22.9999999999975));
#3435=CARTESIAN_POINT('Ctrl Pts',(-17.933626724793,14.5287948616226,-22.9999999999971));
#3436=CARTESIAN_POINT('Ctrl Pts',(-17.9319450502211,14.5409121699303,-22.9999999999966));
#3437=CARTESIAN_POINT('Ctrl Pts',(-17.917697042552,14.6435762076631,-22.9999999999924));
#3438=CARTESIAN_POINT('Ctrl Pts',(-17.9003852123888,14.7461509089381,-22.9999999999482));
#3439=CARTESIAN_POINT('Ctrl Pts',(-17.8795063310756,14.8481252488069,-22.9999999999166));
#3440=CARTESIAN_POINT('Ctrl Pts',(-17.8657793013162,14.9151693005006,-22.9999999998958));
#3441=CARTESIAN_POINT('Ctrl Pts',(-17.8505111928364,14.9819537913345,-22.9999999999036));
#3442=CARTESIAN_POINT('Ctrl Pts',(-17.8335715078573,15.0483347895422,-22.9999999999462));
#3443=CARTESIAN_POINT('Ctrl Pts',(-17.8121967458092,15.132095381487,-23.0000000000001));
#3444=CARTESIAN_POINT('Ctrl Pts',(-17.7881156321133,15.2154597907555,-22.999999999998));
#3445=CARTESIAN_POINT('Ctrl Pts',(-17.7614273912395,15.2975825808232,-22.999999999991));
#3446=CARTESIAN_POINT('Ctrl Pts',(-17.734794703796,15.3795344265892,-22.9999999999839));
#3447=CARTESIAN_POINT('Ctrl Pts',(-17.7055659063534,15.4602487917131,-22.9999999999997));
#3448=CARTESIAN_POINT('Ctrl Pts',(-17.673681242687,15.5398625952752,-22.9999999997219));
#3449=CARTESIAN_POINT('Ctrl Pts',(-17.6362580767083,15.6333056566815,-22.9999999993958));
#3450=CARTESIAN_POINT('Ctrl Pts',(-17.5952643146061,15.7249077184013,-22.9999999994358));
#3451=CARTESIAN_POINT('Ctrl Pts',(-17.5505639490711,15.8148850519088,-22.9999999996289));
#3452=CARTESIAN_POINT('Ctrl Pts',(-17.5190151484739,15.8783896098497,-22.9999999997652));
#3453=CARTESIAN_POINT('Ctrl Pts',(-17.4856190298203,15.9410845145943,-22.9999999998938));
#3454=CARTESIAN_POINT('Ctrl Pts',(-17.4503126770871,16.0030414688594,-22.9999999999419));
#3455=CARTESIAN_POINT('Ctrl Pts',(-17.3843493615232,16.1187964480394,-23.0000000000317));
#3456=CARTESIAN_POINT('Ctrl Pts',(-17.3117104671056,16.2319639865106,-23.0000000000022));
#3457=CARTESIAN_POINT('Ctrl Pts',(-17.23375739299,16.3406978032805,-22.9999999999963));
#3458=CARTESIAN_POINT('Ctrl Pts',(-17.2108697626644,16.3726228996331,-22.9999999999945));
#3459=CARTESIAN_POINT('Ctrl Pts',(-17.1875243424198,16.4041659159583,-22.9999999999913));
#3460=CARTESIAN_POINT('Ctrl Pts',(-17.1637562993751,16.4352805759944,-22.9999999999841));
#3461=CARTESIAN_POINT('Ctrl Pts',(-17.0842435859594,16.5393703843908,-22.9999999999599));
#3462=CARTESIAN_POINT('Ctrl Pts',(-16.9999932646648,16.63866247117,-22.9999999999548));
#3463=CARTESIAN_POINT('Ctrl Pts',(-16.9109052089477,16.7335858984585,-22.9999999999722));
#3464=CARTESIAN_POINT('Ctrl Pts',(-16.8826626427843,16.7636783856508,-22.9999999999778));
#3465=CARTESIAN_POINT('Ctrl Pts',(-16.8539335846998,16.7933315562804,-22.9999999999841));
#3466=CARTESIAN_POINT('Ctrl Pts',(-16.8247140170515,16.8225583813472,-22.9999999999893));
#3467=CARTESIAN_POINT('Ctrl Pts',(-16.7558242789879,16.8914652299191,-23.0000000000014));
#3468=CARTESIAN_POINT('Ctrl Pts',(-16.6842106268657,16.9580034348793,-22.9999999999966));
#3469=CARTESIAN_POINT('Ctrl Pts',(-16.6100710483079,17.0218478248393,-22.9999999999948));
#3470=CARTESIAN_POINT('Ctrl Pts',(-16.5535705032223,17.0705025771803,-22.9999999999935));
#3471=CARTESIAN_POINT('Ctrl Pts',(-16.4956037825875,17.1175934041906,-22.9999999999928));
#3472=CARTESIAN_POINT('Ctrl Pts',(-16.4362727946997,17.162990948451,-22.9999999999961));
#3473=CARTESIAN_POINT('Ctrl Pts',(-16.3675976504844,17.2155382430453,-23.));
#3474=CARTESIAN_POINT('Ctrl Pts',(-16.2968698707015,17.265997563345,-23.0000000000018));
#3475=CARTESIAN_POINT('Ctrl Pts',(-16.2248613776673,17.3137869440507,-22.9999999999964));
#3476=CARTESIAN_POINT('Ctrl Pts',(-16.1530265611173,17.3614610620802,-22.999999999991));
#3477=CARTESIAN_POINT('Ctrl Pts',(-16.0799182798226,17.4064772443122,-22.9999999999998));
#3478=CARTESIAN_POINT('Ctrl Pts',(-16.005419429013,17.4489740744247,-22.9999999998241));
#3479=CARTESIAN_POINT('Ctrl Pts',(-15.9205072499833,17.497411042344,-22.9999999996238));
#3480=CARTESIAN_POINT('Ctrl Pts',(-15.8340923944888,17.5423671404566,-22.9999999996724));
#3481=CARTESIAN_POINT('Ctrl Pts',(-15.7459248308449,17.5839413992979,-22.9999999997934));
#3482=CARTESIAN_POINT('Ctrl Pts',(-15.6791953585087,17.6154068072166,-22.999999999885));
#3483=CARTESIAN_POINT('Ctrl Pts',(-15.6114614344339,17.644934188522,-22.9999999999571));
#3484=CARTESIAN_POINT('Ctrl Pts',(-15.5426035957589,17.6725499077113,-22.999999999977));
#3485=CARTESIAN_POINT('Ctrl Pts',(-15.4149717245328,17.7237371942019,-23.0000000000138));
#3486=CARTESIAN_POINT('Ctrl Pts',(-15.2834834193073,17.7683474812542,-22.999999999966));
#3487=CARTESIAN_POINT('Ctrl Pts',(-15.1505327849178,17.8060324340587,-22.9999999999579));
#3488=CARTESIAN_POINT('Ctrl Pts',(-15.1169850129372,17.815541574121,-22.9999999999559));
#3489=CARTESIAN_POINT('Ctrl Pts',(-15.0833443260493,17.8246099479079,-22.9999999999578));
#3490=CARTESIAN_POINT('Ctrl Pts',(-15.0496495020644,17.8332323441945,-22.9999999999649));
#3491=CARTESIAN_POINT('Ctrl Pts',(-14.8824430822933,17.8760199252657,-23.));
#3492=CARTESIAN_POINT('Ctrl Pts',(-14.713895195372,17.9078614587181,-23.0000000000128));
#3493=CARTESIAN_POINT('Ctrl Pts',(-14.5443156526896,17.9314806710559,-22.9999999999713));
#3494=CARTESIAN_POINT('Ctrl Pts',(-14.3746918724109,17.9551060448513,-22.9999999999298));
#3495=CARTESIAN_POINT('Ctrl Pts',(-14.2040356753551,17.9705050422431,-23.0000000000002));
#3496=CARTESIAN_POINT('Ctrl Pts',(-14.0326938152969,17.9806143054279,-22.9999999986365));
#3497=CARTESIAN_POINT('Ctrl Pts',(-13.8613616782466,17.99072299495,-22.9999999972729));
#3498=CARTESIAN_POINT('Ctrl Pts',(-13.6892586748096,17.9954554228055,-22.9999999980615));
#3499=CARTESIAN_POINT('Ctrl Pts',(-13.5169855847683,17.9977744447759,-22.9999999989563));
#3500=CARTESIAN_POINT('Ctrl Pts',(-13.3447378729954,18.0000931251214,-22.999999999851));
#3501=CARTESIAN_POINT('Ctrl Pts',(-13.1723190395158,18.0000000054037,-23.));
#3502=CARTESIAN_POINT('Ctrl Pts',(-13.,18.,-23.));
#3503=CARTESIAN_POINT('',(-8.75,7.14280888094985E-16,-23.));
#3504=CARTESIAN_POINT('Origin',(-10.,8.67361737988404E-16,-23.));
#3505=CARTESIAN_POINT('',(11.25,7.14280888094985E-16,-23.));
#3506=CARTESIAN_POINT('Origin',(10.,8.67361737988404E-16,-23.));
#3507=CARTESIAN_POINT('Origin',(-21.09,0.,0.));
#3508=CARTESIAN_POINT('',(-21.09,9.5,-17.85));
#3509=CARTESIAN_POINT('',(-21.09,10.,-17.35));
#3510=CARTESIAN_POINT('Origin',(-21.09,9.5,-17.35));
#3511=CARTESIAN_POINT('',(-21.09,-9.5,-17.85));
#3512=CARTESIAN_POINT('',(-21.09,-9.5,-17.85));
#3513=CARTESIAN_POINT('',(-21.09,-10.,-17.35));
#3514=CARTESIAN_POINT('Origin',(-21.09,-9.5,-17.35));
#3515=CARTESIAN_POINT('',(-21.09,-10.,-11.95));
#3516=CARTESIAN_POINT('',(-21.09,-10.,-11.95));
#3517=CARTESIAN_POINT('',(-21.09,-9.5,-11.45));
#3518=CARTESIAN_POINT('Origin',(-21.09,-9.5,-11.95));
#3519=CARTESIAN_POINT('',(-21.09,9.5,-11.45));
#3520=CARTESIAN_POINT('',(-21.09,-9.5,-11.45));
#3521=CARTESIAN_POINT('',(-21.09,10.,-11.95));
#3522=CARTESIAN_POINT('Origin',(-21.09,9.5,-11.95));
#3523=CARTESIAN_POINT('',(-21.09,10.,-17.35));
#3524=CARTESIAN_POINT('Origin',(-21.09,10.,-17.85));
#3525=CARTESIAN_POINT('',(-21.,-9.5,-17.85));
#3526=CARTESIAN_POINT('',(-21.,9.5,-17.85));
#3527=CARTESIAN_POINT('',(-21.,-9.5,-17.85));
#3528=CARTESIAN_POINT('',(-21.09,-9.5,-17.85));
#3529=CARTESIAN_POINT('',(-21.09,9.5,-17.85));
#3530=CARTESIAN_POINT('Origin',(-21.09,9.5,-17.35));
#3531=CARTESIAN_POINT('',(-21.,10.,-17.35));
#3532=CARTESIAN_POINT('Origin',(-21.,9.5,-17.35));
#3533=CARTESIAN_POINT('',(-21.09,10.,-17.35));
#3534=CARTESIAN_POINT('Origin',(-21.09,10.,-17.85));
#3535=CARTESIAN_POINT('',(-21.,10.,-11.95));
#3536=CARTESIAN_POINT('',(-21.09,10.,-11.95));
#3537=CARTESIAN_POINT('',(-21.,10.,-11.95));
#3538=CARTESIAN_POINT('Origin',(-21.09,9.5,-11.95));
#3539=CARTESIAN_POINT('',(-21.,9.5,-11.45));
#3540=CARTESIAN_POINT('Origin',(-21.,9.5,-11.95));
#3541=CARTESIAN_POINT('',(-21.09,9.5,-11.45));
#3542=CARTESIAN_POINT('Origin',(-21.09,10.,-11.45));
#3543=CARTESIAN_POINT('',(-21.,-9.5,-11.45));
#3544=CARTESIAN_POINT('',(-21.09,-9.5,-11.45));
#3545=CARTESIAN_POINT('',(-21.,-9.5,-11.45));
#3546=CARTESIAN_POINT('Origin',(-21.09,-9.5,-11.95));
#3547=CARTESIAN_POINT('',(-21.,-10.,-11.95));
#3548=CARTESIAN_POINT('Origin',(-21.,-9.5,-11.95));
#3549=CARTESIAN_POINT('',(-21.09,-10.,-11.95));
#3550=CARTESIAN_POINT('Origin',(-21.09,-10.,-17.85));
#3551=CARTESIAN_POINT('',(-21.,-10.,-17.35));
#3552=CARTESIAN_POINT('',(-21.,-10.,-11.95));
#3553=CARTESIAN_POINT('',(-21.09,-10.,-17.35));
#3554=CARTESIAN_POINT('Origin',(-21.09,-9.5,-17.35));
#3555=CARTESIAN_POINT('Origin',(-21.,-9.5,-17.35));
#3556=CARTESIAN_POINT('Origin',(-18.2322090487658,18.243471965242,-0.87));
#3557=CARTESIAN_POINT('',(-20.,-13.,-0.87));
#3558=CARTESIAN_POINT('',(-20.,13.,-0.87));
#3559=CARTESIAN_POINT('',(-20.,-13.,-0.87));
#3560=CARTESIAN_POINT('',(-13.,-20.,-0.87));
#3561=CARTESIAN_POINT('Ctrl Pts',(-13.,-20.,-0.87));
#3562=CARTESIAN_POINT('Ctrl Pts',(-13.476168021072,-20.,-0.87));
#3563=CARTESIAN_POINT('Ctrl Pts',(-13.9522253361128,-19.998706801584,-0.87));
#3564=CARTESIAN_POINT('Ctrl Pts',(-14.6611234258354,-19.9361654106764,-0.87));
#3565=CARTESIAN_POINT('Ctrl Pts',(-14.8965835839993,-19.9055152130447,-0.87));
#3566=CARTESIAN_POINT('Ctrl Pts',(-15.3652965911638,-19.8184304166473,-0.87));
#3567=CARTESIAN_POINT('Ctrl Pts',(-15.5996173071186,-19.7615599452162,-0.87));
#3568=CARTESIAN_POINT('Ctrl Pts',(-16.2821376045619,-19.5514706339651,-0.87));
#3569=CARTESIAN_POINT('Ctrl Pts',(-16.7144510645657,-19.3587449641396,-0.87));
#3570=CARTESIAN_POINT('Ctrl Pts',(-17.3277621008253,-18.988084182582,-0.87));
#3571=CARTESIAN_POINT('Ctrl Pts',(-17.5256884561849,-18.8510122505604,-0.87));
#3572=CARTESIAN_POINT('Ctrl Pts',(-17.8991487449191,-18.557381435231,-0.87));
#3573=CARTESIAN_POINT('Ctrl Pts',(-18.076125067919,-18.4000072834209,-0.87));
#3574=CARTESIAN_POINT('Ctrl Pts',(-18.5781657598883,-17.8966125794557,-0.87));
#3575=CARTESIAN_POINT('Ctrl Pts',(-18.8769123650819,-17.5144772293181,-0.87));
#3576=CARTESIAN_POINT('Ctrl Pts',(-19.2428118528834,-16.9048165534323,-0.87));
#3577=CARTESIAN_POINT('Ctrl Pts',(-19.3519650110479,-16.6947900236625,-0.87));
#3578=CARTESIAN_POINT('Ctrl Pts',(-19.544436399826,-16.2610137339891,-0.87));
#3579=CARTESIAN_POINT('Ctrl Pts',(-19.6281364328302,-16.0358036723292,-0.87));
#3580=CARTESIAN_POINT('Ctrl Pts',(-19.8367182945478,-15.3496104871379,-0.87));
#3581=CARTESIAN_POINT('Ctrl Pts',(-19.9168542848988,-14.8852485872333,-0.87));
#3582=CARTESIAN_POINT('Ctrl Pts',(-19.998667647106,-13.9473367369013,-0.87));
#3583=CARTESIAN_POINT('Ctrl Pts',(-20.,-13.4737463823511,-0.87));
#3584=CARTESIAN_POINT('Ctrl Pts',(-20.,-13.,-0.87));
#3585=CARTESIAN_POINT('',(13.,-20.,-0.87));
#3586=CARTESIAN_POINT('',(13.,-20.,-0.87));
#3587=CARTESIAN_POINT('',(20.,-13.,-0.87));
#3588=CARTESIAN_POINT('Ctrl Pts',(20.,-13.,-0.869999999999999));
#3589=CARTESIAN_POINT('Ctrl Pts',(20.,-13.476168021072,-0.869999999999999));
#3590=CARTESIAN_POINT('Ctrl Pts',(19.998706801584,-13.9522253361128,-0.869999999999999));
#3591=CARTESIAN_POINT('Ctrl Pts',(19.9361654106763,-14.6611234258354,-0.869999999999999));
#3592=CARTESIAN_POINT('Ctrl Pts',(19.9055152130447,-14.8965835839993,-0.869999999999999));
#3593=CARTESIAN_POINT('Ctrl Pts',(19.8184304166473,-15.3652965911638,-0.869999999999999));
#3594=CARTESIAN_POINT('Ctrl Pts',(19.7615599452161,-15.5996173071186,-0.869999999999999));
#3595=CARTESIAN_POINT('Ctrl Pts',(19.5514706339651,-16.2821376045618,-0.869999999999999));
#3596=CARTESIAN_POINT('Ctrl Pts',(19.3587449641396,-16.7144510645657,-0.869999999999999));
#3597=CARTESIAN_POINT('Ctrl Pts',(18.9880841825819,-17.3277621008253,-0.869999999999999));
#3598=CARTESIAN_POINT('Ctrl Pts',(18.8510122505603,-17.5256884561849,-0.869999999999999));
#3599=CARTESIAN_POINT('Ctrl Pts',(18.557381435231,-17.8991487449191,-0.869999999999999));
#3600=CARTESIAN_POINT('Ctrl Pts',(18.4000072834209,-18.0761250679189,-0.869999999999999));
#3601=CARTESIAN_POINT('Ctrl Pts',(17.8966125794557,-18.5781657598883,-0.869999999999999));
#3602=CARTESIAN_POINT('Ctrl Pts',(17.5144772293181,-18.8769123650819,-0.869999999999999));
#3603=CARTESIAN_POINT('Ctrl Pts',(16.9048165534323,-19.2428118528834,-0.869999999999999));
#3604=CARTESIAN_POINT('Ctrl Pts',(16.6947900236625,-19.3519650110479,-0.869999999999999));
#3605=CARTESIAN_POINT('Ctrl Pts',(16.2610137339891,-19.544436399826,-0.869999999999999));
#3606=CARTESIAN_POINT('Ctrl Pts',(16.0358036723292,-19.6281364328302,-0.869999999999999));
#3607=CARTESIAN_POINT('Ctrl Pts',(15.3496104871378,-19.8367182945478,-0.869999999999999));
#3608=CARTESIAN_POINT('Ctrl Pts',(14.8852485872333,-19.9168542848988,-0.869999999999999));
#3609=CARTESIAN_POINT('Ctrl Pts',(13.9473367369013,-19.998667647106,-0.869999999999999));
#3610=CARTESIAN_POINT('Ctrl Pts',(13.4737463823511,-20.,-0.869999999999999));
#3611=CARTESIAN_POINT('Ctrl Pts',(13.,-20.,-0.869999999999999));
#3612=CARTESIAN_POINT('',(20.,13.,-0.87));
#3613=CARTESIAN_POINT('',(20.,-13.,-0.87));
#3614=CARTESIAN_POINT('',(13.,20.,-0.87));
#3615=CARTESIAN_POINT('Ctrl Pts',(13.,20.,-0.87));
#3616=CARTESIAN_POINT('Ctrl Pts',(13.476168021072,20.,-0.87));
#3617=CARTESIAN_POINT('Ctrl Pts',(13.9522253361128,19.998706801584,-0.87));
#3618=CARTESIAN_POINT('Ctrl Pts',(14.6611234258354,19.9361654106763,-0.87));
#3619=CARTESIAN_POINT('Ctrl Pts',(14.8965835839993,19.9055152130447,-0.87));
#3620=CARTESIAN_POINT('Ctrl Pts',(15.3652965911638,19.8184304166472,-0.87));
#3621=CARTESIAN_POINT('Ctrl Pts',(15.5996173071186,19.7615599452161,-0.87));
#3622=CARTESIAN_POINT('Ctrl Pts',(16.2821376045618,19.551470633965,-0.87));
#3623=CARTESIAN_POINT('Ctrl Pts',(16.7144510645656,19.3587449641395,-0.87));
#3624=CARTESIAN_POINT('Ctrl Pts',(17.3277621008253,18.9880841825819,-0.87));
#3625=CARTESIAN_POINT('Ctrl Pts',(17.5256884561849,18.8510122505603,-0.87));
#3626=CARTESIAN_POINT('Ctrl Pts',(17.899148744919,18.5573814352309,-0.87));
#3627=CARTESIAN_POINT('Ctrl Pts',(18.0761250679188,18.4000072834208,-0.87));
#3628=CARTESIAN_POINT('Ctrl Pts',(18.5781657598883,17.8966125794556,-0.87));
#3629=CARTESIAN_POINT('Ctrl Pts',(18.8769123650819,17.5144772293181,-0.87));
#3630=CARTESIAN_POINT('Ctrl Pts',(19.2428118528834,16.9048165534323,-0.87));
#3631=CARTESIAN_POINT('Ctrl Pts',(19.3519650110479,16.6947900236625,-0.87));
#3632=CARTESIAN_POINT('Ctrl Pts',(19.544436399826,16.2610137339891,-0.87));
#3633=CARTESIAN_POINT('Ctrl Pts',(19.6281364328302,16.0358036723292,-0.87));
#3634=CARTESIAN_POINT('Ctrl Pts',(19.8367182945478,15.3496104871378,-0.87));
#3635=CARTESIAN_POINT('Ctrl Pts',(19.9168542848988,14.8852485872333,-0.87));
#3636=CARTESIAN_POINT('Ctrl Pts',(19.998667647106,13.9473367369013,-0.87));
#3637=CARTESIAN_POINT('Ctrl Pts',(20.,13.4737463823511,-0.87));
#3638=CARTESIAN_POINT('Ctrl Pts',(20.,13.,-0.87));
#3639=CARTESIAN_POINT('',(-13.,20.,-0.87));
#3640=CARTESIAN_POINT('',(13.,20.,-0.87));
#3641=CARTESIAN_POINT('Ctrl Pts',(-20.,13.,-0.87));
#3642=CARTESIAN_POINT('Ctrl Pts',(-20.,13.476168021072,-0.87));
#3643=CARTESIAN_POINT('Ctrl Pts',(-19.998706801584,13.9522253361128,-0.87));
#3644=CARTESIAN_POINT('Ctrl Pts',(-19.9361654106763,14.6611234258354,-0.87));
#3645=CARTESIAN_POINT('Ctrl Pts',(-19.9055152130447,14.8965835839993,-0.87));
#3646=CARTESIAN_POINT('Ctrl Pts',(-19.8184304166473,15.3652965911638,-0.87));
#3647=CARTESIAN_POINT('Ctrl Pts',(-19.7615599452161,15.5996173071186,-0.87));
#3648=CARTESIAN_POINT('Ctrl Pts',(-19.5514706339651,16.2821376045619,-0.87));
#3649=CARTESIAN_POINT('Ctrl Pts',(-19.3587449641395,16.7144510645656,-0.87));
#3650=CARTESIAN_POINT('Ctrl Pts',(-18.9880841825819,17.3277621008253,-0.87));
#3651=CARTESIAN_POINT('Ctrl Pts',(-18.8510122505604,17.5256884561849,-0.87));
#3652=CARTESIAN_POINT('Ctrl Pts',(-18.557381435231,17.899148744919,-0.87));
#3653=CARTESIAN_POINT('Ctrl Pts',(-18.4000072834209,18.0761250679189,-0.87));
#3654=CARTESIAN_POINT('Ctrl Pts',(-17.8966125794557,18.5781657598883,-0.87));
#3655=CARTESIAN_POINT('Ctrl Pts',(-17.5144772293181,18.8769123650819,-0.87));
#3656=CARTESIAN_POINT('Ctrl Pts',(-16.9048165534323,19.2428118528834,-0.87));
#3657=CARTESIAN_POINT('Ctrl Pts',(-16.6947900236625,19.3519650110479,-0.87));
#3658=CARTESIAN_POINT('Ctrl Pts',(-16.2610137339891,19.544436399826,-0.87));
#3659=CARTESIAN_POINT('Ctrl Pts',(-16.0358036723292,19.6281364328302,-0.87));
#3660=CARTESIAN_POINT('Ctrl Pts',(-15.3496104871378,19.8367182945478,-0.87));
#3661=CARTESIAN_POINT('Ctrl Pts',(-14.8852485872333,19.9168542848988,-0.87));
#3662=CARTESIAN_POINT('Ctrl Pts',(-13.9473367369013,19.998667647106,-0.87));
#3663=CARTESIAN_POINT('Ctrl Pts',(-13.4737463823511,20.,-0.87));
#3664=CARTESIAN_POINT('Ctrl Pts',(-13.,20.,-0.87));
#3665=CARTESIAN_POINT('',(19.93,13.,-0.87));
#3666=CARTESIAN_POINT('',(19.93,-13.,-0.87));
#3667=CARTESIAN_POINT('',(19.93,13.,-0.87));
#3668=CARTESIAN_POINT('',(13.,-19.93,-0.87));
#3669=CARTESIAN_POINT('Ctrl Pts',(13.,-19.93,-0.87));
#3670=CARTESIAN_POINT('Ctrl Pts',(13.4694478834967,-19.93,-0.87));
#3671=CARTESIAN_POINT('Ctrl Pts',(14.1737264501672,-19.9280163303704,-0.87));
#3672=CARTESIAN_POINT('Ctrl Pts',(15.0984231926098,-19.8090777464157,-0.87));
#3673=CARTESIAN_POINT('Ctrl Pts',(15.7869365194666,-19.6457844925865,-0.87));
#3674=CARTESIAN_POINT('Ctrl Pts',(16.4535071981255,-19.3981792440205,-0.87));
#3675=CARTESIAN_POINT('Ctrl Pts',(17.2856828023098,-18.9667085900054,-0.87));
#3676=CARTESIAN_POINT('Ctrl Pts',(18.0399592467896,-18.3764719937738,-0.87));
#3677=CARTESIAN_POINT('Ctrl Pts',(18.6614263151367,-17.6767899962386,-0.87));
#3678=CARTESIAN_POINT('Ctrl Pts',(19.2037473226121,-16.8919390611761,-0.87));
#3679=CARTESIAN_POINT('Ctrl Pts',(19.5844776155948,-16.0356037810128,-0.87));
#3680=CARTESIAN_POINT('Ctrl Pts',(19.8078838884432,-15.1089800996434,-0.87));
#3681=CARTESIAN_POINT('Ctrl Pts',(19.9277563448723,-14.1782766386665,-0.87));
#3682=CARTESIAN_POINT('Ctrl Pts',(19.93,-13.4712353617578,-0.87));
#3683=CARTESIAN_POINT('Ctrl Pts',(19.93,-13.,-0.87));
#3684=CARTESIAN_POINT('',(-13.,-19.93,-0.87));
#3685=CARTESIAN_POINT('',(13.,-19.93,-0.87));
#3686=CARTESIAN_POINT('',(-19.93,-13.,-0.87));
#3687=CARTESIAN_POINT('Ctrl Pts',(-19.93,-13.,-0.87));
#3688=CARTESIAN_POINT('Ctrl Pts',(-19.93,-13.4694478834967,-0.87));
#3689=CARTESIAN_POINT('Ctrl Pts',(-19.9280163303704,-14.1737264501672,-0.87));
#3690=CARTESIAN_POINT('Ctrl Pts',(-19.8090777464157,-15.0984231926097,-0.87));
#3691=CARTESIAN_POINT('Ctrl Pts',(-19.6457844925865,-15.7869365194666,-0.87));
#3692=CARTESIAN_POINT('Ctrl Pts',(-19.3981792440206,-16.4535071981255,-0.87));
#3693=CARTESIAN_POINT('Ctrl Pts',(-18.9667085900054,-17.2856828023097,-0.87));
#3694=CARTESIAN_POINT('Ctrl Pts',(-18.3764719937739,-18.0399592467895,-0.87));
#3695=CARTESIAN_POINT('Ctrl Pts',(-17.6767899962387,-18.6614263151367,-0.87));
#3696=CARTESIAN_POINT('Ctrl Pts',(-16.8919390611762,-19.203747322612,-0.87));
#3697=CARTESIAN_POINT('Ctrl Pts',(-16.0356037810129,-19.5844776155948,-0.87));
#3698=CARTESIAN_POINT('Ctrl Pts',(-15.1089800996434,-19.8078838884433,-0.87));
#3699=CARTESIAN_POINT('Ctrl Pts',(-14.1782766386666,-19.9277563448723,-0.87));
#3700=CARTESIAN_POINT('Ctrl Pts',(-13.4712353617578,-19.93,-0.87));
#3701=CARTESIAN_POINT('Ctrl Pts',(-13.,-19.93,-0.87));
#3702=CARTESIAN_POINT('',(-19.93,13.,-0.87));
#3703=CARTESIAN_POINT('',(-19.93,-13.,-0.87));
#3704=CARTESIAN_POINT('',(-13.,19.93,-0.87));
#3705=CARTESIAN_POINT('Ctrl Pts',(-13.,19.93,-0.87));
#3706=CARTESIAN_POINT('Ctrl Pts',(-13.4694478834967,19.93,-0.87));
#3707=CARTESIAN_POINT('Ctrl Pts',(-14.1737264501672,19.9280163303704,-0.87));
#3708=CARTESIAN_POINT('Ctrl Pts',(-15.0984231926098,19.8090777464157,-0.87));
#3709=CARTESIAN_POINT('Ctrl Pts',(-15.7869365194666,19.6457844925866,-0.87));
#3710=CARTESIAN_POINT('Ctrl Pts',(-16.4535071981255,19.3981792440206,-0.87));
#3711=CARTESIAN_POINT('Ctrl Pts',(-17.2856828023097,18.9667085900053,-0.87));
#3712=CARTESIAN_POINT('Ctrl Pts',(-18.0399592467895,18.3764719937738,-0.87));
#3713=CARTESIAN_POINT('Ctrl Pts',(-18.6614263151367,17.6767899962387,-0.87));
#3714=CARTESIAN_POINT('Ctrl Pts',(-19.2037473226119,16.8919390611762,-0.87));
#3715=CARTESIAN_POINT('Ctrl Pts',(-19.5844776155948,16.0356037810129,-0.87));
#3716=CARTESIAN_POINT('Ctrl Pts',(-19.8078838884433,15.1089800996434,-0.87));
#3717=CARTESIAN_POINT('Ctrl Pts',(-19.9277563448723,14.1782766386665,-0.87));
#3718=CARTESIAN_POINT('Ctrl Pts',(-19.93,13.4712353617578,-0.87));
#3719=CARTESIAN_POINT('Ctrl Pts',(-19.93,13.,-0.87));
#3720=CARTESIAN_POINT('',(13.,19.93,-0.87));
#3721=CARTESIAN_POINT('',(-13.,19.93,-0.87));
#3722=CARTESIAN_POINT('Ctrl Pts',(19.93,13.,-0.87));
#3723=CARTESIAN_POINT('Ctrl Pts',(19.93,13.4694478834967,-0.87));
#3724=CARTESIAN_POINT('Ctrl Pts',(19.9280163303704,14.1737264501672,-0.87));
#3725=CARTESIAN_POINT('Ctrl Pts',(19.8090777464157,15.0984231926097,-0.87));
#3726=CARTESIAN_POINT('Ctrl Pts',(19.6457844925866,15.7869365194665,-0.87));
#3727=CARTESIAN_POINT('Ctrl Pts',(19.3981792440205,16.4535071981254,-0.87));
#3728=CARTESIAN_POINT('Ctrl Pts',(18.9667085900053,17.2856828023097,-0.87));
#3729=CARTESIAN_POINT('Ctrl Pts',(18.3764719937738,18.0399592467895,-0.87));
#3730=CARTESIAN_POINT('Ctrl Pts',(17.6767899962386,18.6614263151366,-0.87));
#3731=CARTESIAN_POINT('Ctrl Pts',(16.8919390611761,19.203747322612,-0.87));
#3732=CARTESIAN_POINT('Ctrl Pts',(16.0356037810128,19.5844776155947,-0.87));
#3733=CARTESIAN_POINT('Ctrl Pts',(15.1089800996434,19.8078838884432,-0.87));
#3734=CARTESIAN_POINT('Ctrl Pts',(14.1782766386666,19.9277563448723,-0.87));
#3735=CARTESIAN_POINT('Ctrl Pts',(13.4712353617578,19.93,-0.87));
#3736=CARTESIAN_POINT('Ctrl Pts',(13.,19.93,-0.87));
#3737=CARTESIAN_POINT('Origin',(-19.88,-13.,-23.002));
#3738=CARTESIAN_POINT('',(-19.88,-13.,-9.3));
#3739=CARTESIAN_POINT('',(-19.88,13.,-9.3));
#3740=CARTESIAN_POINT('',(-19.88,-13.,-9.3));
#3741=CARTESIAN_POINT('',(-19.88,-13.,-9.));
#3742=CARTESIAN_POINT('',(-19.88,-13.,-9.3));
#3743=CARTESIAN_POINT('',(-19.88,13.,-9.));
#3744=CARTESIAN_POINT('',(-19.88,13.,-9.));
#3745=CARTESIAN_POINT('',(-19.88,13.,-9.3));
#3746=CARTESIAN_POINT('Ctrl Pts',(-19.88,-13.,-9.3));
#3747=CARTESIAN_POINT('Ctrl Pts',(-19.88,-13.,-8.94));
#3748=CARTESIAN_POINT('Ctrl Pts',(-19.88,-13.4659692075501,-9.3));
#3749=CARTESIAN_POINT('Ctrl Pts',(-19.88,-13.4659692075501,-8.94));
#3750=CARTESIAN_POINT('Ctrl Pts',(-19.8782052183169,-14.1649099194809,-9.3));
#3751=CARTESIAN_POINT('Ctrl Pts',(-19.8782052183169,-14.1649099194809,-8.94));
#3752=CARTESIAN_POINT('Ctrl Pts',(-19.7609137348161,-15.082856386669,-9.3));
#3753=CARTESIAN_POINT('Ctrl Pts',(-19.7609137348161,-15.082856386669,-8.94));
#3754=CARTESIAN_POINT('Ctrl Pts',(-19.6001389017367,-15.764881937463,-9.3));
#3755=CARTESIAN_POINT('Ctrl Pts',(-19.6001389017367,-15.764881937463,-8.94));
#3756=CARTESIAN_POINT('Ctrl Pts',(-19.3540818664814,-16.429769754382,-9.3));
#3757=CARTESIAN_POINT('Ctrl Pts',(-19.3540818664814,-16.429769754382,-8.94));
#3758=CARTESIAN_POINT('Ctrl Pts',(-18.9269304760515,-17.2544745522455,-9.3));
#3759=CARTESIAN_POINT('Ctrl Pts',(-18.9269304760515,-17.2544745522455,-8.94));
#3760=CARTESIAN_POINT('Ctrl Pts',(-18.3407102342297,-18.0048042873539,-9.3));
#3761=CARTESIAN_POINT('Ctrl Pts',(-18.3407102342297,-18.0048042873539,-8.94));
#3762=CARTESIAN_POINT('Ctrl Pts',(-17.6461206669082,-18.621807946274,-9.3));
#3763=CARTESIAN_POINT('Ctrl Pts',(-17.6461206669082,-18.621807946274,-8.94));
#3764=CARTESIAN_POINT('Ctrl Pts',(-16.8669181575016,-19.1602557354129,-9.3));
#3765=CARTESIAN_POINT('Ctrl Pts',(-16.8669181575016,-19.1602557354129,-8.94));
#3766=CARTESIAN_POINT('Ctrl Pts',(-16.0159657756818,-19.5381785881833,-9.3));
#3767=CARTESIAN_POINT('Ctrl Pts',(-16.0159657756818,-19.5381785881833,-8.94));
#3768=CARTESIAN_POINT('Ctrl Pts',(-15.0957361233907,-19.7593963746997,-9.3));
#3769=CARTESIAN_POINT('Ctrl Pts',(-15.0957361233907,-19.7593963746997,-8.94));
#3770=CARTESIAN_POINT('Ctrl Pts',(-14.1704830913727,-19.877931610175,-9.3));
#3771=CARTESIAN_POINT('Ctrl Pts',(-14.1704830913727,-19.877931610175,-8.94));
#3772=CARTESIAN_POINT('Ctrl Pts',(-13.46814872878,-19.88,-9.3));
#3773=CARTESIAN_POINT('Ctrl Pts',(-13.46814872878,-19.88,-8.94));
#3774=CARTESIAN_POINT('Ctrl Pts',(-13.,-19.88,-9.3));
#3775=CARTESIAN_POINT('Ctrl Pts',(-13.,-19.88,-8.94));
#3776=CARTESIAN_POINT('',(-13.,-19.88,-9.3));
#3777=CARTESIAN_POINT('Ctrl Pts',(-13.,-19.88,-9.3));
#3778=CARTESIAN_POINT('Ctrl Pts',(-13.46814872878,-19.88,-9.3));
#3779=CARTESIAN_POINT('Ctrl Pts',(-14.1704830913727,-19.877931610175,-9.3));
#3780=CARTESIAN_POINT('Ctrl Pts',(-15.0957361233907,-19.7593963746997,-9.3));
#3781=CARTESIAN_POINT('Ctrl Pts',(-16.0159657756818,-19.5381785881833,-9.3));
#3782=CARTESIAN_POINT('Ctrl Pts',(-16.8669181575016,-19.1602557354129,-9.3));
#3783=CARTESIAN_POINT('Ctrl Pts',(-17.6461206669082,-18.621807946274,-9.3));
#3784=CARTESIAN_POINT('Ctrl Pts',(-18.3407102342297,-18.0048042873539,-9.3));
#3785=CARTESIAN_POINT('Ctrl Pts',(-18.9269304760515,-17.2544745522455,-9.3));
#3786=CARTESIAN_POINT('Ctrl Pts',(-19.3540818664814,-16.429769754382,-9.3));
#3787=CARTESIAN_POINT('Ctrl Pts',(-19.6001389017367,-15.764881937463,-9.3));
#3788=CARTESIAN_POINT('Ctrl Pts',(-19.7609137348161,-15.082856386669,-9.3));
#3789=CARTESIAN_POINT('Ctrl Pts',(-19.8782052183169,-14.1649099194809,-9.3));
#3790=CARTESIAN_POINT('Ctrl Pts',(-19.88,-13.4659692075501,-9.3));
#3791=CARTESIAN_POINT('Ctrl Pts',(-19.88,-13.,-9.3));
#3792=CARTESIAN_POINT('',(-13.,-19.88,-9.));
#3793=CARTESIAN_POINT('',(-13.,-19.88,-9.3));
#3794=CARTESIAN_POINT('Ctrl Pts',(-19.88,-13.,-9.));
#3795=CARTESIAN_POINT('Ctrl Pts',(-19.88,-13.4659692075501,-9.));
#3796=CARTESIAN_POINT('Ctrl Pts',(-19.8782052183169,-14.1649099194809,-9.));
#3797=CARTESIAN_POINT('Ctrl Pts',(-19.7609137348161,-15.082856386669,-9.));
#3798=CARTESIAN_POINT('Ctrl Pts',(-19.6001389017367,-15.764881937463,-9.));
#3799=CARTESIAN_POINT('Ctrl Pts',(-19.3540818664814,-16.429769754382,-9.));
#3800=CARTESIAN_POINT('Ctrl Pts',(-18.9269304760515,-17.2544745522455,-9.));
#3801=CARTESIAN_POINT('Ctrl Pts',(-18.3407102342297,-18.0048042873539,-9.));
#3802=CARTESIAN_POINT('Ctrl Pts',(-17.6461206669082,-18.621807946274,-9.));
#3803=CARTESIAN_POINT('Ctrl Pts',(-16.8669181575016,-19.1602557354129,-9.));
#3804=CARTESIAN_POINT('Ctrl Pts',(-16.0159657756818,-19.5381785881833,-9.));
#3805=CARTESIAN_POINT('Ctrl Pts',(-15.0957361233907,-19.7593963746997,-9.));
#3806=CARTESIAN_POINT('Ctrl Pts',(-14.1704830913727,-19.877931610175,-9.));
#3807=CARTESIAN_POINT('Ctrl Pts',(-13.46814872878,-19.88,-9.));
#3808=CARTESIAN_POINT('Ctrl Pts',(-13.,-19.88,-9.));
#3809=CARTESIAN_POINT('Origin',(13.,-19.88,-23.002));
#3810=CARTESIAN_POINT('',(13.,-19.88,-9.3));
#3811=CARTESIAN_POINT('',(-13.,-19.88,-9.3));
#3812=CARTESIAN_POINT('',(13.,-19.88,-9.));
#3813=CARTESIAN_POINT('',(13.,-19.88,-9.3));
#3814=CARTESIAN_POINT('',(-13.,-19.88,-9.));
#3815=CARTESIAN_POINT('Ctrl Pts',(13.,-19.88,-9.3));
#3816=CARTESIAN_POINT('Ctrl Pts',(13.,-19.88,-8.94));
#3817=CARTESIAN_POINT('Ctrl Pts',(13.4659692075501,-19.88,-9.3));
#3818=CARTESIAN_POINT('Ctrl Pts',(13.4659692075501,-19.88,-8.94));
#3819=CARTESIAN_POINT('Ctrl Pts',(14.1649099194809,-19.8782052183169,-9.3));
#3820=CARTESIAN_POINT('Ctrl Pts',(14.1649099194809,-19.8782052183169,-8.94));
#3821=CARTESIAN_POINT('Ctrl Pts',(15.082856386669,-19.7609137348161,-9.3));
#3822=CARTESIAN_POINT('Ctrl Pts',(15.082856386669,-19.7609137348161,-8.94));
#3823=CARTESIAN_POINT('Ctrl Pts',(15.764881937463,-19.6001389017367,-9.3));
#3824=CARTESIAN_POINT('Ctrl Pts',(15.764881937463,-19.6001389017367,-8.94));
#3825=CARTESIAN_POINT('Ctrl Pts',(16.429769754382,-19.3540818664814,-9.3));
#3826=CARTESIAN_POINT('Ctrl Pts',(16.429769754382,-19.3540818664814,-8.94));
#3827=CARTESIAN_POINT('Ctrl Pts',(17.2544745522455,-18.9269304760515,-9.3));
#3828=CARTESIAN_POINT('Ctrl Pts',(17.2544745522455,-18.9269304760515,-8.94));
#3829=CARTESIAN_POINT('Ctrl Pts',(18.0048042873539,-18.3407102342297,-9.3));
#3830=CARTESIAN_POINT('Ctrl Pts',(18.0048042873539,-18.3407102342297,-8.94));
#3831=CARTESIAN_POINT('Ctrl Pts',(18.621807946274,-17.6461206669082,-9.3));
#3832=CARTESIAN_POINT('Ctrl Pts',(18.621807946274,-17.6461206669082,-8.94));
#3833=CARTESIAN_POINT('Ctrl Pts',(19.1602557354129,-16.8669181575016,-9.3));
#3834=CARTESIAN_POINT('Ctrl Pts',(19.1602557354129,-16.8669181575016,-8.94));
#3835=CARTESIAN_POINT('Ctrl Pts',(19.5381785881833,-16.0159657756818,-9.3));
#3836=CARTESIAN_POINT('Ctrl Pts',(19.5381785881833,-16.0159657756818,-8.94));
#3837=CARTESIAN_POINT('Ctrl Pts',(19.7593963746997,-15.0957361233907,-9.3));
#3838=CARTESIAN_POINT('Ctrl Pts',(19.7593963746997,-15.0957361233907,-8.94));
#3839=CARTESIAN_POINT('Ctrl Pts',(19.877931610175,-14.1704830913727,-9.3));
#3840=CARTESIAN_POINT('Ctrl Pts',(19.877931610175,-14.1704830913727,-8.94));
#3841=CARTESIAN_POINT('Ctrl Pts',(19.88,-13.46814872878,-9.3));
#3842=CARTESIAN_POINT('Ctrl Pts',(19.88,-13.46814872878,-8.94));
#3843=CARTESIAN_POINT('Ctrl Pts',(19.88,-13.,-9.3));
#3844=CARTESIAN_POINT('Ctrl Pts',(19.88,-13.,-8.94));
#3845=CARTESIAN_POINT('',(19.88,-13.,-9.3));
#3846=CARTESIAN_POINT('Ctrl Pts',(19.88,-13.,-9.3));
#3847=CARTESIAN_POINT('Ctrl Pts',(19.88,-13.46814872878,-9.3));
#3848=CARTESIAN_POINT('Ctrl Pts',(19.877931610175,-14.1704830913727,-9.3));
#3849=CARTESIAN_POINT('Ctrl Pts',(19.7593963746997,-15.0957361233907,-9.3));
#3850=CARTESIAN_POINT('Ctrl Pts',(19.5381785881833,-16.0159657756818,-9.3));
#3851=CARTESIAN_POINT('Ctrl Pts',(19.1602557354129,-16.8669181575016,-9.3));
#3852=CARTESIAN_POINT('Ctrl Pts',(18.621807946274,-17.6461206669082,-9.3));
#3853=CARTESIAN_POINT('Ctrl Pts',(18.0048042873539,-18.3407102342297,-9.3));
#3854=CARTESIAN_POINT('Ctrl Pts',(17.2544745522455,-18.9269304760515,-9.3));
#3855=CARTESIAN_POINT('Ctrl Pts',(16.429769754382,-19.3540818664814,-9.3));
#3856=CARTESIAN_POINT('Ctrl Pts',(15.764881937463,-19.6001389017367,-9.3));
#3857=CARTESIAN_POINT('Ctrl Pts',(15.082856386669,-19.7609137348161,-9.3));
#3858=CARTESIAN_POINT('Ctrl Pts',(14.1649099194809,-19.8782052183169,-9.3));
#3859=CARTESIAN_POINT('Ctrl Pts',(13.4659692075501,-19.88,-9.3));
#3860=CARTESIAN_POINT('Ctrl Pts',(13.,-19.88,-9.3));
#3861=CARTESIAN_POINT('',(19.88,-13.,-9.));
#3862=CARTESIAN_POINT('',(19.88,-13.,-9.3));
#3863=CARTESIAN_POINT('Ctrl Pts',(13.,-19.88,-9.));
#3864=CARTESIAN_POINT('Ctrl Pts',(13.4659692075501,-19.88,-9.));
#3865=CARTESIAN_POINT('Ctrl Pts',(14.1649099194809,-19.8782052183169,-9.));
#3866=CARTESIAN_POINT('Ctrl Pts',(15.082856386669,-19.7609137348161,-9.));
#3867=CARTESIAN_POINT('Ctrl Pts',(15.764881937463,-19.6001389017367,-9.));
#3868=CARTESIAN_POINT('Ctrl Pts',(16.429769754382,-19.3540818664814,-9.));
#3869=CARTESIAN_POINT('Ctrl Pts',(17.2544745522455,-18.9269304760515,-9.));
#3870=CARTESIAN_POINT('Ctrl Pts',(18.0048042873539,-18.3407102342297,-9.));
#3871=CARTESIAN_POINT('Ctrl Pts',(18.621807946274,-17.6461206669082,-9.));
#3872=CARTESIAN_POINT('Ctrl Pts',(19.1602557354129,-16.8669181575016,-9.));
#3873=CARTESIAN_POINT('Ctrl Pts',(19.5381785881833,-16.0159657756818,-9.));
#3874=CARTESIAN_POINT('Ctrl Pts',(19.7593963746997,-15.0957361233907,-9.));
#3875=CARTESIAN_POINT('Ctrl Pts',(19.877931610175,-14.1704830913727,-9.));
#3876=CARTESIAN_POINT('Ctrl Pts',(19.88,-13.46814872878,-9.));
#3877=CARTESIAN_POINT('Ctrl Pts',(19.88,-13.,-9.));
#3878=CARTESIAN_POINT('Origin',(19.88,13.,-23.002));
#3879=CARTESIAN_POINT('',(19.88,13.,-9.3));
#3880=CARTESIAN_POINT('',(19.88,-13.,-9.3));
#3881=CARTESIAN_POINT('',(19.88,13.,-9.));
#3882=CARTESIAN_POINT('',(19.88,13.,-9.3));
#3883=CARTESIAN_POINT('',(19.88,-13.,-9.));
#3884=CARTESIAN_POINT('Ctrl Pts',(19.88,13.,-9.3));
#3885=CARTESIAN_POINT('Ctrl Pts',(19.88,13.,-8.94));
#3886=CARTESIAN_POINT('Ctrl Pts',(19.88,13.4659692075501,-9.3));
#3887=CARTESIAN_POINT('Ctrl Pts',(19.88,13.4659692075501,-8.94));
#3888=CARTESIAN_POINT('Ctrl Pts',(19.8782052183169,14.1649099194809,-9.3));
#3889=CARTESIAN_POINT('Ctrl Pts',(19.8782052183169,14.1649099194809,-8.94));
#3890=CARTESIAN_POINT('Ctrl Pts',(19.7609137348161,15.082856386669,-9.3));
#3891=CARTESIAN_POINT('Ctrl Pts',(19.7609137348161,15.082856386669,-8.94));
#3892=CARTESIAN_POINT('Ctrl Pts',(19.6001389017367,15.764881937463,-9.3));
#3893=CARTESIAN_POINT('Ctrl Pts',(19.6001389017367,15.764881937463,-8.94));
#3894=CARTESIAN_POINT('Ctrl Pts',(19.3540818664814,16.429769754382,-9.3));
#3895=CARTESIAN_POINT('Ctrl Pts',(19.3540818664814,16.429769754382,-8.94));
#3896=CARTESIAN_POINT('Ctrl Pts',(18.9269304760515,17.2544745522455,-9.3));
#3897=CARTESIAN_POINT('Ctrl Pts',(18.9269304760515,17.2544745522455,-8.94));
#3898=CARTESIAN_POINT('Ctrl Pts',(18.3407102342298,18.0048042873539,-9.3));
#3899=CARTESIAN_POINT('Ctrl Pts',(18.3407102342298,18.0048042873539,-8.94));
#3900=CARTESIAN_POINT('Ctrl Pts',(17.6461206669082,18.621807946274,-9.3));
#3901=CARTESIAN_POINT('Ctrl Pts',(17.6461206669082,18.621807946274,-8.94));
#3902=CARTESIAN_POINT('Ctrl Pts',(16.8669181575016,19.1602557354129,-9.3));
#3903=CARTESIAN_POINT('Ctrl Pts',(16.8669181575016,19.1602557354129,-8.94));
#3904=CARTESIAN_POINT('Ctrl Pts',(16.0159657756817,19.5381785881833,-9.3));
#3905=CARTESIAN_POINT('Ctrl Pts',(16.0159657756817,19.5381785881833,-8.94));
#3906=CARTESIAN_POINT('Ctrl Pts',(15.0957361233907,19.7593963746997,-9.3));
#3907=CARTESIAN_POINT('Ctrl Pts',(15.0957361233907,19.7593963746997,-8.94));
#3908=CARTESIAN_POINT('Ctrl Pts',(14.1704830913728,19.877931610175,-9.3));
#3909=CARTESIAN_POINT('Ctrl Pts',(14.1704830913728,19.877931610175,-8.94));
#3910=CARTESIAN_POINT('Ctrl Pts',(13.46814872878,19.88,-9.3));
#3911=CARTESIAN_POINT('Ctrl Pts',(13.46814872878,19.88,-8.94));
#3912=CARTESIAN_POINT('Ctrl Pts',(13.,19.88,-9.3));
#3913=CARTESIAN_POINT('Ctrl Pts',(13.,19.88,-8.94));
#3914=CARTESIAN_POINT('',(13.,19.88,-9.3));
#3915=CARTESIAN_POINT('Ctrl Pts',(13.,19.88,-9.3));
#3916=CARTESIAN_POINT('Ctrl Pts',(13.46814872878,19.88,-9.3));
#3917=CARTESIAN_POINT('Ctrl Pts',(14.1704830913728,19.877931610175,-9.3));
#3918=CARTESIAN_POINT('Ctrl Pts',(15.0957361233907,19.7593963746997,-9.3));
#3919=CARTESIAN_POINT('Ctrl Pts',(16.0159657756817,19.5381785881833,-9.3));
#3920=CARTESIAN_POINT('Ctrl Pts',(16.8669181575016,19.1602557354129,-9.3));
#3921=CARTESIAN_POINT('Ctrl Pts',(17.6461206669082,18.621807946274,-9.3));
#3922=CARTESIAN_POINT('Ctrl Pts',(18.3407102342298,18.0048042873539,-9.3));
#3923=CARTESIAN_POINT('Ctrl Pts',(18.9269304760515,17.2544745522455,-9.3));
#3924=CARTESIAN_POINT('Ctrl Pts',(19.3540818664814,16.429769754382,-9.3));
#3925=CARTESIAN_POINT('Ctrl Pts',(19.6001389017367,15.764881937463,-9.3));
#3926=CARTESIAN_POINT('Ctrl Pts',(19.7609137348161,15.082856386669,-9.3));
#3927=CARTESIAN_POINT('Ctrl Pts',(19.8782052183169,14.1649099194809,-9.3));
#3928=CARTESIAN_POINT('Ctrl Pts',(19.88,13.4659692075501,-9.3));
#3929=CARTESIAN_POINT('Ctrl Pts',(19.88,13.,-9.3));
#3930=CARTESIAN_POINT('',(13.,19.88,-9.));
#3931=CARTESIAN_POINT('',(13.,19.88,-9.3));
#3932=CARTESIAN_POINT('Ctrl Pts',(19.88,13.,-9.));
#3933=CARTESIAN_POINT('Ctrl Pts',(19.88,13.4659692075501,-9.));
#3934=CARTESIAN_POINT('Ctrl Pts',(19.8782052183169,14.1649099194809,-9.));
#3935=CARTESIAN_POINT('Ctrl Pts',(19.7609137348161,15.082856386669,-9.));
#3936=CARTESIAN_POINT('Ctrl Pts',(19.6001389017367,15.764881937463,-9.));
#3937=CARTESIAN_POINT('Ctrl Pts',(19.3540818664814,16.429769754382,-9.));
#3938=CARTESIAN_POINT('Ctrl Pts',(18.9269304760515,17.2544745522455,-9.));
#3939=CARTESIAN_POINT('Ctrl Pts',(18.3407102342298,18.0048042873539,-9.));
#3940=CARTESIAN_POINT('Ctrl Pts',(17.6461206669082,18.621807946274,-9.));
#3941=CARTESIAN_POINT('Ctrl Pts',(16.8669181575016,19.1602557354129,-9.));
#3942=CARTESIAN_POINT('Ctrl Pts',(16.0159657756817,19.5381785881833,-9.));
#3943=CARTESIAN_POINT('Ctrl Pts',(15.0957361233907,19.7593963746997,-9.));
#3944=CARTESIAN_POINT('Ctrl Pts',(14.1704830913728,19.877931610175,-9.));
#3945=CARTESIAN_POINT('Ctrl Pts',(13.46814872878,19.88,-9.));
#3946=CARTESIAN_POINT('Ctrl Pts',(13.,19.88,-9.));
#3947=CARTESIAN_POINT('Ctrl Pts',(-13.,19.88,-9.3));
#3948=CARTESIAN_POINT('Ctrl Pts',(-13.,19.88,-8.94));
#3949=CARTESIAN_POINT('Ctrl Pts',(-13.4659692075501,19.88,-9.3));
#3950=CARTESIAN_POINT('Ctrl Pts',(-13.4659692075501,19.88,-8.94));
#3951=CARTESIAN_POINT('Ctrl Pts',(-14.1649099194809,19.8782052183169,-9.3));
#3952=CARTESIAN_POINT('Ctrl Pts',(-14.1649099194809,19.8782052183169,-8.94));
#3953=CARTESIAN_POINT('Ctrl Pts',(-15.082856386669,19.7609137348161,-9.3));
#3954=CARTESIAN_POINT('Ctrl Pts',(-15.082856386669,19.7609137348161,-8.94));
#3955=CARTESIAN_POINT('Ctrl Pts',(-15.764881937463,19.6001389017367,-9.3));
#3956=CARTESIAN_POINT('Ctrl Pts',(-15.764881937463,19.6001389017367,-8.94));
#3957=CARTESIAN_POINT('Ctrl Pts',(-16.429769754382,19.3540818664814,-9.3));
#3958=CARTESIAN_POINT('Ctrl Pts',(-16.429769754382,19.3540818664814,-8.94));
#3959=CARTESIAN_POINT('Ctrl Pts',(-17.2544745522455,18.9269304760515,-9.3));
#3960=CARTESIAN_POINT('Ctrl Pts',(-17.2544745522455,18.9269304760515,-8.94));
#3961=CARTESIAN_POINT('Ctrl Pts',(-18.0048042873539,18.3407102342297,-9.3));
#3962=CARTESIAN_POINT('Ctrl Pts',(-18.0048042873539,18.3407102342297,-8.94));
#3963=CARTESIAN_POINT('Ctrl Pts',(-18.621807946274,17.6461206669083,-9.3));
#3964=CARTESIAN_POINT('Ctrl Pts',(-18.621807946274,17.6461206669083,-8.94));
#3965=CARTESIAN_POINT('Ctrl Pts',(-19.1602557354129,16.8669181575016,-9.3));
#3966=CARTESIAN_POINT('Ctrl Pts',(-19.1602557354129,16.8669181575016,-8.94));
#3967=CARTESIAN_POINT('Ctrl Pts',(-19.5381785881833,16.0159657756817,-9.30000000000001));
#3968=CARTESIAN_POINT('Ctrl Pts',(-19.5381785881833,16.0159657756817,-8.94));
#3969=CARTESIAN_POINT('Ctrl Pts',(-19.7593963746997,15.0957361233907,-9.3));
#3970=CARTESIAN_POINT('Ctrl Pts',(-19.7593963746997,15.0957361233907,-8.94));
#3971=CARTESIAN_POINT('Ctrl Pts',(-19.877931610175,14.1704830913728,-9.3));
#3972=CARTESIAN_POINT('Ctrl Pts',(-19.877931610175,14.1704830913728,-8.94));
#3973=CARTESIAN_POINT('Ctrl Pts',(-19.88,13.46814872878,-9.3));
#3974=CARTESIAN_POINT('Ctrl Pts',(-19.88,13.46814872878,-8.94));
#3975=CARTESIAN_POINT('Ctrl Pts',(-19.88,13.,-9.3));
#3976=CARTESIAN_POINT('Ctrl Pts',(-19.88,13.,-8.94));
#3977=CARTESIAN_POINT('',(-13.,19.88,-9.3));
#3978=CARTESIAN_POINT('Ctrl Pts',(-19.88,13.,-9.3));
#3979=CARTESIAN_POINT('Ctrl Pts',(-19.88,13.46814872878,-9.3));
#3980=CARTESIAN_POINT('Ctrl Pts',(-19.877931610175,14.1704830913728,-9.3));
#3981=CARTESIAN_POINT('Ctrl Pts',(-19.7593963746997,15.0957361233907,-9.3));
#3982=CARTESIAN_POINT('Ctrl Pts',(-19.5381785881833,16.0159657756817,-9.30000000000001));
#3983=CARTESIAN_POINT('Ctrl Pts',(-19.1602557354129,16.8669181575016,-9.3));
#3984=CARTESIAN_POINT('Ctrl Pts',(-18.621807946274,17.6461206669083,-9.3));
#3985=CARTESIAN_POINT('Ctrl Pts',(-18.0048042873539,18.3407102342297,-9.3));
#3986=CARTESIAN_POINT('Ctrl Pts',(-17.2544745522455,18.9269304760515,-9.3));
#3987=CARTESIAN_POINT('Ctrl Pts',(-16.429769754382,19.3540818664814,-9.3));
#3988=CARTESIAN_POINT('Ctrl Pts',(-15.764881937463,19.6001389017367,-9.3));
#3989=CARTESIAN_POINT('Ctrl Pts',(-15.082856386669,19.7609137348161,-9.3));
#3990=CARTESIAN_POINT('Ctrl Pts',(-14.1649099194809,19.8782052183169,-9.3));
#3991=CARTESIAN_POINT('Ctrl Pts',(-13.4659692075501,19.88,-9.3));
#3992=CARTESIAN_POINT('Ctrl Pts',(-13.,19.88,-9.3));
#3993=CARTESIAN_POINT('',(-13.,19.88,-9.));
#3994=CARTESIAN_POINT('Ctrl Pts',(-13.,19.88,-9.));
#3995=CARTESIAN_POINT('Ctrl Pts',(-13.4659692075501,19.88,-9.));
#3996=CARTESIAN_POINT('Ctrl Pts',(-14.1649099194809,19.8782052183169,-9.));
#3997=CARTESIAN_POINT('Ctrl Pts',(-15.082856386669,19.7609137348161,-9.));
#3998=CARTESIAN_POINT('Ctrl Pts',(-15.764881937463,19.6001389017367,-9.));
#3999=CARTESIAN_POINT('Ctrl Pts',(-16.429769754382,19.3540818664814,-9.));
#4000=CARTESIAN_POINT('Ctrl Pts',(-17.2544745522455,18.9269304760515,-9.));
#4001=CARTESIAN_POINT('Ctrl Pts',(-18.0048042873539,18.3407102342297,-9.));
#4002=CARTESIAN_POINT('Ctrl Pts',(-18.621807946274,17.6461206669083,-9.));
#4003=CARTESIAN_POINT('Ctrl Pts',(-19.1602557354129,16.8669181575016,-9.));
#4004=CARTESIAN_POINT('Ctrl Pts',(-19.5381785881833,16.0159657756817,-9.));
#4005=CARTESIAN_POINT('Ctrl Pts',(-19.7593963746997,15.0957361233907,-9.));
#4006=CARTESIAN_POINT('Ctrl Pts',(-19.877931610175,14.1704830913728,-9.));
#4007=CARTESIAN_POINT('Ctrl Pts',(-19.88,13.46814872878,-9.));
#4008=CARTESIAN_POINT('Ctrl Pts',(-19.88,13.,-9.));
#4009=CARTESIAN_POINT('',(-13.,19.88,-9.3));
#4010=CARTESIAN_POINT('Origin',(-13.,19.88,-23.002));
#4011=CARTESIAN_POINT('',(-13.,19.88,-9.3));
#4012=CARTESIAN_POINT('',(13.,19.88,-9.));
#4013=CARTESIAN_POINT('Ctrl Pts',(-13.,21.,-0.100000000000003));
#4014=CARTESIAN_POINT('Ctrl Pts',(-13.,21.,-4.32325616278595E-15));
#4015=CARTESIAN_POINT('Ctrl Pts',(-13.,20.9,-4.32325616278595E-15));
#4016=CARTESIAN_POINT('Ctrl Pts',(-13.532407301077,21.,-0.100000000000003));
#4017=CARTESIAN_POINT('Ctrl Pts',(-13.5324073008367,21.0000000166752,3.70081769559351E-12));
#4018=CARTESIAN_POINT('Ctrl Pts',(-13.5324025199868,20.9000000166751,-4.32325616278595E-15));
#4019=CARTESIAN_POINT('Ctrl Pts',(-14.0680712639953,20.9968808579116,-0.100000000000003));
#4020=CARTESIAN_POINT('Ctrl Pts',(-14.0680712643643,20.9968808616931,-4.36507858534935E-14));
#4021=CARTESIAN_POINT('Ctrl Pts',(-14.0640668175178,20.8967973219915,-4.29615110847381E-15));
#4022=CARTESIAN_POINT('Ctrl Pts',(-15.1304320827602,20.8933407810559,-0.100000000000003));
#4023=CARTESIAN_POINT('Ctrl Pts',(-15.1304320823912,20.8933407772744,3.5058483636546E-14));
#4024=CARTESIAN_POINT('Ctrl Pts',(-15.1150360029799,20.7943674919714,-4.29615110847381E-15));
#4025=CARTESIAN_POINT('Ctrl Pts',(-15.6571353623314,20.794563481105,-0.100000000000003));
#4026=CARTESIAN_POINT('Ctrl Pts',(-15.6571353628906,20.79456348287,-4.29615110847381E-15));
#4027=CARTESIAN_POINT('Ctrl Pts',(-15.63441075087,20.6968646296485,-4.29615110847381E-15));
#4028=CARTESIAN_POINT('Ctrl Pts',(-16.434671175946,20.5482549315291,-0.100000000000003));
#4029=CARTESIAN_POINT('Ctrl Pts',(-16.4346711756664,20.5482549306466,-4.29615110847381E-15));
#4030=CARTESIAN_POINT('Ctrl Pts',(-16.4007348708301,20.4541077284322,-4.29615110847381E-15));
#4031=CARTESIAN_POINT('Ctrl Pts',(-16.6915656901697,20.4497580690793,-0.100000000000003));
#4032=CARTESIAN_POINT('Ctrl Pts',(-16.6915656900766,20.4497580688747,-4.29615110847381E-15));
#4033=CARTESIAN_POINT('Ctrl Pts',(-16.6538408945815,20.3570604110317,-4.29615110847381E-15));
#4034=CARTESIAN_POINT('Ctrl Pts',(-17.1852220397811,20.225447318156,-0.100000000000003));
#4035=CARTESIAN_POINT('Ctrl Pts',(-17.1852220398741,20.2254473183607,-4.29615110847381E-15));
#4036=CARTESIAN_POINT('Ctrl Pts',(-17.1402102434914,20.1360607748998,-4.29615110847381E-15));
#4037=CARTESIAN_POINT('Ctrl Pts',(-17.4240316973329,20.0990969135604,-0.100000000000003));
#4038=CARTESIAN_POINT('Ctrl Pts',(-17.4240316973349,20.0990969135637,-4.30970363562988E-15));
#4039=CARTESIAN_POINT('Ctrl Pts',(-17.3754898246456,20.0115786346602,-4.30970363562988E-15));
#4040=CARTESIAN_POINT('Ctrl Pts',(-17.8858031179922,19.8184631037582,-0.100000000000003));
#4041=CARTESIAN_POINT('Ctrl Pts',(-17.8858031179902,19.8184631037548,-4.30970363562988E-15));
#4042=CARTESIAN_POINT('Ctrl Pts',(-17.8304756554367,19.7350686528919,-4.30970363562988E-15));
#4043=CARTESIAN_POINT('Ctrl Pts',(-18.1087751378406,19.6641952049084,-0.100000000000003));
#4044=CARTESIAN_POINT('Ctrl Pts',(-18.1087751380688,19.6641952051993,-6.62473241708427E-16));
#4045=CARTESIAN_POINT('Ctrl Pts',(-18.0501904215018,19.5830558750041,-4.30970363562988E-15));
#4046=CARTESIAN_POINT('Ctrl Pts',(-18.5385586791573,19.3271576921295,-0.100000000000003));
#4047=CARTESIAN_POINT('Ctrl Pts',(-18.5385586789291,19.3271576918385,-7.95693402955133E-15));
#4048=CARTESIAN_POINT('Ctrl Pts',(-18.4737262045095,19.2509178716708,-4.30970363562988E-15));
#4049=CARTESIAN_POINT('Ctrl Pts',(-18.7433262198263,19.1457866319833,-0.100000000000003));
#4050=CARTESIAN_POINT('Ctrl Pts',(-18.7433262196871,19.1457866318435,-6.11740140233608E-15));
#4051=CARTESIAN_POINT('Ctrl Pts',(-18.6755318046864,19.0721711070162,-4.30970363562988E-15));
#4052=CARTESIAN_POINT('Ctrl Pts',(-19.3186873487471,18.5727341570919,-0.100000000000003));
#4053=CARTESIAN_POINT('Ctrl Pts',(-19.3186873490254,18.5727341573714,-6.94308102217471E-16));
#4054=CARTESIAN_POINT('Ctrl Pts',(-19.2425710211415,18.5074071534861,-4.30970363562988E-15));
#4055=CARTESIAN_POINT('Ctrl Pts',(-19.6552595795498,18.1492152309456,-0.100000000000003));
#4056=CARTESIAN_POINT('Ctrl Pts',(-19.6552595788222,18.1492152304987,-6.51685005003468E-16));
#4057=CARTESIAN_POINT('Ctrl Pts',(-19.5742615579589,18.090019931629,-4.30970363562988E-15));
#4058=CARTESIAN_POINT('Ctrl Pts',(-20.2287540600251,17.2155259591233,-0.100000000000003));
#4059=CARTESIAN_POINT('Ctrl Pts',(-20.2287540607526,17.2155259595702,-7.96772226625629E-15));
#4060=CARTESIAN_POINT('Ctrl Pts',(-20.1393322037392,17.1700452572529,-4.30970363562988E-15));
#4061=CARTESIAN_POINT('Ctrl Pts',(-20.4537370126258,16.723751107614,-0.100000000000003));
#4062=CARTESIAN_POINT('Ctrl Pts',(-20.4537370122758,16.7237511075012,-1.15249413152749E-14));
#4063=CARTESIAN_POINT('Ctrl Pts',(-20.360957607699,16.6856312203082,-4.29615110847381E-15));
#4064=CARTESIAN_POINT('Ctrl Pts',(-20.702781398456,15.951080072613,-0.100000000000003));
#4065=CARTESIAN_POINT('Ctrl Pts',(-20.702781398631,15.9510800726694,-6.81756005073243E-16));
#4066=CARTESIAN_POINT('Ctrl Pts',(-20.6064037811313,15.9241237973803,-4.29615110847381E-15));
#4067=CARTESIAN_POINT('Ctrl Pts',(-20.7711516668794,15.6865896033139,-0.100000000000003));
#4068=CARTESIAN_POINT('Ctrl Pts',(-20.7711516655683,15.6865896030508,3.94570489404503E-14));
#4069=CARTESIAN_POINT('Ctrl Pts',(-20.6738153967757,15.663377490507,-4.32325616278595E-15));
#4070=CARTESIAN_POINT('Ctrl Pts',(-20.8784077996311,15.1515790809437,-0.100000000000003));
#4071=CARTESIAN_POINT('Ctrl Pts',(-20.8784078009423,15.1515790812068,-4.8103561266022E-14));
#4072=CARTESIAN_POINT('Ctrl Pts',(-20.779645860679,15.135478442574,-4.32325616278595E-15));
#4073=CARTESIAN_POINT('Ctrl Pts',(-20.9169937515972,14.8831242385851,-0.100000000000003));
#4074=CARTESIAN_POINT('Ctrl Pts',(-20.9169937496152,14.8831242383887,-4.96760156403004E-16));
#4075=CARTESIAN_POINT('Ctrl Pts',(-20.8177685360977,14.8703628552727,-4.29615110847381E-15));
#4076=CARTESIAN_POINT('Ctrl Pts',(-20.9969433648961,14.0762946758282,-0.100000000000003));
#4077=CARTESIAN_POINT('Ctrl Pts',(-20.9969433688601,14.076294676221,-1.13663844535287E-14));
#4078=CARTESIAN_POINT('Ctrl Pts',(-20.8968558937029,14.0722349991005,-4.29615110847381E-15));
#4079=CARTESIAN_POINT('Ctrl Pts',(-21.,13.5363393177902,-0.100000000000003));
#4080=CARTESIAN_POINT('Ctrl Pts',(-21.0000000168049,13.5363393175311,-1.64500148177536E-12));
#4081=CARTESIAN_POINT('Ctrl Pts',(-20.9000000168019,13.5363333043872,-5.7327189870171E-15));
#4082=CARTESIAN_POINT('Ctrl Pts',(-21.,13.,-0.100000000000003));
#4083=CARTESIAN_POINT('Ctrl Pts',(-21.,13.,-2.26327203506349E-15));
#4084=CARTESIAN_POINT('Ctrl Pts',(-20.9,13.,-5.7327189870171E-15));
#4085=CARTESIAN_POINT('',(-20.9,13.,-1.43317974675428E-15));
#4086=CARTESIAN_POINT('',(-21.,13.,-0.100000000000003));
#4087=CARTESIAN_POINT('Origin',(-20.9,13.,-0.1));
#4088=CARTESIAN_POINT('',(-13.,20.9,-1.07742590890747E-15));
#4089=CARTESIAN_POINT('Ctrl Pts',(-13.,20.9,-4.31946145518225E-15));
#4090=CARTESIAN_POINT('Ctrl Pts',(-13.5324025199868,20.9000000166751,-4.31946145518225E-15));
#4091=CARTESIAN_POINT('Ctrl Pts',(-14.0640668175178,20.8967973219915,-4.29235640087011E-15));
#4092=CARTESIAN_POINT('Ctrl Pts',(-14.5895514102489,20.8455824069814,-4.29235640087011E-15));
#4093=CARTESIAN_POINT('Ctrl Pts',(-15.1150360029799,20.7943674919714,-4.30211422042248E-15));
#4094=CARTESIAN_POINT('Ctrl Pts',(-15.63441075087,20.6968646296485,-4.30211422042248E-15));
#4095=CARTESIAN_POINT('Ctrl Pts',(-16.1452934975101,20.5350266955043,-4.30211422042248E-15));
#4096=CARTESIAN_POINT('Ctrl Pts',(-16.4007348708301,20.4541077284322,-4.30211422042248E-15));
#4097=CARTESIAN_POINT('Ctrl Pts',(-16.6538408945815,20.3570604110317,-4.30211422042248E-15));
#4098=CARTESIAN_POINT('Ctrl Pts',(-16.8970255690365,20.2465605929658,-4.30211422042248E-15));
#4099=CARTESIAN_POINT('Ctrl Pts',(-17.1402102434914,20.1360607748998,-4.30211422042248E-15));
#4100=CARTESIAN_POINT('Ctrl Pts',(-17.3754898246456,20.0115786346602,-4.31566674757855E-15));
#4101=CARTESIAN_POINT('Ctrl Pts',(-17.6029827400411,19.873323643776,-4.31566674757855E-15));
#4102=CARTESIAN_POINT('Ctrl Pts',(-17.8304756554367,19.7350686528919,-4.31946145518225E-15));
#4103=CARTESIAN_POINT('Ctrl Pts',(-18.0501904215018,19.5830558750041,-4.31946145518225E-15));
#4104=CARTESIAN_POINT('Ctrl Pts',(-18.2619583130056,19.4169868733374,-4.31946145518225E-15));
#4105=CARTESIAN_POINT('Ctrl Pts',(-18.4737262045095,19.2509178716708,-4.31946145518225E-15));
#4106=CARTESIAN_POINT('Ctrl Pts',(-18.6755318046864,19.0721711070162,-4.31946145518225E-15));
#4107=CARTESIAN_POINT('Ctrl Pts',(-18.8645448768381,18.8839164558395,-4.31946145518225E-15));
#4108=CARTESIAN_POINT('Ctrl Pts',(-19.2425710211415,18.5074071534861,-4.31946145518225E-15));
#4109=CARTESIAN_POINT('Ctrl Pts',(-19.5742615579589,18.090019931629,-4.31946145518225E-15));
#4110=CARTESIAN_POINT('Ctrl Pts',(-19.8567968808491,17.6300325944409,-4.31946145518225E-15));
#4111=CARTESIAN_POINT('Ctrl Pts',(-20.1393322037392,17.1700452572529,-4.31946145518225E-15));
#4112=CARTESIAN_POINT('Ctrl Pts',(-20.360957607699,16.6856312203082,-4.30590892802618E-15));
#4113=CARTESIAN_POINT('Ctrl Pts',(-20.5245883899872,16.1779596050229,-4.30590892802618E-15));
#4114=CARTESIAN_POINT('Ctrl Pts',(-20.6064037811313,15.9241237973803,-4.30211422042248E-15));
#4115=CARTESIAN_POINT('Ctrl Pts',(-20.6738153967757,15.663377490507,-4.32921927473462E-15));
#4116=CARTESIAN_POINT('Ctrl Pts',(-20.7267306287273,15.3994279665405,-4.32921927473462E-15));
#4117=CARTESIAN_POINT('Ctrl Pts',(-20.779645860679,15.135478442574,-4.31946145518225E-15));
#4118=CARTESIAN_POINT('Ctrl Pts',(-20.8177685360977,14.8703628552727,-4.29235640087011E-15));
#4119=CARTESIAN_POINT('Ctrl Pts',(-20.8441309886328,14.6043202365486,-4.29235640087011E-15));
#4120=CARTESIAN_POINT('Ctrl Pts',(-20.8968558937029,14.0722349991005,-4.30211422042248E-15));
#4121=CARTESIAN_POINT('Ctrl Pts',(-20.9000000168019,13.5363333043872,-5.73868209896577E-15));
#4122=CARTESIAN_POINT('Ctrl Pts',(-20.9,13.,-5.73868209896577E-15));
#4123=CARTESIAN_POINT('',(-13.,21.,-0.100000000000003));
#4124=CARTESIAN_POINT('Origin',(-13.,20.9,-0.1));
#4125=CARTESIAN_POINT('Ctrl Pts',(-21.,13.,-0.100000000000003));
#4126=CARTESIAN_POINT('Ctrl Pts',(-21.,15.4895373825391,-0.100000000000003));
#4127=CARTESIAN_POINT('Ctrl Pts',(-21.,17.9790747650782,-0.100000000000003));
#4128=CARTESIAN_POINT('Ctrl Pts',(-17.9790747650782,21.,-0.100000000000003));
#4129=CARTESIAN_POINT('Ctrl Pts',(-15.4895373825391,21.,-0.100000000000003));
#4130=CARTESIAN_POINT('Ctrl Pts',(-13.,21.,-0.100000000000003));
#4131=CARTESIAN_POINT('Origin',(-20.9,-18.9449510801087,-0.1));
#4132=CARTESIAN_POINT('',(-20.9,-13.,-2.33442280263285E-15));
#4133=CARTESIAN_POINT('',(-21.,-13.,-0.100000000000003));
#4134=CARTESIAN_POINT('Origin',(-20.9,-13.,-0.100000000000003));
#4135=CARTESIAN_POINT('',(-20.9,-13.,0.));
#4136=CARTESIAN_POINT('',(-21.,-13.,-0.100000000000003));
#4137=CARTESIAN_POINT('Ctrl Pts',(-21.,-13.,-0.100000000000003));
#4138=CARTESIAN_POINT('Ctrl Pts',(-21.,-13.,-8.53809210832335E-16));
#4139=CARTESIAN_POINT('Ctrl Pts',(-20.9,-13.,-4.32325616278595E-15));
#4140=CARTESIAN_POINT('Ctrl Pts',(-21.,-13.5324073010761,-0.100000000000003));
#4141=CARTESIAN_POINT('Ctrl Pts',(-21.0000000166752,-13.532407300836,-2.7607689290647E-12));
#4142=CARTESIAN_POINT('Ctrl Pts',(-20.9000000166751,-13.5324025199858,-4.32325616278595E-15));
#4143=CARTESIAN_POINT('Ctrl Pts',(-20.9968808579115,-14.0680712639965,-0.100000000000003));
#4144=CARTESIAN_POINT('Ctrl Pts',(-20.9968808616949,-14.0680712643652,-9.23777079042001E-13));
#4145=CARTESIAN_POINT('Ctrl Pts',(-20.8967973219934,-14.0640668175191,-4.30970363562988E-15));
#4146=CARTESIAN_POINT('Ctrl Pts',(-20.893340781056,-15.130432082759,-0.100000000000003));
#4147=CARTESIAN_POINT('Ctrl Pts',(-20.8933407772725,-15.1304320823902,9.15157671770742E-13));
#4148=CARTESIAN_POINT('Ctrl Pts',(-20.7943674919695,-15.1150360029786,-4.30970363562988E-15));
#4149=CARTESIAN_POINT('Ctrl Pts',(-20.7945634811046,-15.6571353623326,-0.100000000000003));
#4150=CARTESIAN_POINT('Ctrl Pts',(-20.7945634828747,-15.6571353628933,-6.64726879703988E-16));
#4151=CARTESIAN_POINT('Ctrl Pts',(-20.6968646296523,-15.6344107508737,-4.29615110847381E-15));
#4152=CARTESIAN_POINT('Ctrl Pts',(-20.5482549315293,-16.4346711759454,-0.100000000000003));
#4153=CARTESIAN_POINT('Ctrl Pts',(-20.5482549306443,-16.4346711756649,-6.11186322285872E-15));
#4154=CARTESIAN_POINT('Ctrl Pts',(-20.4541077284303,-16.4007348708283,-4.29615110847381E-15));
#4155=CARTESIAN_POINT('Ctrl Pts',(-20.4497580690789,-16.6915656901707,-0.100000000000003));
#4156=CARTESIAN_POINT('Ctrl Pts',(-20.4497580688719,-16.6915656900766,-2.49968009740451E-15));
#4157=CARTESIAN_POINT('Ctrl Pts',(-20.357060411029,-16.6538408945815,-4.30970363562988E-15));
#4158=CARTESIAN_POINT('Ctrl Pts',(-20.2254473181565,-17.1852220397801,-0.100000000000003));
#4159=CARTESIAN_POINT('Ctrl Pts',(-20.2254473183635,-17.1852220398741,-6.11972717385524E-15));
#4160=CARTESIAN_POINT('Ctrl Pts',(-20.1360607749027,-17.1402102434914,-4.30970363562988E-15));
#4161=CARTESIAN_POINT('Ctrl Pts',(-20.0990969135602,-17.424031697333,-0.100000000000003));
#4162=CARTESIAN_POINT('Ctrl Pts',(-20.0990969135633,-17.4240316973349,-2.505798263595E-15));
#4163=CARTESIAN_POINT('Ctrl Pts',(-20.0115786346597,-17.3754898246461,-4.30970363562988E-15));
#4164=CARTESIAN_POINT('Ctrl Pts',(-19.8184631037584,-17.8858031179921,-0.100000000000003));
#4165=CARTESIAN_POINT('Ctrl Pts',(-19.8184631037553,-17.8858031179902,-6.11360900766475E-15));
#4166=CARTESIAN_POINT('Ctrl Pts',(-19.7350686528924,-17.8304756554362,-4.30970363562988E-15));
#4167=CARTESIAN_POINT('Ctrl Pts',(-19.6641952049093,-18.1087751378396,-0.100000000000003));
#4168=CARTESIAN_POINT('Ctrl Pts',(-19.6641952051999,-18.1087751380675,-2.48608843866915E-15));
#4169=CARTESIAN_POINT('Ctrl Pts',(-19.5830558750046,-18.0501904215009,-4.30970363562988E-15));
#4170=CARTESIAN_POINT('Ctrl Pts',(-19.3271576921287,-18.5385586791584,-0.100000000000003));
#4171=CARTESIAN_POINT('Ctrl Pts',(-19.327157691838,-18.5385586789305,-6.13331883259061E-15));
#4172=CARTESIAN_POINT('Ctrl Pts',(-19.2509178716703,-18.4737262045104,-4.30970363562988E-15));
#4173=CARTESIAN_POINT('Ctrl Pts',(-19.1457866319829,-18.7433262198268,-0.100000000000003));
#4174=CARTESIAN_POINT('Ctrl Pts',(-19.1457866318412,-18.7433262196857,-6.11740140233608E-15));
#4175=CARTESIAN_POINT('Ctrl Pts',(-19.0721711070139,-18.6755318046851,-4.30970363562988E-15));
#4176=CARTESIAN_POINT('Ctrl Pts',(-18.5727341570929,-19.3186873487462,-0.100000000000003));
#4177=CARTESIAN_POINT('Ctrl Pts',(-18.5727341573761,-19.3186873490282,-6.94308102217471E-16));
#4178=CARTESIAN_POINT('Ctrl Pts',(-18.5074071534907,-19.2425710211443,-4.30970363562988E-15));
#4179=CARTESIAN_POINT('Ctrl Pts',(-18.1492152309439,-19.6552595795509,-0.100000000000003));
#4180=CARTESIAN_POINT('Ctrl Pts',(-18.1492152304969,-19.6552595788232,-4.29615110847381E-15));
#4181=CARTESIAN_POINT('Ctrl Pts',(-18.0900199316272,-19.57426155796,-4.29615110847381E-15));
#4182=CARTESIAN_POINT('Ctrl Pts',(-17.2155259591251,-20.2287540600241,-0.100000000000003));
#4183=CARTESIAN_POINT('Ctrl Pts',(-17.2155259595721,-20.2287540607517,-4.29615110847381E-15));
#4184=CARTESIAN_POINT('Ctrl Pts',(-17.1700452572548,-20.1393322037383,-4.29615110847381E-15));
#4185=CARTESIAN_POINT('Ctrl Pts',(-16.7237511076132,-20.4537370126261,-0.100000000000003));
#4186=CARTESIAN_POINT('Ctrl Pts',(-16.7237511074994,-20.4537370122731,-6.95308532229313E-16));
#4187=CARTESIAN_POINT('Ctrl Pts',(-16.6856312203063,-20.3609576076954,-4.30970363562988E-15));
#4188=CARTESIAN_POINT('Ctrl Pts',(-15.9510800726135,-20.7027813984559,-0.100000000000003));
#4189=CARTESIAN_POINT('Ctrl Pts',(-15.9510800726704,-20.7027813986324,-6.11690118733016E-15));
#4190=CARTESIAN_POINT('Ctrl Pts',(-15.9241237973812,-20.6064037811332,-4.30970363562988E-15));
#4191=CARTESIAN_POINT('Ctrl Pts',(-15.6865896033139,-20.7711516668794,-0.100000000000003));
#4192=CARTESIAN_POINT('Ctrl Pts',(-15.6865896030511,-20.7711516655683,-6.14743554208746E-15));
#4193=CARTESIAN_POINT('Ctrl Pts',(-15.663377490507,-20.6738153967757,-4.32325616278595E-15));
#4194=CARTESIAN_POINT('Ctrl Pts',(-15.1515790809437,-20.8784077996312,-0.100000000000003));
#4195=CARTESIAN_POINT('Ctrl Pts',(-15.1515790812066,-20.8784078009423,-2.49907678348445E-15));
#4196=CARTESIAN_POINT('Ctrl Pts',(-15.135478442574,-20.7796458606791,-4.32325616278595E-15));
#4197=CARTESIAN_POINT('Ctrl Pts',(-14.8831242385856,-20.9169937515972,-0.100000000000003));
#4198=CARTESIAN_POINT('Ctrl Pts',(-14.8831242383891,-20.9169937496166,1.76057278116505E-14));
#4199=CARTESIAN_POINT('Ctrl Pts',(-14.8703628552731,-20.8177685360991,-4.30970363562988E-15));
#4200=CARTESIAN_POINT('Ctrl Pts',(-14.0762946758271,-20.9969433648963,-0.100000000000003));
#4201=CARTESIAN_POINT('Ctrl Pts',(-14.0762946762201,-20.9969433688574,-4.7612017971104E-14));
#4202=CARTESIAN_POINT('Ctrl Pts',(-14.0722349990996,-20.8968558937002,-4.30970363562988E-15));
#4203=CARTESIAN_POINT('Ctrl Pts',(-13.5363393177911,-21.,-0.100000000000003));
#4204=CARTESIAN_POINT('Ctrl Pts',(-13.5363393175318,-21.0000000168049,1.15724067843117E-12));
#4205=CARTESIAN_POINT('Ctrl Pts',(-13.5363333043879,-20.900000016802,-5.75982404132924E-15));
#4206=CARTESIAN_POINT('Ctrl Pts',(-13.,-21.,-0.100000000000003));
#4207=CARTESIAN_POINT('Ctrl Pts',(-13.,-21.,-5.75982404132924E-15));
#4208=CARTESIAN_POINT('Ctrl Pts',(-13.,-20.9,-5.75982404132924E-15));
#4209=CARTESIAN_POINT('',(-13.,-20.9,-1.43995601033231E-15));
#4210=CARTESIAN_POINT('',(-13.,-21.,-0.100000000000003));
#4211=CARTESIAN_POINT('Origin',(-13.,-20.9,-0.1));
#4212=CARTESIAN_POINT('Ctrl Pts',(-20.9,-13.,-4.31946145518225E-15));
#4213=CARTESIAN_POINT('Ctrl Pts',(-20.9000000166751,-13.5324025199858,-4.31946145518225E-15));
#4214=CARTESIAN_POINT('Ctrl Pts',(-20.8967973219934,-14.0640668175191,-4.30590892802618E-15));
#4215=CARTESIAN_POINT('Ctrl Pts',(-20.8455824069815,-14.5895514102489,-4.30590892802618E-15));
#4216=CARTESIAN_POINT('Ctrl Pts',(-20.7943674919695,-15.1150360029786,-4.31946145518225E-15));
#4217=CARTESIAN_POINT('Ctrl Pts',(-20.6968646296523,-15.6344107508737,-4.30590892802618E-15));
#4218=CARTESIAN_POINT('Ctrl Pts',(-20.5350266955043,-16.1452934975101,-4.30590892802618E-15));
#4219=CARTESIAN_POINT('Ctrl Pts',(-20.4541077284303,-16.4007348708283,-4.30211422042248E-15));
#4220=CARTESIAN_POINT('Ctrl Pts',(-20.357060411029,-16.6538408945815,-4.31566674757855E-15));
#4221=CARTESIAN_POINT('Ctrl Pts',(-20.2465605929658,-16.8970255690365,-4.31566674757855E-15));
#4222=CARTESIAN_POINT('Ctrl Pts',(-20.1360607749027,-17.1402102434914,-4.31946145518225E-15));
#4223=CARTESIAN_POINT('Ctrl Pts',(-20.0115786346597,-17.3754898246461,-4.31946145518225E-15));
#4224=CARTESIAN_POINT('Ctrl Pts',(-19.8733236437761,-17.6029827400411,-4.31946145518225E-15));
#4225=CARTESIAN_POINT('Ctrl Pts',(-19.7350686528924,-17.8304756554362,-4.31946145518225E-15));
#4226=CARTESIAN_POINT('Ctrl Pts',(-19.5830558750046,-18.0501904215009,-4.31946145518225E-15));
#4227=CARTESIAN_POINT('Ctrl Pts',(-19.4169868733375,-18.2619583130057,-4.31946145518225E-15));
#4228=CARTESIAN_POINT('Ctrl Pts',(-19.2509178716703,-18.4737262045104,-4.31946145518225E-15));
#4229=CARTESIAN_POINT('Ctrl Pts',(-19.0721711070139,-18.6755318046851,-4.31946145518225E-15));
#4230=CARTESIAN_POINT('Ctrl Pts',(-18.8839164558395,-18.8645448768381,-4.31946145518225E-15));
#4231=CARTESIAN_POINT('Ctrl Pts',(-18.5074071534907,-19.2425710211443,-4.31946145518225E-15));
#4232=CARTESIAN_POINT('Ctrl Pts',(-18.0900199316272,-19.57426155796,-4.30590892802618E-15));
#4233=CARTESIAN_POINT('Ctrl Pts',(-17.630032594441,-19.8567968808491,-4.30590892802617E-15));
#4234=CARTESIAN_POINT('Ctrl Pts',(-17.1700452572548,-20.1393322037383,-4.30211422042248E-15));
#4235=CARTESIAN_POINT('Ctrl Pts',(-16.6856312203063,-20.3609576076954,-4.31566674757855E-15));
#4236=CARTESIAN_POINT('Ctrl Pts',(-16.1779596050229,-20.5245883899873,-4.31566674757855E-15));
#4237=CARTESIAN_POINT('Ctrl Pts',(-15.9241237973812,-20.6064037811332,-4.31946145518225E-15));
#4238=CARTESIAN_POINT('Ctrl Pts',(-15.663377490507,-20.6738153967757,-4.33301398233832E-15));
#4239=CARTESIAN_POINT('Ctrl Pts',(-15.3994279665405,-20.7267306287274,-4.33301398233832E-15));
#4240=CARTESIAN_POINT('Ctrl Pts',(-15.135478442574,-20.7796458606791,-4.31946145518225E-15));
#4241=CARTESIAN_POINT('Ctrl Pts',(-14.8703628552731,-20.8177685360991,-4.30590892802618E-15));
#4242=CARTESIAN_POINT('Ctrl Pts',(-14.6043202365486,-20.8441309886328,-4.30590892802618E-15));
#4243=CARTESIAN_POINT('Ctrl Pts',(-14.0722349990996,-20.8968558937002,-4.30211422042248E-15));
#4244=CARTESIAN_POINT('Ctrl Pts',(-13.5363333043879,-20.900000016802,-5.75223462612184E-15));
#4245=CARTESIAN_POINT('Ctrl Pts',(-13.,-20.9,-5.75223462612184E-15));
#4246=CARTESIAN_POINT('Ctrl Pts',(-13.,-21.,-0.100000000000003));
#4247=CARTESIAN_POINT('Ctrl Pts',(-15.4895373825391,-21.,-0.100000000000003));
#4248=CARTESIAN_POINT('Ctrl Pts',(-17.9790747650783,-21.,-0.100000000000003));
#4249=CARTESIAN_POINT('Ctrl Pts',(-21.,-17.9790747650783,-0.100000000000003));
#4250=CARTESIAN_POINT('Ctrl Pts',(-21.,-15.4895373825391,-0.100000000000003));
#4251=CARTESIAN_POINT('Ctrl Pts',(-21.,-13.,-0.100000000000003));
#4252=CARTESIAN_POINT('Origin',(-18.9449510801087,-20.9,-0.1));
#4253=CARTESIAN_POINT('',(13.,-20.9,-1.53821183221381E-15));
#4254=CARTESIAN_POINT('',(13.,-21.,-0.100000000000003));
#4255=CARTESIAN_POINT('Origin',(13.,-20.9,-0.1));
#4256=CARTESIAN_POINT('',(-13.,-20.9,0.));
#4257=CARTESIAN_POINT('',(-13.,-21.,-0.100000000000003));
#4258=CARTESIAN_POINT('Ctrl Pts',(13.,-21.,-0.100000000000003));
#4259=CARTESIAN_POINT('Ctrl Pts',(13.,-21.,-4.30970363562988E-15));
#4260=CARTESIAN_POINT('Ctrl Pts',(13.,-20.9,-4.30970363562988E-15));
#4261=CARTESIAN_POINT('Ctrl Pts',(13.5324073010783,-21.,-0.100000000000003));
#4262=CARTESIAN_POINT('Ctrl Pts',(13.5324073008384,-21.0000000166752,3.68640031940134E-12));
#4263=CARTESIAN_POINT('Ctrl Pts',(13.5324025199886,-20.9000000166751,-4.30970363562988E-15));
#4264=CARTESIAN_POINT('Ctrl Pts',(14.0680712639936,-20.9968808579118,-0.100000000000003));
#4265=CARTESIAN_POINT('Ctrl Pts',(14.068071264362,-20.9968808616913,-7.32009567900812E-16));
#4266=CARTESIAN_POINT('Ctrl Pts',(14.0640668175155,-20.8967973219897,-4.30970363562988E-15));
#4267=CARTESIAN_POINT('Ctrl Pts',(15.1304320827618,-20.8933407810557,-0.100000000000003));
#4268=CARTESIAN_POINT('Ctrl Pts',(15.1304320823935,-20.8933407772762,-7.88739770335894E-15));
#4269=CARTESIAN_POINT('Ctrl Pts',(15.1150360029822,-20.7943674919732,-4.30970363562988E-15));
#4270=CARTESIAN_POINT('Ctrl Pts',(15.6571353623298,-20.7945634811055,-0.100000000000003));
#4271=CARTESIAN_POINT('Ctrl Pts',(15.6571353628896,-20.7945634828729,-4.32325616278595E-15));
#4272=CARTESIAN_POINT('Ctrl Pts',(15.6344107508691,-20.6968646296514,-4.32325616278595E-15));
#4273=CARTESIAN_POINT('Ctrl Pts',(16.4346711759468,-20.5482549315289,-0.100000000000003));
#4274=CARTESIAN_POINT('Ctrl Pts',(16.4346711756668,-20.5482549306452,-4.32325616278595E-15));
#4275=CARTESIAN_POINT('Ctrl Pts',(16.4007348708306,-20.4541077284308,-4.32325616278595E-15));
#4276=CARTESIAN_POINT('Ctrl Pts',(16.69156569017,-20.4497580690792,-0.100000000000003));
#4277=CARTESIAN_POINT('Ctrl Pts',(16.6915656900762,-20.4497580688728,-2.49968009740451E-15));
#4278=CARTESIAN_POINT('Ctrl Pts',(16.6538408945811,-20.3570604110299,-4.30970363562988E-15));
#4279=CARTESIAN_POINT('Ctrl Pts',(17.1852220397808,-20.2254473181562,-0.100000000000003));
#4280=CARTESIAN_POINT('Ctrl Pts',(17.1852220398746,-20.2254473183626,-6.11972717385524E-15));
#4281=CARTESIAN_POINT('Ctrl Pts',(17.1402102434919,-20.1360607749018,-4.30970363562988E-15));
#4282=CARTESIAN_POINT('Ctrl Pts',(17.4240316973334,-20.09909691356,-0.100000000000003));
#4283=CARTESIAN_POINT('Ctrl Pts',(17.4240316973353,-20.0990969135633,-2.51935079075107E-15));
#4284=CARTESIAN_POINT('Ctrl Pts',(17.3754898246461,-20.0115786346597,-4.32325616278595E-15));
#4285=CARTESIAN_POINT('Ctrl Pts',(17.8858031179917,-19.8184631037585,-0.100000000000003));
#4286=CARTESIAN_POINT('Ctrl Pts',(17.8858031179897,-19.8184631037553,-6.12716153482082E-15));
#4287=CARTESIAN_POINT('Ctrl Pts',(17.8304756554361,-19.7350686528924,-4.32325616278595E-15));
#4288=CARTESIAN_POINT('Ctrl Pts',(18.1087751378406,-19.6641952049084,-0.100000000000003));
#4289=CARTESIAN_POINT('Ctrl Pts',(18.1087751380684,-19.6641952051989,-4.29615110847381E-15));
#4290=CARTESIAN_POINT('Ctrl Pts',(18.0501904215013,-19.5830558750037,-4.29615110847381E-15));
#4291=CARTESIAN_POINT('Ctrl Pts',(18.5385586791573,-19.3271576921294,-0.100000000000003));
#4292=CARTESIAN_POINT('Ctrl Pts',(18.5385586789295,-19.327157691839,-4.29615110847381E-15));
#4293=CARTESIAN_POINT('Ctrl Pts',(18.47372620451,-19.2509178716713,-4.29615110847381E-15));
#4294=CARTESIAN_POINT('Ctrl Pts',(18.7433262198263,-19.1457866319833,-0.100000000000003));
#4295=CARTESIAN_POINT('Ctrl Pts',(18.7433262196857,-19.1457866318422,-6.11740140233608E-15));
#4296=CARTESIAN_POINT('Ctrl Pts',(18.675531804685,-19.0721711070147,-4.30970363562988E-15));
#4297=CARTESIAN_POINT('Ctrl Pts',(19.3186873487471,-18.5727341570919,-0.100000000000003));
#4298=CARTESIAN_POINT('Ctrl Pts',(19.3186873490282,-18.5727341573742,-6.94308102217471E-16));
#4299=CARTESIAN_POINT('Ctrl Pts',(19.2425710211442,-18.5074071534889,-4.30970363562988E-15));
#4300=CARTESIAN_POINT('Ctrl Pts',(19.6552595795491,-18.1492152309467,-0.100000000000003));
#4301=CARTESIAN_POINT('Ctrl Pts',(19.6552595788213,-18.1492152304996,-7.95416973910022E-15));
#4302=CARTESIAN_POINT('Ctrl Pts',(19.574261557958,-18.0900199316299,-4.29615110847381E-15));
#4303=CARTESIAN_POINT('Ctrl Pts',(20.2287540600258,-17.2155259591222,-0.100000000000003));
#4304=CARTESIAN_POINT('Ctrl Pts',(20.2287540607536,-17.2155259595693,-6.38132477847404E-16));
#4305=CARTESIAN_POINT('Ctrl Pts',(20.1393322037401,-17.1700452572519,-4.29615110847381E-15));
#4306=CARTESIAN_POINT('Ctrl Pts',(20.453737012626,-16.7237511076135,-0.100000000000003));
#4307=CARTESIAN_POINT('Ctrl Pts',(20.4537370122749,-16.7237511075003,-4.30970363562988E-15));
#4308=CARTESIAN_POINT('Ctrl Pts',(20.3609576076981,-16.6856312203073,-4.30970363562988E-15));
#4309=CARTESIAN_POINT('Ctrl Pts',(20.7027813984559,-15.9510800726133,-0.100000000000003));
#4310=CARTESIAN_POINT('Ctrl Pts',(20.7027813986314,-15.9510800726699,-4.30970363562988E-15));
#4311=CARTESIAN_POINT('Ctrl Pts',(20.6064037811318,-15.9241237973807,-4.30970363562988E-15));
#4312=CARTESIAN_POINT('Ctrl Pts',(20.7711516668795,-15.6865896033135,-0.100000000000003));
#4313=CARTESIAN_POINT('Ctrl Pts',(20.7711516655668,-15.6865896030504,-3.97089045672816E-15));
#4314=CARTESIAN_POINT('Ctrl Pts',(20.6738153967743,-15.6633774905063,-4.30970363562988E-15));
#4315=CARTESIAN_POINT('Ctrl Pts',(20.8784077996311,-15.1515790809441,-0.100000000000003));
#4316=CARTESIAN_POINT('Ctrl Pts',(20.8784078009437,-15.1515790812072,-3.97089045672816E-15));
#4317=CARTESIAN_POINT('Ctrl Pts',(20.7796458606804,-15.1354784425747,-4.30970363562988E-15));
#4318=CARTESIAN_POINT('Ctrl Pts',(20.9169937515972,-14.8831242385852,-0.100000000000003));
#4319=CARTESIAN_POINT('Ctrl Pts',(20.9169937496161,-14.8831242383889,-6.10775515799477E-15));
#4320=CARTESIAN_POINT('Ctrl Pts',(20.8177685360986,-14.8703628552727,-4.29615110847381E-15));
#4321=CARTESIAN_POINT('Ctrl Pts',(20.9969433648962,-14.0762946758279,-0.100000000000003));
#4322=CARTESIAN_POINT('Ctrl Pts',(20.9969433688583,-14.0762946762205,-6.72943009431894E-16));
#4323=CARTESIAN_POINT('Ctrl Pts',(20.8968558937011,-14.0722349991006,-4.29615110847381E-15));
#4324=CARTESIAN_POINT('Ctrl Pts',(21.,-13.5363393177905,-0.100000000000003));
#4325=CARTESIAN_POINT('Ctrl Pts',(21.0000000167946,-13.5363393175314,-6.28611391447969E-12));
#4326=CARTESIAN_POINT('Ctrl Pts',(20.9000000167917,-13.5363333043872,-5.74627151417317E-15));
#4327=CARTESIAN_POINT('Ctrl Pts',(21.,-13.,-0.100000000000003));
#4328=CARTESIAN_POINT('Ctrl Pts',(21.,-13.,-2.27682456221956E-15));
#4329=CARTESIAN_POINT('Ctrl Pts',(20.9,-13.,-5.74627151417317E-15));
#4330=CARTESIAN_POINT('',(20.9,-13.,-1.43317974675428E-15));
#4331=CARTESIAN_POINT('',(21.,-13.,-0.100000000000003));
#4332=CARTESIAN_POINT('Origin',(20.9,-13.,-0.1));
#4333=CARTESIAN_POINT('Ctrl Pts',(13.,-20.9,-4.31946145518225E-15));
#4334=CARTESIAN_POINT('Ctrl Pts',(13.5324025199886,-20.9000000166751,-4.31946145518225E-15));
#4335=CARTESIAN_POINT('Ctrl Pts',(14.0640668175155,-20.8967973219897,-4.31946145518225E-15));
#4336=CARTESIAN_POINT('Ctrl Pts',(14.5895514102489,-20.8455824069815,-4.31946145518225E-15));
#4337=CARTESIAN_POINT('Ctrl Pts',(15.1150360029822,-20.7943674919732,-4.31946145518225E-15));
#4338=CARTESIAN_POINT('Ctrl Pts',(15.6344107508691,-20.6968646296514,-4.33301398233832E-15));
#4339=CARTESIAN_POINT('Ctrl Pts',(16.1452934975101,-20.5350266955043,-4.33301398233832E-15));
#4340=CARTESIAN_POINT('Ctrl Pts',(16.4007348708306,-20.4541077284308,-4.31946145518225E-15));
#4341=CARTESIAN_POINT('Ctrl Pts',(16.6538408945811,-20.3570604110299,-4.30590892802618E-15));
#4342=CARTESIAN_POINT('Ctrl Pts',(16.8970255690365,-20.2465605929658,-4.30590892802618E-15));
#4343=CARTESIAN_POINT('Ctrl Pts',(17.1402102434919,-20.1360607749018,-4.31946145518225E-15));
#4344=CARTESIAN_POINT('Ctrl Pts',(17.3754898246461,-20.0115786346597,-4.33301398233832E-15));
#4345=CARTESIAN_POINT('Ctrl Pts',(17.6029827400411,-19.8733236437761,-4.33301398233832E-15));
#4346=CARTESIAN_POINT('Ctrl Pts',(17.8304756554361,-19.7350686528924,-4.31946145518225E-15));
#4347=CARTESIAN_POINT('Ctrl Pts',(18.0501904215013,-19.5830558750037,-4.29235640087011E-15));
#4348=CARTESIAN_POINT('Ctrl Pts',(18.2619583130056,-19.4169868733375,-4.29235640087011E-15));
#4349=CARTESIAN_POINT('Ctrl Pts',(18.47372620451,-19.2509178716713,-4.30211422042248E-15));
#4350=CARTESIAN_POINT('Ctrl Pts',(18.675531804685,-19.0721711070147,-4.31566674757855E-15));
#4351=CARTESIAN_POINT('Ctrl Pts',(18.8645448768381,-18.8839164558395,-4.31566674757855E-15));
#4352=CARTESIAN_POINT('Ctrl Pts',(19.2425710211442,-18.5074071534889,-4.31946145518225E-15));
#4353=CARTESIAN_POINT('Ctrl Pts',(19.574261557958,-18.0900199316299,-4.30590892802618E-15));
#4354=CARTESIAN_POINT('Ctrl Pts',(19.8567968808491,-17.6300325944409,-4.30590892802617E-15));
#4355=CARTESIAN_POINT('Ctrl Pts',(20.1393322037401,-17.1700452572519,-4.30211422042248E-15));
#4356=CARTESIAN_POINT('Ctrl Pts',(20.3609576076981,-16.6856312203073,-4.31566674757855E-15));
#4357=CARTESIAN_POINT('Ctrl Pts',(20.5245883899872,-16.1779596050229,-4.31566674757855E-15));
#4358=CARTESIAN_POINT('Ctrl Pts',(20.6064037811318,-15.9241237973807,-4.31946145518225E-15));
#4359=CARTESIAN_POINT('Ctrl Pts',(20.6738153967743,-15.6633774905063,-4.31946145518225E-15));
#4360=CARTESIAN_POINT('Ctrl Pts',(20.7267306287274,-15.3994279665404,-4.31946145518225E-15));
#4361=CARTESIAN_POINT('Ctrl Pts',(20.7796458606804,-15.1354784425747,-4.31946145518225E-15));
#4362=CARTESIAN_POINT('Ctrl Pts',(20.8177685360986,-14.8703628552727,-4.30590892802618E-15));
#4363=CARTESIAN_POINT('Ctrl Pts',(20.8441309886328,-14.6043202365486,-4.30590892802618E-15));
#4364=CARTESIAN_POINT('Ctrl Pts',(20.8968558937011,-14.0722349991006,-4.30211422042248E-15));
#4365=CARTESIAN_POINT('Ctrl Pts',(20.9000000167917,-13.5363333043872,-5.75223462612184E-15));
#4366=CARTESIAN_POINT('Ctrl Pts',(20.9,-13.,-5.75223462612185E-15));
#4367=CARTESIAN_POINT('Ctrl Pts',(21.,-13.,-0.100000000000003));
#4368=CARTESIAN_POINT('Ctrl Pts',(21.,-15.4895373825391,-0.100000000000003));
#4369=CARTESIAN_POINT('Ctrl Pts',(21.,-17.9790747650783,-0.100000000000003));
#4370=CARTESIAN_POINT('Ctrl Pts',(17.9790747650781,-21.,-0.100000000000003));
#4371=CARTESIAN_POINT('Ctrl Pts',(15.4895373825391,-21.,-0.100000000000003));
#4372=CARTESIAN_POINT('Ctrl Pts',(13.,-21.,-0.100000000000003));
#4373=CARTESIAN_POINT('Origin',(20.9,-18.9449510801087,-0.1));
#4374=CARTESIAN_POINT('',(21.,13.,-0.100000000000003));
#4375=CARTESIAN_POINT('',(21.,-13.,-0.100000000000003));
#4376=CARTESIAN_POINT('',(20.9,13.,-2.32764653905481E-15));
#4377=CARTESIAN_POINT('Origin',(20.9,13.,-0.100000000000003));
#4378=CARTESIAN_POINT('',(20.9,-13.,0.));
#4379=CARTESIAN_POINT('Ctrl Pts',(21.,13.,-0.100000000000003));
#4380=CARTESIAN_POINT('Ctrl Pts',(21.,13.,-8.26704156520197E-16));
#4381=CARTESIAN_POINT('Ctrl Pts',(20.9,13.,-4.29615110847381E-15));
#4382=CARTESIAN_POINT('Ctrl Pts',(21.,13.5324073010778,-0.100000000000003));
#4383=CARTESIAN_POINT('Ctrl Pts',(21.0000000166752,13.5324073008377,-2.78599594929904E-12));
#4384=CARTESIAN_POINT('Ctrl Pts',(20.9000000166751,13.5324025199875,-4.29615110847381E-15));
#4385=CARTESIAN_POINT('Ctrl Pts',(20.9968808579117,14.0680712639943,-0.100000000000003));
#4386=CARTESIAN_POINT('Ctrl Pts',(20.996880861694,14.0680712643629,-4.29615110847381E-15));
#4387=CARTESIAN_POINT('Ctrl Pts',(20.8967973219924,14.0640668175169,-4.29615110847381E-15));
#4388=CARTESIAN_POINT('Ctrl Pts',(20.8933407810558,15.1304320827612,-0.100000000000003));
#4389=CARTESIAN_POINT('Ctrl Pts',(20.8933407772735,15.1304320823925,-4.29615110847381E-15));
#4390=CARTESIAN_POINT('Ctrl Pts',(20.7943674919705,15.1150360029809,-4.29615110847381E-15));
#4391=CARTESIAN_POINT('Ctrl Pts',(20.7945634811041,15.6571353623339,-0.100000000000003));
#4392=CARTESIAN_POINT('Ctrl Pts',(20.7945634828728,15.6571353628942,-4.30970363562988E-15));
#4393=CARTESIAN_POINT('Ctrl Pts',(20.6968646296503,15.6344107508746,-4.30970363562988E-15));
#4394=CARTESIAN_POINT('Ctrl Pts',(20.5482549315295,16.4346711759447,-0.100000000000003));
#4395=CARTESIAN_POINT('Ctrl Pts',(20.5482549306452,16.4346711756645,-4.30970363562988E-15));
#4396=CARTESIAN_POINT('Ctrl Pts',(20.4541077284312,16.4007348708278,-4.30970363562988E-15));
#4397=CARTESIAN_POINT('Ctrl Pts',(20.4497580690792,16.69156569017,-0.100000000000003));
#4398=CARTESIAN_POINT('Ctrl Pts',(20.4497580688737,16.6915656900766,-4.30970363562988E-15));
#4399=CARTESIAN_POINT('Ctrl Pts',(20.3570604110308,16.653840894582,-4.30970363562988E-15));
#4400=CARTESIAN_POINT('Ctrl Pts',(20.2254473181562,17.1852220397807,-0.100000000000003));
#4401=CARTESIAN_POINT('Ctrl Pts',(20.2254473183616,17.1852220398741,-4.30970363562988E-15));
#4402=CARTESIAN_POINT('Ctrl Pts',(20.1360607749007,17.1402102434909,-4.30970363562988E-15));
#4403=CARTESIAN_POINT('Ctrl Pts',(20.0990969135598,17.4240316973336,-0.100000000000003));
#4404=CARTESIAN_POINT('Ctrl Pts',(20.0990969135628,17.4240316973353,-6.11360900766474E-15));
#4405=CARTESIAN_POINT('Ctrl Pts',(20.0115786346592,17.3754898246461,-4.30970363562988E-15));
#4406=CARTESIAN_POINT('Ctrl Pts',(19.8184631037586,17.8858031179915,-0.100000000000003));
#4407=CARTESIAN_POINT('Ctrl Pts',(19.8184631037557,17.8858031179897,-2.50579826359502E-15));
#4408=CARTESIAN_POINT('Ctrl Pts',(19.7350686528928,17.8304756554361,-4.30970363562988E-15));
#4409=CARTESIAN_POINT('Ctrl Pts',(19.6641952049083,18.1087751378406,-0.100000000000003));
#4410=CARTESIAN_POINT('Ctrl Pts',(19.6641952051998,18.1087751380692,-2.49964096582523E-15));
#4411=CARTESIAN_POINT('Ctrl Pts',(19.583055875004,18.0501904215022,-4.32325616278595E-15));
#4412=CARTESIAN_POINT('Ctrl Pts',(19.3271576921295,18.5385586791572,-0.100000000000003));
#4413=CARTESIAN_POINT('Ctrl Pts',(19.327157691838,18.5385586789285,-6.14687135974666E-15));
#4414=CARTESIAN_POINT('Ctrl Pts',(19.2509178716708,18.473726204509,-4.32325616278595E-15));
#4415=CARTESIAN_POINT('Ctrl Pts',(19.1457866319818,18.7433262198276,-0.100000000000003));
#4416=CARTESIAN_POINT('Ctrl Pts',(19.1457866318403,18.7433262196865,-2.51555839607976E-15));
#4417=CARTESIAN_POINT('Ctrl Pts',(19.0721711070128,18.6755318046859,-4.32325616278595E-15));
#4418=CARTESIAN_POINT('Ctrl Pts',(18.5727341570947,19.3186873487442,-0.100000000000003));
#4419=CARTESIAN_POINT('Ctrl Pts',(18.5727341573779,19.3186873490263,-7.93865169619833E-15));
#4420=CARTESIAN_POINT('Ctrl Pts',(18.5074071534925,19.2425710211423,-4.32325616278595E-15));
#4421=CARTESIAN_POINT('Ctrl Pts',(18.1492152309474,19.6552595795486,-0.100000000000003));
#4422=CARTESIAN_POINT('Ctrl Pts',(18.1492152305005,19.6552595788212,-4.32325616278595E-15));
#4423=CARTESIAN_POINT('Ctrl Pts',(18.0900199316309,19.5742615579579,-4.32325616278595E-15));
#4424=CARTESIAN_POINT('Ctrl Pts',(17.2155259591215,20.2287540600261,-0.100000000000003));
#4425=CARTESIAN_POINT('Ctrl Pts',(17.2155259595683,20.2287540607535,-4.32325616278595E-15));
#4426=CARTESIAN_POINT('Ctrl Pts',(17.170045257251,20.1393322037401,-4.32325616278595E-15));
#4427=CARTESIAN_POINT('Ctrl Pts',(16.7237511076129,20.4537370126261,-0.100000000000003));
#4428=CARTESIAN_POINT('Ctrl Pts',(16.7237511074994,20.453737012274,-7.91054621187435E-15));
#4429=CARTESIAN_POINT('Ctrl Pts',(16.6856312203063,20.3609576076971,-4.29615110847381E-15));
#4430=CARTESIAN_POINT('Ctrl Pts',(15.9510800726136,20.7027813984558,-0.100000000000003));
#4431=CARTESIAN_POINT('Ctrl Pts',(15.9510800726704,20.7027813986319,-2.48895355677354E-15));
#4432=CARTESIAN_POINT('Ctrl Pts',(15.9241237973812,20.6064037811322,-4.29615110847381E-15));
#4433=CARTESIAN_POINT('Ctrl Pts',(15.6865896033138,20.7711516668794,-0.100000000000003));
#4434=CARTESIAN_POINT('Ctrl Pts',(15.6865896030506,20.7711516655678,4.31189602262089E-14));
#4435=CARTESIAN_POINT('Ctrl Pts',(15.6633774905067,20.6738153967757,-4.30970363562988E-15));
#4436=CARTESIAN_POINT('Ctrl Pts',(15.1515790809438,20.8784077996311,-0.100000000000003));
#4437=CARTESIAN_POINT('Ctrl Pts',(15.151579081207,20.8784078009427,-5.17383674974688E-14));
#4438=CARTESIAN_POINT('Ctrl Pts',(15.1354784425742,20.779645860679,-4.30970363562988E-15));
#4439=CARTESIAN_POINT('Ctrl Pts',(14.8831242385843,20.9169937515973,-0.100000000000003));
#4440=CARTESIAN_POINT('Ctrl Pts',(14.8831242383882,20.9169937496157,-2.75035072249729E-14));
#4441=CARTESIAN_POINT('Ctrl Pts',(14.870362855272,20.8177685360982,-4.29615110847381E-15));
#4442=CARTESIAN_POINT('Ctrl Pts',(14.0762946758297,20.996943364896,-0.100000000000003));
#4443=CARTESIAN_POINT('Ctrl Pts',(14.0762946762219,20.9969433688592,3.22794264092184E-14));
#4444=CARTESIAN_POINT('Ctrl Pts',(14.0722349991019,20.896855893702,-4.29615110847381E-15));
#4445=CARTESIAN_POINT('Ctrl Pts',(13.5363393177891,21.,-0.100000000000003));
#4446=CARTESIAN_POINT('Ctrl Pts',(13.5363393175304,21.0000000168049,1.13546152406118E-12));
#4447=CARTESIAN_POINT('Ctrl Pts',(13.5363333043862,20.900000016802,-5.7327189870171E-15));
#4448=CARTESIAN_POINT('Ctrl Pts',(13.,21.,-0.100000000000003));
#4449=CARTESIAN_POINT('Ctrl Pts',(13.,21.,-5.7327189870171E-15));
#4450=CARTESIAN_POINT('Ctrl Pts',(13.,20.9,-5.7327189870171E-15));
#4451=CARTESIAN_POINT('',(13.,21.,-0.100000000000003));
#4452=CARTESIAN_POINT('Ctrl Pts',(13.,21.,-0.100000000000003));
#4453=CARTESIAN_POINT('Ctrl Pts',(15.4895373825391,21.,-0.100000000000003));
#4454=CARTESIAN_POINT('Ctrl Pts',(17.9790747650781,21.,-0.100000000000003));
#4455=CARTESIAN_POINT('Ctrl Pts',(21.,17.9790747650781,-0.100000000000003));
#4456=CARTESIAN_POINT('Ctrl Pts',(21.,15.4895373825391,-0.100000000000003));
#4457=CARTESIAN_POINT('Ctrl Pts',(21.,13.,-0.100000000000003));
#4458=CARTESIAN_POINT('',(13.,20.9,-1.42979161496526E-15));
#4459=CARTESIAN_POINT('Origin',(13.,20.9,-0.1));
#4460=CARTESIAN_POINT('Ctrl Pts',(20.9,13.,-4.30211422042255E-15));
#4461=CARTESIAN_POINT('Ctrl Pts',(20.9000000166751,13.5324025199875,-4.30211422053295E-15));
#4462=CARTESIAN_POINT('Ctrl Pts',(20.8967973219924,14.0640668175169,-4.30211422042255E-15));
#4463=CARTESIAN_POINT('Ctrl Pts',(20.8455824069814,14.5895514102489,-4.30211422042255E-15));
#4464=CARTESIAN_POINT('Ctrl Pts',(20.7943674919705,15.1150360029809,-4.30211422042255E-15));
#4465=CARTESIAN_POINT('Ctrl Pts',(20.6968646296504,15.6344107508746,-4.31566674757862E-15));
#4466=CARTESIAN_POINT('Ctrl Pts',(20.5350266955043,16.1452934975101,-4.31566674757862E-15));
#4467=CARTESIAN_POINT('Ctrl Pts',(20.4541077284312,16.4007348708278,-4.31946145518232E-15));
#4468=CARTESIAN_POINT('Ctrl Pts',(20.3570604110308,16.653840894582,-4.31946145518232E-15));
#4469=CARTESIAN_POINT('Ctrl Pts',(20.2465605929658,16.8970255690365,-4.31946145518232E-15));
#4470=CARTESIAN_POINT('Ctrl Pts',(20.1360607749008,17.140210243491,-4.31946145518232E-15));
#4471=CARTESIAN_POINT('Ctrl Pts',(20.0115786346593,17.3754898246461,-4.31946145518239E-15));
#4472=CARTESIAN_POINT('Ctrl Pts',(19.873323643776,17.6029827400411,-4.31946145518232E-15));
#4473=CARTESIAN_POINT('Ctrl Pts',(19.7350686528928,17.8304756554362,-4.31946145518225E-15));
#4474=CARTESIAN_POINT('Ctrl Pts',(19.5830558750041,18.0501904215022,-4.33301398233832E-15));
#4475=CARTESIAN_POINT('Ctrl Pts',(19.4169868733374,18.2619583130056,-4.33301398233839E-15));
#4476=CARTESIAN_POINT('Ctrl Pts',(19.2509178716708,18.473726204509,-4.31946145518239E-15));
#4477=CARTESIAN_POINT('Ctrl Pts',(19.0721711070129,18.6755318046859,-4.31946145518225E-15));
#4478=CARTESIAN_POINT('Ctrl Pts',(18.8839164558394,18.864544876838,-4.31946145518232E-15));
#4479=CARTESIAN_POINT('Ctrl Pts',(18.5074071534926,19.2425710211423,-4.31946145518246E-15));
#4480=CARTESIAN_POINT('Ctrl Pts',(18.0900199316309,19.574261557958,-4.31946145518232E-15));
#4481=CARTESIAN_POINT('Ctrl Pts',(17.6300325944409,19.856796880849,-4.31946145518232E-15));
#4482=CARTESIAN_POINT('Ctrl Pts',(17.170045257251,20.1393322037401,-4.31946145518232E-15));
#4483=CARTESIAN_POINT('Ctrl Pts',(16.6856312203063,20.3609576076972,-4.29235640087032E-15));
#4484=CARTESIAN_POINT('Ctrl Pts',(16.1779596050229,20.5245883899872,-4.29235640087018E-15));
#4485=CARTESIAN_POINT('Ctrl Pts',(15.9241237973812,20.6064037811322,-4.30211422042248E-15));
#4486=CARTESIAN_POINT('Ctrl Pts',(15.6633774905067,20.6738153967757,-4.31566674757674E-15));
#4487=CARTESIAN_POINT('Ctrl Pts',(15.3994279665404,20.7267306287273,-4.31566674757863E-15));
#4488=CARTESIAN_POINT('Ctrl Pts',(15.1354784425742,20.779645860679,-4.31946145518419E-15));
#4489=CARTESIAN_POINT('Ctrl Pts',(14.870362855272,20.8177685360982,-4.30590892802718E-15));
#4490=CARTESIAN_POINT('Ctrl Pts',(14.6043202365486,20.8441309886328,-4.30590892802641E-15));
#4491=CARTESIAN_POINT('Ctrl Pts',(14.0722349991019,20.896855893702,-4.30211422042098E-15));
#4492=CARTESIAN_POINT('Ctrl Pts',(13.5363333043862,20.900000016802,-5.7386820989206E-15));
#4493=CARTESIAN_POINT('Ctrl Pts',(13.,20.9,-5.73868209896614E-15));
#4494=CARTESIAN_POINT('Origin',(-18.9449510801087,20.9,-0.1));
#4495=CARTESIAN_POINT('',(-13.,21.,-0.100000000000003));
#4496=CARTESIAN_POINT('',(-13.,20.9,0.));
#4497=CARTESIAN_POINT('Origin',(-18.9449510801087,-18.9449510801087,0.));
#4498=CARTESIAN_POINT('',(-13.,-20.,0.));
#4499=CARTESIAN_POINT('',(-20.,-13.,0.));
#4500=CARTESIAN_POINT('Ctrl Pts',(-13.,-20.,0.));
#4501=CARTESIAN_POINT('Ctrl Pts',(-13.476168021072,-20.,0.));
#4502=CARTESIAN_POINT('Ctrl Pts',(-13.9522253361128,-19.998706801584,0.));
#4503=CARTESIAN_POINT('Ctrl Pts',(-14.6611234258354,-19.9361654106764,0.));
#4504=CARTESIAN_POINT('Ctrl Pts',(-14.8965835839993,-19.9055152130447,0.));
#4505=CARTESIAN_POINT('Ctrl Pts',(-15.3652965911638,-19.8184304166473,0.));
#4506=CARTESIAN_POINT('Ctrl Pts',(-15.5996173071186,-19.7615599452162,0.));
#4507=CARTESIAN_POINT('Ctrl Pts',(-16.2821376045619,-19.5514706339651,0.));
#4508=CARTESIAN_POINT('Ctrl Pts',(-16.7144510645657,-19.3587449641396,0.));
#4509=CARTESIAN_POINT('Ctrl Pts',(-17.3277621008253,-18.988084182582,0.));
#4510=CARTESIAN_POINT('Ctrl Pts',(-17.5256884561849,-18.8510122505604,0.));
#4511=CARTESIAN_POINT('Ctrl Pts',(-17.8991487449191,-18.557381435231,0.));
#4512=CARTESIAN_POINT('Ctrl Pts',(-18.076125067919,-18.4000072834209,0.));
#4513=CARTESIAN_POINT('Ctrl Pts',(-18.5781657598883,-17.8966125794557,0.));
#4514=CARTESIAN_POINT('Ctrl Pts',(-18.8769123650819,-17.5144772293181,0.));
#4515=CARTESIAN_POINT('Ctrl Pts',(-19.2428118528834,-16.9048165534323,0.));
#4516=CARTESIAN_POINT('Ctrl Pts',(-19.3519650110479,-16.6947900236625,0.));
#4517=CARTESIAN_POINT('Ctrl Pts',(-19.544436399826,-16.2610137339891,0.));
#4518=CARTESIAN_POINT('Ctrl Pts',(-19.6281364328302,-16.0358036723292,0.));
#4519=CARTESIAN_POINT('Ctrl Pts',(-19.8367182945478,-15.3496104871378,0.));
#4520=CARTESIAN_POINT('Ctrl Pts',(-19.9168542848988,-14.8852485872333,0.));
#4521=CARTESIAN_POINT('Ctrl Pts',(-19.998667647106,-13.9473367369013,0.));
#4522=CARTESIAN_POINT('Ctrl Pts',(-20.,-13.4737463823511,0.));
#4523=CARTESIAN_POINT('Ctrl Pts',(-20.,-13.,0.));
#4524=CARTESIAN_POINT('',(-20.,13.,0.));
#4525=CARTESIAN_POINT('',(-20.,-13.,0.));
#4526=CARTESIAN_POINT('',(-13.,20.,-8.13151629364128E-17));
#4527=CARTESIAN_POINT('Ctrl Pts',(-20.,13.,-1.0842021724855E-16));
#4528=CARTESIAN_POINT('Ctrl Pts',(-20.,13.476168021072,-1.0842021724855E-16));
#4529=CARTESIAN_POINT('Ctrl Pts',(-19.998706801584,13.9522253361128,-1.0842021724855E-16));
#4530=CARTESIAN_POINT('Ctrl Pts',(-19.9361654106763,14.6611234258354,-1.0842021724855E-16));
#4531=CARTESIAN_POINT('Ctrl Pts',(-19.9055152130447,14.8965835839993,-1.0842021724855E-16));
#4532=CARTESIAN_POINT('Ctrl Pts',(-19.8184304166473,15.3652965911638,-1.0842021724855E-16));
#4533=CARTESIAN_POINT('Ctrl Pts',(-19.7615599452161,15.5996173071186,-1.0842021724855E-16));
#4534=CARTESIAN_POINT('Ctrl Pts',(-19.5514706339651,16.2821376045619,-1.0842021724855E-16));
#4535=CARTESIAN_POINT('Ctrl Pts',(-19.3587449641395,16.7144510645656,-1.0842021724855E-16));
#4536=CARTESIAN_POINT('Ctrl Pts',(-18.9880841825819,17.3277621008253,-1.0842021724855E-16));
#4537=CARTESIAN_POINT('Ctrl Pts',(-18.8510122505604,17.5256884561849,-1.0842021724855E-16));
#4538=CARTESIAN_POINT('Ctrl Pts',(-18.557381435231,17.899148744919,-1.0842021724855E-16));
#4539=CARTESIAN_POINT('Ctrl Pts',(-18.4000072834209,18.0761250679189,-1.0842021724855E-16));
#4540=CARTESIAN_POINT('Ctrl Pts',(-17.8966125794557,18.5781657598883,-1.0842021724855E-16));
#4541=CARTESIAN_POINT('Ctrl Pts',(-17.5144772293181,18.8769123650819,-1.0842021724855E-16));
#4542=CARTESIAN_POINT('Ctrl Pts',(-16.9048165534323,19.2428118528834,-1.0842021724855E-16));
#4543=CARTESIAN_POINT('Ctrl Pts',(-16.6947900236625,19.3519650110479,-1.0842021724855E-16));
#4544=CARTESIAN_POINT('Ctrl Pts',(-16.2610137339891,19.544436399826,-1.0842021724855E-16));
#4545=CARTESIAN_POINT('Ctrl Pts',(-16.0358036723292,19.6281364328302,-1.0842021724855E-16));
#4546=CARTESIAN_POINT('Ctrl Pts',(-15.3496104871378,19.8367182945478,-1.0842021724855E-16));
#4547=CARTESIAN_POINT('Ctrl Pts',(-14.8852485872333,19.9168542848988,-1.0842021724855E-16));
#4548=CARTESIAN_POINT('Ctrl Pts',(-13.9473367369013,19.998667647106,-1.0842021724855E-16));
#4549=CARTESIAN_POINT('Ctrl Pts',(-13.4737463823511,20.,-1.0842021724855E-16));
#4550=CARTESIAN_POINT('Ctrl Pts',(-13.,20.,-1.0842021724855E-16));
#4551=CARTESIAN_POINT('',(13.,20.,0.));
#4552=CARTESIAN_POINT('',(-13.,20.,0.));
#4553=CARTESIAN_POINT('',(20.,13.,-2.43945488809238E-16));
#4554=CARTESIAN_POINT('Ctrl Pts',(13.,20.,-3.25260651745652E-16));
#4555=CARTESIAN_POINT('Ctrl Pts',(13.476168021072,20.,-3.25260651745652E-16));
#4556=CARTESIAN_POINT('Ctrl Pts',(13.9522253361128,19.998706801584,-3.25260651745652E-16));
#4557=CARTESIAN_POINT('Ctrl Pts',(14.6611234258354,19.9361654106763,-3.25260651745652E-16));
#4558=CARTESIAN_POINT('Ctrl Pts',(14.8965835839993,19.9055152130447,-3.25260651745652E-16));
#4559=CARTESIAN_POINT('Ctrl Pts',(15.3652965911638,19.8184304166472,-3.25260651745652E-16));
#4560=CARTESIAN_POINT('Ctrl Pts',(15.5996173071186,19.7615599452161,-3.25260651745652E-16));
#4561=CARTESIAN_POINT('Ctrl Pts',(16.2821376045618,19.551470633965,-3.25260651745652E-16));
#4562=CARTESIAN_POINT('Ctrl Pts',(16.7144510645656,19.3587449641395,-3.25260651745652E-16));
#4563=CARTESIAN_POINT('Ctrl Pts',(17.3277621008253,18.9880841825819,-3.25260651745652E-16));
#4564=CARTESIAN_POINT('Ctrl Pts',(17.5256884561849,18.8510122505603,-3.25260651745652E-16));
#4565=CARTESIAN_POINT('Ctrl Pts',(17.899148744919,18.5573814352309,-3.25260651745652E-16));
#4566=CARTESIAN_POINT('Ctrl Pts',(18.0761250679188,18.4000072834208,-3.25260651745652E-16));
#4567=CARTESIAN_POINT('Ctrl Pts',(18.5781657598883,17.8966125794556,-3.25260651745652E-16));
#4568=CARTESIAN_POINT('Ctrl Pts',(18.8769123650819,17.5144772293181,-3.25260651745652E-16));
#4569=CARTESIAN_POINT('Ctrl Pts',(19.2428118528834,16.9048165534323,-3.25260651745652E-16));
#4570=CARTESIAN_POINT('Ctrl Pts',(19.3519650110479,16.6947900236625,-3.25260651745652E-16));
#4571=CARTESIAN_POINT('Ctrl Pts',(19.544436399826,16.2610137339891,-3.25260651745652E-16));
#4572=CARTESIAN_POINT('Ctrl Pts',(19.6281364328302,16.0358036723292,-3.25260651745652E-16));
#4573=CARTESIAN_POINT('Ctrl Pts',(19.8367182945478,15.3496104871378,-3.25260651745652E-16));
#4574=CARTESIAN_POINT('Ctrl Pts',(19.9168542848988,14.8852485872333,-3.25260651745652E-16));
#4575=CARTESIAN_POINT('Ctrl Pts',(19.998667647106,13.9473367369013,-3.25260651745652E-16));
#4576=CARTESIAN_POINT('Ctrl Pts',(20.,13.4737463823511,-3.25260651745652E-16));
#4577=CARTESIAN_POINT('Ctrl Pts',(20.,13.,-3.25260651745652E-16));
#4578=CARTESIAN_POINT('',(20.,-13.,0.));
#4579=CARTESIAN_POINT('',(20.,-13.,0.));
#4580=CARTESIAN_POINT('',(13.,-20.,-8.13151629364128E-17));
#4581=CARTESIAN_POINT('Ctrl Pts',(20.,-13.,-1.0842021724855E-16));
#4582=CARTESIAN_POINT('Ctrl Pts',(20.,-13.476168021072,-1.0842021724855E-16));
#4583=CARTESIAN_POINT('Ctrl Pts',(19.998706801584,-13.9522253361128,-1.0842021724855E-16));
#4584=CARTESIAN_POINT('Ctrl Pts',(19.9361654106763,-14.6611234258354,-1.0842021724855E-16));
#4585=CARTESIAN_POINT('Ctrl Pts',(19.9055152130447,-14.8965835839993,-1.0842021724855E-16));
#4586=CARTESIAN_POINT('Ctrl Pts',(19.8184304166473,-15.3652965911638,-1.0842021724855E-16));
#4587=CARTESIAN_POINT('Ctrl Pts',(19.7615599452161,-15.5996173071186,-1.0842021724855E-16));
#4588=CARTESIAN_POINT('Ctrl Pts',(19.5514706339651,-16.2821376045618,-1.0842021724855E-16));
#4589=CARTESIAN_POINT('Ctrl Pts',(19.3587449641396,-16.7144510645657,-1.0842021724855E-16));
#4590=CARTESIAN_POINT('Ctrl Pts',(18.9880841825819,-17.3277621008253,-1.0842021724855E-16));
#4591=CARTESIAN_POINT('Ctrl Pts',(18.8510122505603,-17.5256884561849,-1.0842021724855E-16));
#4592=CARTESIAN_POINT('Ctrl Pts',(18.557381435231,-17.8991487449191,-1.0842021724855E-16));
#4593=CARTESIAN_POINT('Ctrl Pts',(18.4000072834209,-18.0761250679189,-1.0842021724855E-16));
#4594=CARTESIAN_POINT('Ctrl Pts',(17.8966125794557,-18.5781657598883,-1.0842021724855E-16));
#4595=CARTESIAN_POINT('Ctrl Pts',(17.5144772293181,-18.8769123650819,-1.0842021724855E-16));
#4596=CARTESIAN_POINT('Ctrl Pts',(16.9048165534323,-19.2428118528834,-1.0842021724855E-16));
#4597=CARTESIAN_POINT('Ctrl Pts',(16.6947900236625,-19.3519650110479,-1.0842021724855E-16));
#4598=CARTESIAN_POINT('Ctrl Pts',(16.2610137339891,-19.544436399826,-1.0842021724855E-16));
#4599=CARTESIAN_POINT('Ctrl Pts',(16.0358036723292,-19.6281364328302,-1.0842021724855E-16));
#4600=CARTESIAN_POINT('Ctrl Pts',(15.3496104871378,-19.8367182945478,-1.0842021724855E-16));
#4601=CARTESIAN_POINT('Ctrl Pts',(14.8852485872333,-19.9168542848988,-1.0842021724855E-16));
#4602=CARTESIAN_POINT('Ctrl Pts',(13.9473367369013,-19.998667647106,-1.0842021724855E-16));
#4603=CARTESIAN_POINT('Ctrl Pts',(13.4737463823511,-20.,-1.0842021724855E-16));
#4604=CARTESIAN_POINT('Ctrl Pts',(13.,-20.,-1.0842021724855E-16));
#4605=CARTESIAN_POINT('',(-13.,-20.,0.));
#4606=CARTESIAN_POINT('Ctrl Pts',(-13.,21.,-8.9));
#4607=CARTESIAN_POINT('Ctrl Pts',(-13.,21.,1.66));
#4608=CARTESIAN_POINT('Ctrl Pts',(-15.4895373825391,21.,-8.9));
#4609=CARTESIAN_POINT('Ctrl Pts',(-15.4895373825391,21.,1.66));
#4610=CARTESIAN_POINT('Ctrl Pts',(-17.9790747650782,21.,-8.9));
#4611=CARTESIAN_POINT('Ctrl Pts',(-17.9790747650782,21.,1.66));
#4612=CARTESIAN_POINT('Ctrl Pts',(-21.,17.9790747650782,-8.9));
#4613=CARTESIAN_POINT('Ctrl Pts',(-21.,17.9790747650782,1.66));
#4614=CARTESIAN_POINT('Ctrl Pts',(-21.,15.4895373825391,-8.9));
#4615=CARTESIAN_POINT('Ctrl Pts',(-21.,15.4895373825391,1.66));
#4616=CARTESIAN_POINT('Ctrl Pts',(-21.,13.,-8.9));
#4617=CARTESIAN_POINT('Ctrl Pts',(-21.,13.,1.66));
#4618=CARTESIAN_POINT('',(-21.,13.,-8.9));
#4619=CARTESIAN_POINT('',(-21.,13.,-8.9));
#4620=CARTESIAN_POINT('',(-13.,21.,-8.9));
#4621=CARTESIAN_POINT('',(-13.,21.,-8.9));
#4622=CARTESIAN_POINT('Ctrl Pts',(-21.,13.,-8.9));
#4623=CARTESIAN_POINT('Ctrl Pts',(-21.,13.1007112069118,-8.9));
#4624=CARTESIAN_POINT('Ctrl Pts',(-20.9999962573496,13.2014247163198,-8.9));
#4625=CARTESIAN_POINT('Ctrl Pts',(-20.9995793302385,13.3022026110819,-8.9));
#4626=CARTESIAN_POINT('Ctrl Pts',(-20.9991574047992,13.4041886810225,-8.9));
#4627=CARTESIAN_POINT('Ctrl Pts',(-20.9983123631874,13.5062406191708,-8.9));
#4628=CARTESIAN_POINT('Ctrl Pts',(-20.996665556095,13.6083950908242,-8.9));
#4629=CARTESIAN_POINT('Ctrl Pts',(-20.9949978234841,13.7118476108709,-8.9));
#4630=CARTESIAN_POINT('Ctrl Pts',(-20.9925078568175,13.8154052105897,-8.9));
#4631=CARTESIAN_POINT('Ctrl Pts',(-20.9888484416739,13.9190788625312,-8.9));
#4632=CARTESIAN_POINT('Ctrl Pts',(-20.9851395847145,14.02415323382,-8.9));
#4633=CARTESIAN_POINT('Ctrl Pts',(-20.9802295039773,14.1293467313853,-8.9));
#4634=CARTESIAN_POINT('Ctrl Pts',(-20.9738031660526,14.2346443149451,-8.9));
#4635=CARTESIAN_POINT('Ctrl Pts',(-20.9672841862153,14.341459865603,-8.9));
#4636=CARTESIAN_POINT('Ctrl Pts',(-20.9592049585855,14.4483824336459,-8.9));
#4637=CARTESIAN_POINT('Ctrl Pts',(-20.9492835049742,14.5553705916948,-8.9));
#4638=CARTESIAN_POINT('Ctrl Pts',(-20.9392088597403,14.6640106941239,-8.9));
#4639=CARTESIAN_POINT('Ctrl Pts',(-20.9272347038012,14.7727183266736,-8.9));
#4640=CARTESIAN_POINT('Ctrl Pts',(-20.913113148282,14.8814252350388,-8.9));
#4641=CARTESIAN_POINT('Ctrl Pts',(-20.8986280911273,14.9929303577313,-8.9));
#4642=CARTESIAN_POINT('Ctrl Pts',(-20.8818836364123,15.1044346380368,-8.9));
#4643=CARTESIAN_POINT('Ctrl Pts',(-20.862661654436,15.2158397717669,-8.9));
#4644=CARTESIAN_POINT('Ctrl Pts',(-20.8430861409143,15.3292938736596,-8.9));
#4645=CARTESIAN_POINT('Ctrl Pts',(-20.8209411803025,15.442645016165,-8.9));
#4646=CARTESIAN_POINT('Ctrl Pts',(-20.7960466672198,15.5557658116482,-8.9));
#4647=CARTESIAN_POINT('Ctrl Pts',(-20.7706545760261,15.6711476046275,-8.9));
#4648=CARTESIAN_POINT('Ctrl Pts',(-20.7424019779106,15.7862895989248,-8.9));
#4649=CARTESIAN_POINT('Ctrl Pts',(-20.7111487749622,15.9010344930391,-8.9));
#4650=CARTESIAN_POINT('Ctrl Pts',(-20.679213502147,16.0182835795961,-8.9));
#4651=CARTESIAN_POINT('Ctrl Pts',(-20.6441452890295,16.1351178680729,-8.9));
#4652=CARTESIAN_POINT('Ctrl Pts',(-20.6058465091256,16.2513491676246,-8.9));
#4653=CARTESIAN_POINT('Ctrl Pts',(-20.566631234998,16.3703618955908,-8.9));
#4654=CARTESIAN_POINT('Ctrl Pts',(-20.524029001959,16.4887422219549,-8.9));
#4655=CARTESIAN_POINT('Ctrl Pts',(-20.4779877497734,16.6062699453291,-8.9));
#4656=CARTESIAN_POINT('Ctrl Pts',(-20.4307351719884,16.726889772701,-8.9));
#4657=CARTESIAN_POINT('Ctrl Pts',(-20.3798603234927,16.846611292859,-8.9));
#4658=CARTESIAN_POINT('Ctrl Pts',(-20.3253606245452,16.965181074112,-8.9));
#4659=CARTESIAN_POINT('Ctrl Pts',(-20.2692863383611,17.0871765341819,-8.9));
#4660=CARTESIAN_POINT('Ctrl Pts',(-20.2093748279279,17.2079524340372,-8.9));
#4661=CARTESIAN_POINT('Ctrl Pts',(-20.1456779281791,17.327220969782,-8.9));
#4662=CARTESIAN_POINT('Ctrl Pts',(-20.0799803303095,17.4502356899767,-8.9));
#4663=CARTESIAN_POINT('Ctrl Pts',(-20.0102559546622,17.5716464796717,-8.9));
#4664=CARTESIAN_POINT('Ctrl Pts',(-19.9366170926528,17.6911306053142,-8.9));
#4665=CARTESIAN_POINT('Ctrl Pts',(-19.8605390074644,17.8145725385713,-8.9));
#4666=CARTESIAN_POINT('Ctrl Pts',(-19.7802830123208,17.9359575615564,-8.9));
#4667=CARTESIAN_POINT('Ctrl Pts',(-19.6960285594133,18.0549293379768,-8.9));
#4668=CARTESIAN_POINT('Ctrl Pts',(-19.6090519388114,18.1777449602134,-8.9));
#4669=CARTESIAN_POINT('Ctrl Pts',(-19.5178146139137,18.2979882524467,-8.9));
#4670=CARTESIAN_POINT('Ctrl Pts',(-19.4225684558576,18.4152754326499,-8.9));
#4671=CARTESIAN_POINT('Ctrl Pts',(-19.3240681730649,18.5365697783091,-8.9));
#4672=CARTESIAN_POINT('Ctrl Pts',(-19.2212808525431,18.6547017715804,-8.9));
#4673=CARTESIAN_POINT('Ctrl Pts',(-19.1145369878533,18.7692666497405,-8.9));
#4674=CARTESIAN_POINT('Ctrl Pts',(-19.0076681787725,18.8839656268388,-8.9));
#4675=CARTESIAN_POINT('Ctrl Pts',(-18.8968342753583,18.9950884014486,-8.9));
#4676=CARTESIAN_POINT('Ctrl Pts',(-18.7824091531373,19.102259698964,-8.9));
#4677=CARTESIAN_POINT('Ctrl Pts',(-18.6698968558336,19.2076394324912,-8.9));
#4678=CARTESIAN_POINT('Ctrl Pts',(-18.5539131730742,19.3091981230931,-8.9));
#4679=CARTESIAN_POINT('Ctrl Pts',(-18.4348431412642,19.4066183880842,-8.9));
#4680=CARTESIAN_POINT('Ctrl Pts',(-18.3191082114351,19.5013099520428,-8.9));
#4681=CARTESIAN_POINT('Ctrl Pts',(-18.2004580953185,19.5920912828403,-8.9));
#4682=CARTESIAN_POINT('Ctrl Pts',(-18.0792639007591,19.6787153336117,-8.9));
#4683=CARTESIAN_POINT('Ctrl Pts',(-17.9619445609983,19.762569815923,-8.9));
#4684=CARTESIAN_POINT('Ctrl Pts',(-17.8422417820393,19.8425283440808,-8.9));
#4685=CARTESIAN_POINT('Ctrl Pts',(-17.7204998697077,19.9184136484739,-8.9));
#4686=CARTESIAN_POINT('Ctrl Pts',(-17.602611649298,19.9918968336714,-8.9));
#4687=CARTESIAN_POINT('Ctrl Pts',(-17.4828117894594,20.0615604060012,-8.9));
#4688=CARTESIAN_POINT('Ctrl Pts',(-17.361413054893,20.1272911820763,-8.9));
#4689=CARTESIAN_POINT('Ctrl Pts',(-17.2436086292671,20.191075836415,-8.9));
#4690=CARTESIAN_POINT('Ctrl Pts',(-17.1242989542109,20.2511569934553,-8.9));
#4691=CARTESIAN_POINT('Ctrl Pts',(-17.0037642727435,20.3074792220242,-8.9));
#4692=CARTESIAN_POINT('Ctrl Pts',(-16.8864973051464,20.3622745462593,-8.9));
#4693=CARTESIAN_POINT('Ctrl Pts',(-16.7680711331385,20.4135118838639,-8.9));
#4694=CARTESIAN_POINT('Ctrl Pts',(-16.6487339240336,20.4611880568998,-8.9));
#4695=CARTESIAN_POINT('Ctrl Pts',(-16.5323415233461,20.5076877553329,-8.9));
#4696=CARTESIAN_POINT('Ctrl Pts',(-16.4150827254439,20.5507997861425,-8.9));
#4697=CARTESIAN_POINT('Ctrl Pts',(-16.2971745024181,20.5905687896232,-8.9));
#4698=CARTESIAN_POINT('Ctrl Pts',(-16.1819164257541,20.6294439311052,-8.9));
#4699=CARTESIAN_POINT('Ctrl Pts',(-16.0660379847155,20.6651245590226,-8.9));
#4700=CARTESIAN_POINT('Ctrl Pts',(-15.9497258905243,20.6976996248942,-8.9));
#4701=CARTESIAN_POINT('Ctrl Pts',(-15.8358032604745,20.7296054830421,-8.9));
#4702=CARTESIAN_POINT('Ctrl Pts',(-15.7214647790098,20.7585320004517,-8.9));
#4703=CARTESIAN_POINT('Ctrl Pts',(-15.6068677531067,20.7846096649622,-8.9));
#4704=CARTESIAN_POINT('Ctrl Pts',(-15.4954583808848,20.8099619479663,-8.9));
#4705=CARTESIAN_POINT('Ctrl Pts',(-15.3838047581683,20.8326216748111,-8.9));
#4706=CARTESIAN_POINT('Ctrl Pts',(-15.272032137283,20.8527538351307,-8.9));
#4707=CARTESIAN_POINT('Ctrl Pts',(-15.1620087824675,20.8725709227189,-8.9));
#4708=CARTESIAN_POINT('Ctrl Pts',(-15.0518702536874,20.8899388737807,-8.9));
#4709=CARTESIAN_POINT('Ctrl Pts',(-14.9417152521398,20.9050598860853,-8.9));
#4710=CARTESIAN_POINT('Ctrl Pts',(-14.8331692191539,20.9199600347607,-8.9));
#4711=CARTESIAN_POINT('Ctrl Pts',(-14.7246073068221,20.9326783450159,-8.9));
#4712=CARTESIAN_POINT('Ctrl Pts',(-14.6161018329482,20.9434530883944,-8.9));
#4713=CARTESIAN_POINT('Ctrl Pts',(-14.5090810030223,20.9540804045788,-8.9));
#4714=CARTESIAN_POINT('Ctrl Pts',(-14.4021151825779,20.9628169210635,-8.9));
#4715=CARTESIAN_POINT('Ctrl Pts',(-14.295250453294,20.9699360275987,-8.9));
#4716=CARTESIAN_POINT('Ctrl Pts',(-14.1868725296572,20.9771559400021,-8.9));
#4717=CARTESIAN_POINT('Ctrl Pts',(-14.0785988060708,20.9827120355907,-8.9));
#4718=CARTESIAN_POINT('Ctrl Pts',(-13.9704505623225,20.9869386553088,-8.9));
#4719=CARTESIAN_POINT('Ctrl Pts',(-13.8670331600514,20.9909803855902,-8.9));
#4720=CARTESIAN_POINT('Ctrl Pts',(-13.7637304505902,20.993806605442,-8.9));
#4721=CARTESIAN_POINT('Ctrl Pts',(-13.6605358654552,20.9957541275579,-8.9));
#4722=CARTESIAN_POINT('Ctrl Pts',(-13.5583339913695,20.9976829149047,-8.9));
#4723=CARTESIAN_POINT('Ctrl Pts',(-13.4562382586586,20.998749771179,-8.9));
#4724=CARTESIAN_POINT('Ctrl Pts',(-13.3542165361108,20.9993258551931,-8.9));
#4725=CARTESIAN_POINT('Ctrl Pts',(-13.2534846601833,20.9998946558563,-8.9));
#4726=CARTESIAN_POINT('Ctrl Pts',(-13.1528250002571,20.9999849869536,-8.9));
#4727=CARTESIAN_POINT('Ctrl Pts',(-13.052180295683,20.9999977848583,-8.9));
#4728=CARTESIAN_POINT('Ctrl Pts',(-13.034786609121,20.9999999966263,-8.9));
#4729=CARTESIAN_POINT('Ctrl Pts',(-13.0173933035143,21.,-8.9));
#4730=CARTESIAN_POINT('Ctrl Pts',(-13.,21.,-8.9));
#4731=CARTESIAN_POINT('Origin',(-21.,-13.,-68.3969696196701));
#4732=CARTESIAN_POINT('',(-21.,-13.,-8.9));
#4733=CARTESIAN_POINT('',(-21.,-13.,-0.0999999999999994));
#4734=CARTESIAN_POINT('',(-21.,13.,-8.9));
#4735=CARTESIAN_POINT('Ctrl Pts',(-21.,-13.,-8.9));
#4736=CARTESIAN_POINT('Ctrl Pts',(-21.,-13.,1.66));
#4737=CARTESIAN_POINT('Ctrl Pts',(-21.,-15.4895373825391,-8.9));
#4738=CARTESIAN_POINT('Ctrl Pts',(-21.,-15.4895373825391,1.66));
#4739=CARTESIAN_POINT('Ctrl Pts',(-21.,-17.9790747650783,-8.9));
#4740=CARTESIAN_POINT('Ctrl Pts',(-21.,-17.9790747650783,1.66));
#4741=CARTESIAN_POINT('Ctrl Pts',(-17.9790747650783,-21.,-8.9));
#4742=CARTESIAN_POINT('Ctrl Pts',(-17.9790747650783,-21.,1.66));
#4743=CARTESIAN_POINT('Ctrl Pts',(-15.4895373825391,-21.,-8.9));
#4744=CARTESIAN_POINT('Ctrl Pts',(-15.4895373825391,-21.,1.66));
#4745=CARTESIAN_POINT('Ctrl Pts',(-13.,-21.,-8.9));
#4746=CARTESIAN_POINT('Ctrl Pts',(-13.,-21.,1.66));
#4747=CARTESIAN_POINT('',(-13.,-21.,-8.9));
#4748=CARTESIAN_POINT('',(-13.,-21.,-0.100000000000003));
#4749=CARTESIAN_POINT('Ctrl Pts',(-13.,-21.,-8.9));
#4750=CARTESIAN_POINT('Ctrl Pts',(-13.1007112069118,-21.,-8.9));
#4751=CARTESIAN_POINT('Ctrl Pts',(-13.2014247163197,-20.9999962573496,-8.9));
#4752=CARTESIAN_POINT('Ctrl Pts',(-13.3022026110817,-20.9995793302385,-8.9));
#4753=CARTESIAN_POINT('Ctrl Pts',(-13.4041886810224,-20.9991574047992,-8.9));
#4754=CARTESIAN_POINT('Ctrl Pts',(-13.5062406191707,-20.9983123631874,-8.9));
#4755=CARTESIAN_POINT('Ctrl Pts',(-13.6083950908241,-20.996665556095,-8.9));
#4756=CARTESIAN_POINT('Ctrl Pts',(-13.711847610871,-20.9949978234841,-8.9));
#4757=CARTESIAN_POINT('Ctrl Pts',(-13.81540521059,-20.9925078568175,-8.9));
#4758=CARTESIAN_POINT('Ctrl Pts',(-13.9190788625316,-20.9888484416738,-8.9));
#4759=CARTESIAN_POINT('Ctrl Pts',(-14.0241532338205,-20.9851395847145,-8.9));
#4760=CARTESIAN_POINT('Ctrl Pts',(-14.1293467313857,-20.9802295039772,-8.9));
#4761=CARTESIAN_POINT('Ctrl Pts',(-14.2346443149456,-20.9738031660526,-8.9));
#4762=CARTESIAN_POINT('Ctrl Pts',(-14.3414598656034,-20.9672841862153,-8.9));
#4763=CARTESIAN_POINT('Ctrl Pts',(-14.4483824336462,-20.9592049585855,-8.9));
#4764=CARTESIAN_POINT('Ctrl Pts',(-14.5553705916949,-20.9492835049742,-8.9));
#4765=CARTESIAN_POINT('Ctrl Pts',(-14.6640106941241,-20.9392088597403,-8.9));
#4766=CARTESIAN_POINT('Ctrl Pts',(-14.7727183266737,-20.9272347038012,-8.9));
#4767=CARTESIAN_POINT('Ctrl Pts',(-14.8814252350388,-20.913113148282,-8.9));
#4768=CARTESIAN_POINT('Ctrl Pts',(-14.9929303577313,-20.8986280911273,-8.9));
#4769=CARTESIAN_POINT('Ctrl Pts',(-15.1044346380368,-20.8818836364123,-8.9));
#4770=CARTESIAN_POINT('Ctrl Pts',(-15.215839771767,-20.862661654436,-8.9));
#4771=CARTESIAN_POINT('Ctrl Pts',(-15.3292938736597,-20.8430861409143,-8.9));
#4772=CARTESIAN_POINT('Ctrl Pts',(-15.4426450161651,-20.8209411803024,-8.9));
#4773=CARTESIAN_POINT('Ctrl Pts',(-15.5557658116484,-20.7960466672198,-8.9));
#4774=CARTESIAN_POINT('Ctrl Pts',(-15.6711476046278,-20.770654576026,-8.9));
#4775=CARTESIAN_POINT('Ctrl Pts',(-15.7862895989251,-20.7424019779106,-8.9));
#4776=CARTESIAN_POINT('Ctrl Pts',(-15.9010344930394,-20.7111487749621,-8.9));
#4777=CARTESIAN_POINT('Ctrl Pts',(-16.0182835795964,-20.6792135021469,-8.9));
#4778=CARTESIAN_POINT('Ctrl Pts',(-16.1351178680732,-20.6441452890294,-8.9));
#4779=CARTESIAN_POINT('Ctrl Pts',(-16.251349167625,-20.6058465091255,-8.9));
#4780=CARTESIAN_POINT('Ctrl Pts',(-16.3703618955912,-20.5666312349979,-8.9));
#4781=CARTESIAN_POINT('Ctrl Pts',(-16.4887422219553,-20.5240290019589,-8.9));
#4782=CARTESIAN_POINT('Ctrl Pts',(-16.6062699453295,-20.4779877497732,-8.9));
#4783=CARTESIAN_POINT('Ctrl Pts',(-16.7268897727014,-20.4307351719883,-8.9));
#4784=CARTESIAN_POINT('Ctrl Pts',(-16.8466112928594,-20.3798603234925,-8.9));
#4785=CARTESIAN_POINT('Ctrl Pts',(-16.9651810741124,-20.325360624545,-8.9));
#4786=CARTESIAN_POINT('Ctrl Pts',(-17.0871765341824,-20.2692863383609,-8.9));
#4787=CARTESIAN_POINT('Ctrl Pts',(-17.2079524340377,-20.2093748279277,-8.9));
#4788=CARTESIAN_POINT('Ctrl Pts',(-17.3272209697826,-20.1456779281789,-8.9));
#4789=CARTESIAN_POINT('Ctrl Pts',(-17.4502356899772,-20.0799803303092,-8.9));
#4790=CARTESIAN_POINT('Ctrl Pts',(-17.5716464796722,-20.010255954662,-8.9));
#4791=CARTESIAN_POINT('Ctrl Pts',(-17.6911306053147,-19.9366170926526,-8.9));
#4792=CARTESIAN_POINT('Ctrl Pts',(-17.8145725385718,-19.8605390074641,-8.9));
#4793=CARTESIAN_POINT('Ctrl Pts',(-17.935957561557,-19.7802830123205,-8.9));
#4794=CARTESIAN_POINT('Ctrl Pts',(-18.0549293379773,-19.696028559413,-8.9));
#4795=CARTESIAN_POINT('Ctrl Pts',(-18.177744960214,-19.6090519388111,-8.9));
#4796=CARTESIAN_POINT('Ctrl Pts',(-18.2979882524472,-19.5178146139134,-8.9));
#4797=CARTESIAN_POINT('Ctrl Pts',(-18.4152754326504,-19.4225684558572,-8.9));
#4798=CARTESIAN_POINT('Ctrl Pts',(-18.5365697783096,-19.3240681730645,-8.9));
#4799=CARTESIAN_POINT('Ctrl Pts',(-18.6547017715809,-19.2212808525427,-8.9));
#4800=CARTESIAN_POINT('Ctrl Pts',(-18.769266649741,-19.1145369878529,-8.9));
#4801=CARTESIAN_POINT('Ctrl Pts',(-18.8839656268393,-19.0076681787721,-8.9));
#4802=CARTESIAN_POINT('Ctrl Pts',(-18.995088401449,-18.896834275358,-8.9));
#4803=CARTESIAN_POINT('Ctrl Pts',(-19.1022596989644,-18.7824091531369,-8.9));
#4804=CARTESIAN_POINT('Ctrl Pts',(-19.2076394324916,-18.6698968558333,-8.9));
#4805=CARTESIAN_POINT('Ctrl Pts',(-19.3091981230935,-18.5539131730738,-8.9));
#4806=CARTESIAN_POINT('Ctrl Pts',(-19.4066183880846,-18.4348431412638,-8.9));
#4807=CARTESIAN_POINT('Ctrl Pts',(-19.5013099520432,-18.3191082114348,-8.9));
#4808=CARTESIAN_POINT('Ctrl Pts',(-19.5920912828406,-18.2004580953182,-8.9));
#4809=CARTESIAN_POINT('Ctrl Pts',(-19.678715333612,-18.0792639007587,-8.9));
#4810=CARTESIAN_POINT('Ctrl Pts',(-19.7625698159233,-17.9619445609979,-8.9));
#4811=CARTESIAN_POINT('Ctrl Pts',(-19.842528344081,-17.842241782039,-8.9));
#4812=CARTESIAN_POINT('Ctrl Pts',(-19.9184136484742,-17.7204998697074,-8.9));
#4813=CARTESIAN_POINT('Ctrl Pts',(-19.9918968336716,-17.6026116492977,-8.9));
#4814=CARTESIAN_POINT('Ctrl Pts',(-20.0615604060014,-17.4828117894591,-8.9));
#4815=CARTESIAN_POINT('Ctrl Pts',(-20.1272911820765,-17.3614130548926,-8.9));
#4816=CARTESIAN_POINT('Ctrl Pts',(-20.1910758364152,-17.2436086292669,-8.9));
#4817=CARTESIAN_POINT('Ctrl Pts',(-20.2511569934555,-17.1242989542107,-8.9));
#4818=CARTESIAN_POINT('Ctrl Pts',(-20.3074792220243,-17.0037642727433,-8.9));
#4819=CARTESIAN_POINT('Ctrl Pts',(-20.3622745462594,-16.8864973051462,-8.9));
#4820=CARTESIAN_POINT('Ctrl Pts',(-20.4135118838641,-16.7680711331383,-8.9));
#4821=CARTESIAN_POINT('Ctrl Pts',(-20.4611880568999,-16.6487339240333,-8.9));
#4822=CARTESIAN_POINT('Ctrl Pts',(-20.507687755333,-16.5323415233458,-8.9));
#4823=CARTESIAN_POINT('Ctrl Pts',(-20.5507997861426,-16.4150827254436,-8.9));
#4824=CARTESIAN_POINT('Ctrl Pts',(-20.5905687896233,-16.2971745024178,-8.9));
#4825=CARTESIAN_POINT('Ctrl Pts',(-20.6294439311053,-16.1819164257538,-8.9));
#4826=CARTESIAN_POINT('Ctrl Pts',(-20.6651245590227,-16.0660379847152,-8.9));
#4827=CARTESIAN_POINT('Ctrl Pts',(-20.6976996248943,-15.949725890524,-8.9));
#4828=CARTESIAN_POINT('Ctrl Pts',(-20.7296054830422,-15.8358032604741,-8.9));
#4829=CARTESIAN_POINT('Ctrl Pts',(-20.7585320004518,-15.7214647790094,-8.9));
#4830=CARTESIAN_POINT('Ctrl Pts',(-20.7846096649623,-15.6068677531063,-8.9));
#4831=CARTESIAN_POINT('Ctrl Pts',(-20.8099619479664,-15.4954583808844,-8.9));
#4832=CARTESIAN_POINT('Ctrl Pts',(-20.8326216748112,-15.3838047581679,-8.9));
#4833=CARTESIAN_POINT('Ctrl Pts',(-20.8527538351308,-15.2720321372826,-8.9));
#4834=CARTESIAN_POINT('Ctrl Pts',(-20.872570922719,-15.1620087824671,-8.9));
#4835=CARTESIAN_POINT('Ctrl Pts',(-20.8899388737808,-15.051870253687,-8.9));
#4836=CARTESIAN_POINT('Ctrl Pts',(-20.9050598860854,-14.9417152521394,-8.9));
#4837=CARTESIAN_POINT('Ctrl Pts',(-20.9199600347607,-14.8331692191535,-8.9));
#4838=CARTESIAN_POINT('Ctrl Pts',(-20.9326783450159,-14.7246073068217,-8.9));
#4839=CARTESIAN_POINT('Ctrl Pts',(-20.9434530883944,-14.6161018329478,-8.9));
#4840=CARTESIAN_POINT('Ctrl Pts',(-20.9540804045789,-14.5090810030219,-8.9));
#4841=CARTESIAN_POINT('Ctrl Pts',(-20.9628169210635,-14.4021151825775,-8.9));
#4842=CARTESIAN_POINT('Ctrl Pts',(-20.9699360275988,-14.2952504532936,-8.9));
#4843=CARTESIAN_POINT('Ctrl Pts',(-20.9771559400022,-14.1868725296568,-8.9));
#4844=CARTESIAN_POINT('Ctrl Pts',(-20.9827120355907,-14.0785988060704,-8.9));
#4845=CARTESIAN_POINT('Ctrl Pts',(-20.9869386553088,-13.9704505623222,-8.9));
#4846=CARTESIAN_POINT('Ctrl Pts',(-20.9909803855902,-13.8670331600511,-8.9));
#4847=CARTESIAN_POINT('Ctrl Pts',(-20.993806605442,-13.7637304505898,-8.9));
#4848=CARTESIAN_POINT('Ctrl Pts',(-20.9957541275579,-13.6605358654549,-8.9));
#4849=CARTESIAN_POINT('Ctrl Pts',(-20.9976829149048,-13.5583339913692,-8.9));
#4850=CARTESIAN_POINT('Ctrl Pts',(-20.998749771179,-13.4562382586582,-8.9));
#4851=CARTESIAN_POINT('Ctrl Pts',(-20.9993258551931,-13.3542165361104,-8.9));
#4852=CARTESIAN_POINT('Ctrl Pts',(-20.9998946558563,-13.253484660183,-8.9));
#4853=CARTESIAN_POINT('Ctrl Pts',(-20.9999849869536,-13.1528250002567,-8.9));
#4854=CARTESIAN_POINT('Ctrl Pts',(-20.9999977848583,-13.0521802956826,-8.9));
#4855=CARTESIAN_POINT('Ctrl Pts',(-20.9999999966263,-13.0347866091207,-8.9));
#4856=CARTESIAN_POINT('Ctrl Pts',(-21.,-13.0173933035141,-8.9));
#4857=CARTESIAN_POINT('Ctrl Pts',(-21.,-13.,-8.9));
#4858=CARTESIAN_POINT('Origin',(13.,-21.,-68.3969696196701));
#4859=CARTESIAN_POINT('',(13.,-21.,-8.9));
#4860=CARTESIAN_POINT('',(13.,-21.,-0.0999999999999994));
#4861=CARTESIAN_POINT('',(-13.,-21.,-8.9));
#4862=CARTESIAN_POINT('Ctrl Pts',(13.,-21.,-8.9));
#4863=CARTESIAN_POINT('Ctrl Pts',(13.,-21.,1.66));
#4864=CARTESIAN_POINT('Ctrl Pts',(15.4895373825391,-21.,-8.9));
#4865=CARTESIAN_POINT('Ctrl Pts',(15.4895373825391,-21.,1.66));
#4866=CARTESIAN_POINT('Ctrl Pts',(17.9790747650781,-21.,-8.9));
#4867=CARTESIAN_POINT('Ctrl Pts',(17.9790747650781,-21.,1.66));
#4868=CARTESIAN_POINT('Ctrl Pts',(21.,-17.9790747650783,-8.9));
#4869=CARTESIAN_POINT('Ctrl Pts',(21.,-17.9790747650783,1.66));
#4870=CARTESIAN_POINT('Ctrl Pts',(21.,-15.4895373825391,-8.9));
#4871=CARTESIAN_POINT('Ctrl Pts',(21.,-15.4895373825391,1.66));
#4872=CARTESIAN_POINT('Ctrl Pts',(21.,-13.,-8.9));
#4873=CARTESIAN_POINT('Ctrl Pts',(21.,-13.,1.66));
#4874=CARTESIAN_POINT('',(21.,-13.,-8.9));
#4875=CARTESIAN_POINT('',(21.,-13.,-0.100000000000003));
#4876=CARTESIAN_POINT('Ctrl Pts',(21.,-13.,-8.9));
#4877=CARTESIAN_POINT('Ctrl Pts',(21.,-13.1007112069118,-8.9));
#4878=CARTESIAN_POINT('Ctrl Pts',(20.9999962573496,-13.2014247163197,-8.9));
#4879=CARTESIAN_POINT('Ctrl Pts',(20.9995793302385,-13.3022026110817,-8.9));
#4880=CARTESIAN_POINT('Ctrl Pts',(20.9991574047992,-13.4041886810225,-8.9));
#4881=CARTESIAN_POINT('Ctrl Pts',(20.9983123631874,-13.506240619171,-8.9));
#4882=CARTESIAN_POINT('Ctrl Pts',(20.996665556095,-13.6083950908246,-8.9));
#4883=CARTESIAN_POINT('Ctrl Pts',(20.994997823484,-13.7118476108713,-8.9));
#4884=CARTESIAN_POINT('Ctrl Pts',(20.9925078568175,-13.8154052105902,-8.9));
#4885=CARTESIAN_POINT('Ctrl Pts',(20.9888484416738,-13.9190788625317,-8.9));
#4886=CARTESIAN_POINT('Ctrl Pts',(20.9851395847145,-14.0241532338204,-8.9));
#4887=CARTESIAN_POINT('Ctrl Pts',(20.9802295039773,-14.1293467313854,-8.9));
#4888=CARTESIAN_POINT('Ctrl Pts',(20.9738031660526,-14.234644314945,-8.9));
#4889=CARTESIAN_POINT('Ctrl Pts',(20.9672841862154,-14.3414598656027,-8.9));
#4890=CARTESIAN_POINT('Ctrl Pts',(20.9592049585856,-14.4483824336454,-8.9));
#4891=CARTESIAN_POINT('Ctrl Pts',(20.9492835049743,-14.555370591694,-8.9));
#4892=CARTESIAN_POINT('Ctrl Pts',(20.9392088597404,-14.6640106941231,-8.9));
#4893=CARTESIAN_POINT('Ctrl Pts',(20.9272347038013,-14.7727183266727,-8.9));
#4894=CARTESIAN_POINT('Ctrl Pts',(20.9131131482821,-14.8814252350379,-8.9));
#4895=CARTESIAN_POINT('Ctrl Pts',(20.8986280911275,-14.9929303577304,-8.9));
#4896=CARTESIAN_POINT('Ctrl Pts',(20.8818836364124,-15.1044346380359,-8.9));
#4897=CARTESIAN_POINT('Ctrl Pts',(20.8626616544361,-15.2158397717661,-8.9));
#4898=CARTESIAN_POINT('Ctrl Pts',(20.8430861409145,-15.3292938736588,-8.9));
#4899=CARTESIAN_POINT('Ctrl Pts',(20.8209411803026,-15.4426450161641,-8.9));
#4900=CARTESIAN_POINT('Ctrl Pts',(20.79604666722,-15.5557658116474,-8.9));
#4901=CARTESIAN_POINT('Ctrl Pts',(20.7706545760263,-15.6711476046267,-8.9));
#4902=CARTESIAN_POINT('Ctrl Pts',(20.7424019779108,-15.7862895989241,-8.9));
#4903=CARTESIAN_POINT('Ctrl Pts',(20.7111487749624,-15.9010344930383,-8.9));
#4904=CARTESIAN_POINT('Ctrl Pts',(20.6792135021472,-16.0182835795952,-8.9));
#4905=CARTESIAN_POINT('Ctrl Pts',(20.6441452890297,-16.135117868072,-8.9));
#4906=CARTESIAN_POINT('Ctrl Pts',(20.6058465091259,-16.2513491676237,-8.9));
#4907=CARTESIAN_POINT('Ctrl Pts',(20.5666312349983,-16.3703618955899,-8.9));
#4908=CARTESIAN_POINT('Ctrl Pts',(20.5240290019594,-16.488742221954,-8.9));
#4909=CARTESIAN_POINT('Ctrl Pts',(20.4779877497737,-16.6062699453283,-8.9));
#4910=CARTESIAN_POINT('Ctrl Pts',(20.4307351719888,-16.7268897727002,-8.9));
#4911=CARTESIAN_POINT('Ctrl Pts',(20.379860323493,-16.8466112928583,-8.9));
#4912=CARTESIAN_POINT('Ctrl Pts',(20.3253606245455,-16.9651810741113,-8.9));
#4913=CARTESIAN_POINT('Ctrl Pts',(20.2692863383614,-17.0871765341812,-8.9));
#4914=CARTESIAN_POINT('Ctrl Pts',(20.2093748279282,-17.2079524340365,-8.9));
#4915=CARTESIAN_POINT('Ctrl Pts',(20.1456779281794,-17.3272209697815,-8.9));
#4916=CARTESIAN_POINT('Ctrl Pts',(20.0799803303098,-17.450235689976,-8.9));
#4917=CARTESIAN_POINT('Ctrl Pts',(20.0102559546626,-17.571646479671,-8.9));
#4918=CARTESIAN_POINT('Ctrl Pts',(19.9366170926532,-17.6911306053135,-8.9));
#4919=CARTESIAN_POINT('Ctrl Pts',(19.8605390074648,-17.8145725385706,-8.9));
#4920=CARTESIAN_POINT('Ctrl Pts',(19.7802830123213,-17.9359575615557,-8.9));
#4921=CARTESIAN_POINT('Ctrl Pts',(19.6960285594138,-18.0549293379761,-8.9));
#4922=CARTESIAN_POINT('Ctrl Pts',(19.6090519388119,-18.1777449602127,-8.9));
#4923=CARTESIAN_POINT('Ctrl Pts',(19.5178146139143,-18.297988252446,-8.9));
#4924=CARTESIAN_POINT('Ctrl Pts',(19.4225684558581,-18.4152754326492,-8.9));
#4925=CARTESIAN_POINT('Ctrl Pts',(19.3240681730655,-18.5365697783084,-8.9));
#4926=CARTESIAN_POINT('Ctrl Pts',(19.2212808525437,-18.6547017715797,-8.9));
#4927=CARTESIAN_POINT('Ctrl Pts',(19.1145369878539,-18.7692666497398,-8.9));
#4928=CARTESIAN_POINT('Ctrl Pts',(19.0076681787731,-18.8839656268382,-8.9));
#4929=CARTESIAN_POINT('Ctrl Pts',(18.8968342753589,-18.995088401448,-8.9));
#4930=CARTESIAN_POINT('Ctrl Pts',(18.7824091531379,-19.1022596989634,-8.9));
#4931=CARTESIAN_POINT('Ctrl Pts',(18.6698968558343,-19.2076394324906,-8.9));
#4932=CARTESIAN_POINT('Ctrl Pts',(18.5539131730748,-19.3091981230925,-8.9));
#4933=CARTESIAN_POINT('Ctrl Pts',(18.4348431412649,-19.4066183880837,-8.9));
#4934=CARTESIAN_POINT('Ctrl Pts',(18.3191082114358,-19.5013099520423,-8.9));
#4935=CARTESIAN_POINT('Ctrl Pts',(18.2004580953192,-19.5920912828397,-8.9));
#4936=CARTESIAN_POINT('Ctrl Pts',(18.0792639007598,-19.6787153336112,-8.9));
#4937=CARTESIAN_POINT('Ctrl Pts',(17.961944560999,-19.7625698159225,-8.9));
#4938=CARTESIAN_POINT('Ctrl Pts',(17.8422417820401,-19.8425283440802,-8.9));
#4939=CARTESIAN_POINT('Ctrl Pts',(17.7204998697085,-19.9184136484734,-8.9));
#4940=CARTESIAN_POINT('Ctrl Pts',(17.6026116492989,-19.9918968336709,-8.9));
#4941=CARTESIAN_POINT('Ctrl Pts',(17.4828117894602,-20.0615604060007,-8.9));
#4942=CARTESIAN_POINT('Ctrl Pts',(17.3614130548938,-20.1272911820758,-8.9));
#4943=CARTESIAN_POINT('Ctrl Pts',(17.243608629268,-20.1910758364145,-8.9));
#4944=CARTESIAN_POINT('Ctrl Pts',(17.1242989542118,-20.2511569934549,-8.9));
#4945=CARTESIAN_POINT('Ctrl Pts',(17.0037642727444,-20.3074792220237,-8.9));
#4946=CARTESIAN_POINT('Ctrl Pts',(16.8864973051473,-20.3622745462589,-8.9));
#4947=CARTESIAN_POINT('Ctrl Pts',(16.7680711331394,-20.4135118838635,-8.9));
#4948=CARTESIAN_POINT('Ctrl Pts',(16.6487339240345,-20.4611880568994,-8.9));
#4949=CARTESIAN_POINT('Ctrl Pts',(16.532341523347,-20.5076877553326,-8.9));
#4950=CARTESIAN_POINT('Ctrl Pts',(16.4150827254448,-20.5507997861422,-8.9));
#4951=CARTESIAN_POINT('Ctrl Pts',(16.297174502419,-20.5905687896229,-8.9));
#4952=CARTESIAN_POINT('Ctrl Pts',(16.181916425755,-20.6294439311049,-8.9));
#4953=CARTESIAN_POINT('Ctrl Pts',(16.0660379847164,-20.6651245590223,-8.9));
#4954=CARTESIAN_POINT('Ctrl Pts',(15.9497258905251,-20.697699624894,-8.9));
#4955=CARTESIAN_POINT('Ctrl Pts',(15.8358032604753,-20.7296054830419,-8.9));
#4956=CARTESIAN_POINT('Ctrl Pts',(15.7214647790106,-20.7585320004515,-8.9));
#4957=CARTESIAN_POINT('Ctrl Pts',(15.6068677531075,-20.784609664962,-8.9));
#4958=CARTESIAN_POINT('Ctrl Pts',(15.4954583808856,-20.8099619479661,-8.9));
#4959=CARTESIAN_POINT('Ctrl Pts',(15.3838047581691,-20.8326216748109,-8.9));
#4960=CARTESIAN_POINT('Ctrl Pts',(15.2720321372838,-20.8527538351306,-8.9));
#4961=CARTESIAN_POINT('Ctrl Pts',(15.1620087824683,-20.8725709227188,-8.9));
#4962=CARTESIAN_POINT('Ctrl Pts',(15.0518702536882,-20.8899388737806,-8.9));
#4963=CARTESIAN_POINT('Ctrl Pts',(14.9417152521405,-20.9050598860852,-8.9));
#4964=CARTESIAN_POINT('Ctrl Pts',(14.8331692191546,-20.9199600347606,-8.9));
#4965=CARTESIAN_POINT('Ctrl Pts',(14.7246073068228,-20.9326783450158,-8.9));
#4966=CARTESIAN_POINT('Ctrl Pts',(14.616101832949,-20.9434530883943,-8.9));
#4967=CARTESIAN_POINT('Ctrl Pts',(14.509081003023,-20.9540804045788,-8.9));
#4968=CARTESIAN_POINT('Ctrl Pts',(14.4021151825787,-20.9628169210634,-8.9));
#4969=CARTESIAN_POINT('Ctrl Pts',(14.2952504532947,-20.9699360275987,-8.9));
#4970=CARTESIAN_POINT('Ctrl Pts',(14.1868725296579,-20.9771559400021,-8.9));
#4971=CARTESIAN_POINT('Ctrl Pts',(14.0785988060714,-20.9827120355906,-8.9));
#4972=CARTESIAN_POINT('Ctrl Pts',(13.970450562323,-20.9869386553088,-8.9));
#4973=CARTESIAN_POINT('Ctrl Pts',(13.8670331600519,-20.9909803855902,-8.9));
#4974=CARTESIAN_POINT('Ctrl Pts',(13.7637304505907,-20.993806605442,-8.9));
#4975=CARTESIAN_POINT('Ctrl Pts',(13.6605358654558,-20.9957541275579,-8.9));
#4976=CARTESIAN_POINT('Ctrl Pts',(13.55833399137,-20.9976829149047,-8.9));
#4977=CARTESIAN_POINT('Ctrl Pts',(13.4562382586591,-20.998749771179,-8.9));
#4978=CARTESIAN_POINT('Ctrl Pts',(13.3542165361113,-20.9993258551931,-8.9));
#4979=CARTESIAN_POINT('Ctrl Pts',(13.2534846601839,-20.9998946558563,-8.9));
#4980=CARTESIAN_POINT('Ctrl Pts',(13.1528250002576,-20.9999849869536,-8.9));
#4981=CARTESIAN_POINT('Ctrl Pts',(13.0521802956835,-20.9999977848583,-8.9));
#4982=CARTESIAN_POINT('Ctrl Pts',(13.0347866091213,-20.9999999966263,-8.9));
#4983=CARTESIAN_POINT('Ctrl Pts',(13.0173933035144,-21.,-8.9));
#4984=CARTESIAN_POINT('Ctrl Pts',(13.,-21.,-8.9));
#4985=CARTESIAN_POINT('Origin',(21.,13.,-68.3969696196701));
#4986=CARTESIAN_POINT('',(21.,13.,-8.9));
#4987=CARTESIAN_POINT('',(21.,13.,-0.0999999999999994));
#4988=CARTESIAN_POINT('',(21.,-13.,-8.9));
#4989=CARTESIAN_POINT('Ctrl Pts',(21.,13.,-8.9));
#4990=CARTESIAN_POINT('Ctrl Pts',(21.,13.,1.66));
#4991=CARTESIAN_POINT('Ctrl Pts',(21.,15.4895373825391,-8.9));
#4992=CARTESIAN_POINT('Ctrl Pts',(21.,15.4895373825391,1.66));
#4993=CARTESIAN_POINT('Ctrl Pts',(21.,17.9790747650781,-8.9));
#4994=CARTESIAN_POINT('Ctrl Pts',(21.,17.9790747650781,1.66));
#4995=CARTESIAN_POINT('Ctrl Pts',(17.9790747650781,21.,-8.9));
#4996=CARTESIAN_POINT('Ctrl Pts',(17.9790747650781,21.,1.66));
#4997=CARTESIAN_POINT('Ctrl Pts',(15.4895373825391,21.,-8.9));
#4998=CARTESIAN_POINT('Ctrl Pts',(15.4895373825391,21.,1.66));
#4999=CARTESIAN_POINT('Ctrl Pts',(13.,21.,-8.9));
#5000=CARTESIAN_POINT('Ctrl Pts',(13.,21.,1.66));
#5001=CARTESIAN_POINT('',(13.,21.,-8.9));
#5002=CARTESIAN_POINT('',(13.,21.,-8.9));
#5003=CARTESIAN_POINT('Ctrl Pts',(13.,21.,-8.9));
#5004=CARTESIAN_POINT('Ctrl Pts',(13.1007112069117,21.,-8.9));
#5005=CARTESIAN_POINT('Ctrl Pts',(13.2014247163196,20.9999962573496,-8.9));
#5006=CARTESIAN_POINT('Ctrl Pts',(13.3022026110816,20.9995793302385,-8.9));
#5007=CARTESIAN_POINT('Ctrl Pts',(13.4041886810223,20.9991574047992,-8.9));
#5008=CARTESIAN_POINT('Ctrl Pts',(13.5062406191707,20.9983123631874,-8.9));
#5009=CARTESIAN_POINT('Ctrl Pts',(13.6083950908242,20.996665556095,-8.9));
#5010=CARTESIAN_POINT('Ctrl Pts',(13.7118476108709,20.9949978234841,-8.9));
#5011=CARTESIAN_POINT('Ctrl Pts',(13.8154052105897,20.9925078568175,-8.9));
#5012=CARTESIAN_POINT('Ctrl Pts',(13.9190788625312,20.9888484416739,-8.9));
#5013=CARTESIAN_POINT('Ctrl Pts',(14.02415323382,20.9851395847145,-8.9));
#5014=CARTESIAN_POINT('Ctrl Pts',(14.1293467313851,20.9802295039773,-8.9));
#5015=CARTESIAN_POINT('Ctrl Pts',(14.2346443149447,20.9738031660526,-8.9));
#5016=CARTESIAN_POINT('Ctrl Pts',(14.3414598656025,20.9672841862154,-8.9));
#5017=CARTESIAN_POINT('Ctrl Pts',(14.4483824336453,20.9592049585856,-8.9));
#5018=CARTESIAN_POINT('Ctrl Pts',(14.5553705916939,20.9492835049743,-8.9));
#5019=CARTESIAN_POINT('Ctrl Pts',(14.6640106941231,20.9392088597404,-8.9));
#5020=CARTESIAN_POINT('Ctrl Pts',(14.7727183266727,20.9272347038013,-8.9));
#5021=CARTESIAN_POINT('Ctrl Pts',(14.8814252350379,20.9131131482821,-8.9));
#5022=CARTESIAN_POINT('Ctrl Pts',(14.9929303577304,20.8986280911275,-8.9));
#5023=CARTESIAN_POINT('Ctrl Pts',(15.1044346380359,20.8818836364124,-8.9));
#5024=CARTESIAN_POINT('Ctrl Pts',(15.2158397717661,20.8626616544361,-8.9));
#5025=CARTESIAN_POINT('Ctrl Pts',(15.3292938736587,20.8430861409145,-8.9));
#5026=CARTESIAN_POINT('Ctrl Pts',(15.4426450161641,20.8209411803026,-8.9));
#5027=CARTESIAN_POINT('Ctrl Pts',(15.5557658116473,20.79604666722,-8.9));
#5028=CARTESIAN_POINT('Ctrl Pts',(15.6711476046266,20.7706545760263,-8.9));
#5029=CARTESIAN_POINT('Ctrl Pts',(15.7862895989239,20.7424019779109,-8.9));
#5030=CARTESIAN_POINT('Ctrl Pts',(15.9010344930381,20.7111487749624,-8.9));
#5031=CARTESIAN_POINT('Ctrl Pts',(16.0182835795951,20.6792135021473,-8.9));
#5032=CARTESIAN_POINT('Ctrl Pts',(16.1351178680719,20.6441452890298,-8.9));
#5033=CARTESIAN_POINT('Ctrl Pts',(16.2513491676236,20.605846509126,-8.9));
#5034=CARTESIAN_POINT('Ctrl Pts',(16.3703618955898,20.5666312349983,-8.9));
#5035=CARTESIAN_POINT('Ctrl Pts',(16.4887422219539,20.5240290019594,-8.9));
#5036=CARTESIAN_POINT('Ctrl Pts',(16.6062699453282,20.4779877497737,-8.9));
#5037=CARTESIAN_POINT('Ctrl Pts',(16.7268897727,20.4307351719888,-8.9));
#5038=CARTESIAN_POINT('Ctrl Pts',(16.846611292858,20.3798603234931,-8.9));
#5039=CARTESIAN_POINT('Ctrl Pts',(16.965181074111,20.3253606245456,-8.9));
#5040=CARTESIAN_POINT('Ctrl Pts',(17.087176534181,20.2692863383615,-8.9));
#5041=CARTESIAN_POINT('Ctrl Pts',(17.2079524340363,20.2093748279283,-8.9));
#5042=CARTESIAN_POINT('Ctrl Pts',(17.3272209697813,20.1456779281795,-8.9));
#5043=CARTESIAN_POINT('Ctrl Pts',(17.4502356899759,20.0799803303099,-8.9));
#5044=CARTESIAN_POINT('Ctrl Pts',(17.5716464796709,20.0102559546626,-8.9));
#5045=CARTESIAN_POINT('Ctrl Pts',(17.6911306053134,19.9366170926532,-8.9));
#5046=CARTESIAN_POINT('Ctrl Pts',(17.8145725385705,19.8605390074648,-8.9));
#5047=CARTESIAN_POINT('Ctrl Pts',(17.9359575615557,19.7802830123213,-8.9));
#5048=CARTESIAN_POINT('Ctrl Pts',(18.054929337976,19.6960285594138,-8.9));
#5049=CARTESIAN_POINT('Ctrl Pts',(18.1777449602126,19.609051938812,-8.9));
#5050=CARTESIAN_POINT('Ctrl Pts',(18.2979882524458,19.5178146139144,-8.9));
#5051=CARTESIAN_POINT('Ctrl Pts',(18.415275432649,19.4225684558583,-8.9));
#5052=CARTESIAN_POINT('Ctrl Pts',(18.5365697783082,19.3240681730657,-8.9));
#5053=CARTESIAN_POINT('Ctrl Pts',(18.6547017715795,19.2212808525439,-8.9));
#5054=CARTESIAN_POINT('Ctrl Pts',(18.7692666497396,19.1145369878541,-8.9));
#5055=CARTESIAN_POINT('Ctrl Pts',(18.883965626838,19.0076681787733,-8.9));
#5056=CARTESIAN_POINT('Ctrl Pts',(18.9950884014477,18.8968342753591,-8.9));
#5057=CARTESIAN_POINT('Ctrl Pts',(19.1022596989632,18.7824091531381,-8.9));
#5058=CARTESIAN_POINT('Ctrl Pts',(19.2076394324904,18.6698968558344,-8.9));
#5059=CARTESIAN_POINT('Ctrl Pts',(19.3091981230924,18.553913173075,-8.9));
#5060=CARTESIAN_POINT('Ctrl Pts',(19.4066183880836,18.434843141265,-8.9));
#5061=CARTESIAN_POINT('Ctrl Pts',(19.5013099520421,18.3191082114359,-8.9));
#5062=CARTESIAN_POINT('Ctrl Pts',(19.5920912828396,18.2004580953194,-8.9));
#5063=CARTESIAN_POINT('Ctrl Pts',(19.6787153336111,18.0792639007599,-8.9));
#5064=CARTESIAN_POINT('Ctrl Pts',(19.7625698159224,17.9619445609991,-8.9));
#5065=CARTESIAN_POINT('Ctrl Pts',(19.8425283440801,17.8422417820402,-8.9));
#5066=CARTESIAN_POINT('Ctrl Pts',(19.9184136484734,17.7204998697086,-8.9));
#5067=CARTESIAN_POINT('Ctrl Pts',(19.9918968336709,17.6026116492989,-8.9));
#5068=CARTESIAN_POINT('Ctrl Pts',(20.0615604060007,17.4828117894603,-8.9));
#5069=CARTESIAN_POINT('Ctrl Pts',(20.1272911820758,17.3614130548938,-8.9));
#5070=CARTESIAN_POINT('Ctrl Pts',(20.1910758364145,17.243608629268,-8.9));
#5071=CARTESIAN_POINT('Ctrl Pts',(20.2511569934548,17.1242989542118,-8.9));
#5072=CARTESIAN_POINT('Ctrl Pts',(20.3074792220237,17.0037642727445,-8.9));
#5073=CARTESIAN_POINT('Ctrl Pts',(20.3622745462588,16.8864973051474,-8.9));
#5074=CARTESIAN_POINT('Ctrl Pts',(20.4135118838635,16.7680711331394,-8.9));
#5075=CARTESIAN_POINT('Ctrl Pts',(20.4611880568994,16.6487339240345,-8.9));
#5076=CARTESIAN_POINT('Ctrl Pts',(20.5076877553325,16.532341523347,-8.9));
#5077=CARTESIAN_POINT('Ctrl Pts',(20.5507997861422,16.4150827254448,-8.9));
#5078=CARTESIAN_POINT('Ctrl Pts',(20.5905687896229,16.297174502419,-8.9));
#5079=CARTESIAN_POINT('Ctrl Pts',(20.6294439311049,16.181916425755,-8.9));
#5080=CARTESIAN_POINT('Ctrl Pts',(20.6651245590223,16.0660379847164,-8.9));
#5081=CARTESIAN_POINT('Ctrl Pts',(20.697699624894,15.9497258905251,-8.9));
#5082=CARTESIAN_POINT('Ctrl Pts',(20.7296054830418,15.8358032604753,-8.9));
#5083=CARTESIAN_POINT('Ctrl Pts',(20.7585320004515,15.7214647790106,-8.9));
#5084=CARTESIAN_POINT('Ctrl Pts',(20.784609664962,15.6068677531075,-8.9));
#5085=CARTESIAN_POINT('Ctrl Pts',(20.8099619479661,15.4954583808856,-8.9));
#5086=CARTESIAN_POINT('Ctrl Pts',(20.8326216748109,15.3838047581691,-8.9));
#5087=CARTESIAN_POINT('Ctrl Pts',(20.8527538351305,15.2720321372838,-8.9));
#5088=CARTESIAN_POINT('Ctrl Pts',(20.8725709227188,15.1620087824683,-8.9));
#5089=CARTESIAN_POINT('Ctrl Pts',(20.8899388737806,15.0518702536882,-8.9));
#5090=CARTESIAN_POINT('Ctrl Pts',(20.9050598860852,14.9417152521406,-8.9));
#5091=CARTESIAN_POINT('Ctrl Pts',(20.9199600347606,14.8331692191547,-8.9));
#5092=CARTESIAN_POINT('Ctrl Pts',(20.9326783450158,14.7246073068229,-8.9));
#5093=CARTESIAN_POINT('Ctrl Pts',(20.9434530883943,14.616101832949,-8.9));
#5094=CARTESIAN_POINT('Ctrl Pts',(20.9540804045788,14.5090810030231,-8.9));
#5095=CARTESIAN_POINT('Ctrl Pts',(20.9628169210634,14.4021151825787,-8.9));
#5096=CARTESIAN_POINT('Ctrl Pts',(20.9699360275987,14.2952504532947,-8.9));
#5097=CARTESIAN_POINT('Ctrl Pts',(20.9771559400021,14.1868725296579,-8.9));
#5098=CARTESIAN_POINT('Ctrl Pts',(20.9827120355906,14.0785988060714,-8.9));
#5099=CARTESIAN_POINT('Ctrl Pts',(20.9869386553088,13.9704505623231,-8.9));
#5100=CARTESIAN_POINT('Ctrl Pts',(20.9909803855902,13.867033160052,-8.9));
#5101=CARTESIAN_POINT('Ctrl Pts',(20.993806605442,13.7637304505907,-8.9));
#5102=CARTESIAN_POINT('Ctrl Pts',(20.9957541275579,13.6605358654558,-8.9));
#5103=CARTESIAN_POINT('Ctrl Pts',(20.9976829149047,13.55833399137,-8.9));
#5104=CARTESIAN_POINT('Ctrl Pts',(20.998749771179,13.4562382586591,-8.9));
#5105=CARTESIAN_POINT('Ctrl Pts',(20.9993258551931,13.3542165361113,-8.9));
#5106=CARTESIAN_POINT('Ctrl Pts',(20.9998946558563,13.2534846601838,-8.9));
#5107=CARTESIAN_POINT('Ctrl Pts',(20.9999849869536,13.1528250002576,-8.9));
#5108=CARTESIAN_POINT('Ctrl Pts',(20.9999977848583,13.0521802956835,-8.9));
#5109=CARTESIAN_POINT('Ctrl Pts',(20.9999999966263,13.0347866091213,-8.9));
#5110=CARTESIAN_POINT('Ctrl Pts',(21.,13.0173933035144,-8.9));
#5111=CARTESIAN_POINT('Ctrl Pts',(21.,13.,-8.9));
#5112=CARTESIAN_POINT('Origin',(-13.,21.,-68.3969696196701));
#5113=CARTESIAN_POINT('',(13.,21.,-8.9));
#5114=CARTESIAN_POINT('Origin',(13.,20.,-0.87));
#5115=CARTESIAN_POINT('',(-13.,20.,-5.42101086242752E-17));
#5116=CARTESIAN_POINT('',(13.,20.,-0.87));
#5117=CARTESIAN_POINT('Ctrl Pts',(20.,13.,-0.87));
#5118=CARTESIAN_POINT('Ctrl Pts',(20.,13.,0.174));
#5119=CARTESIAN_POINT('Ctrl Pts',(20.,13.4737463823511,-0.87));
#5120=CARTESIAN_POINT('Ctrl Pts',(20.,13.4737463823511,0.174));
#5121=CARTESIAN_POINT('Ctrl Pts',(19.998667647106,13.9473367369013,-0.87));
#5122=CARTESIAN_POINT('Ctrl Pts',(19.998667647106,13.9473367369013,0.174));
#5123=CARTESIAN_POINT('Ctrl Pts',(19.9168542848988,14.8852485872333,-0.87));
#5124=CARTESIAN_POINT('Ctrl Pts',(19.9168542848988,14.8852485872333,0.174));
#5125=CARTESIAN_POINT('Ctrl Pts',(19.8367182945478,15.3496104871378,-0.87));
#5126=CARTESIAN_POINT('Ctrl Pts',(19.8367182945478,15.3496104871378,0.174));
#5127=CARTESIAN_POINT('Ctrl Pts',(19.6281364328302,16.0358036723292,-0.87));
#5128=CARTESIAN_POINT('Ctrl Pts',(19.6281364328302,16.0358036723292,0.174));
#5129=CARTESIAN_POINT('Ctrl Pts',(19.544436399826,16.2610137339891,-0.87));
#5130=CARTESIAN_POINT('Ctrl Pts',(19.544436399826,16.2610137339891,0.174));
#5131=CARTESIAN_POINT('Ctrl Pts',(19.3519650110479,16.6947900236625,-0.87));
#5132=CARTESIAN_POINT('Ctrl Pts',(19.3519650110479,16.6947900236625,0.174));
#5133=CARTESIAN_POINT('Ctrl Pts',(19.2428118528834,16.9048165534323,-0.87));
#5134=CARTESIAN_POINT('Ctrl Pts',(19.2428118528834,16.9048165534323,0.174));
#5135=CARTESIAN_POINT('Ctrl Pts',(18.8769123650819,17.5144772293181,-0.87));
#5136=CARTESIAN_POINT('Ctrl Pts',(18.8769123650819,17.5144772293181,0.174));
#5137=CARTESIAN_POINT('Ctrl Pts',(18.5781657598883,17.8966125794556,-0.87));
#5138=CARTESIAN_POINT('Ctrl Pts',(18.5781657598883,17.8966125794556,0.174));
#5139=CARTESIAN_POINT('Ctrl Pts',(18.0761250679188,18.4000072834208,-0.87));
#5140=CARTESIAN_POINT('Ctrl Pts',(18.0761250679188,18.4000072834208,0.174));
#5141=CARTESIAN_POINT('Ctrl Pts',(17.899148744919,18.5573814352309,-0.87));
#5142=CARTESIAN_POINT('Ctrl Pts',(17.899148744919,18.5573814352309,0.174));
#5143=CARTESIAN_POINT('Ctrl Pts',(17.5256884561849,18.8510122505603,-0.87));
#5144=CARTESIAN_POINT('Ctrl Pts',(17.5256884561849,18.8510122505603,0.174));
#5145=CARTESIAN_POINT('Ctrl Pts',(17.3277621008253,18.9880841825819,-0.87));
#5146=CARTESIAN_POINT('Ctrl Pts',(17.3277621008253,18.9880841825819,0.174));
#5147=CARTESIAN_POINT('Ctrl Pts',(16.7144510645656,19.3587449641395,-0.87));
#5148=CARTESIAN_POINT('Ctrl Pts',(16.7144510645656,19.3587449641395,0.174));
#5149=CARTESIAN_POINT('Ctrl Pts',(16.2821376045618,19.551470633965,-0.87));
#5150=CARTESIAN_POINT('Ctrl Pts',(16.2821376045618,19.551470633965,0.174));
#5151=CARTESIAN_POINT('Ctrl Pts',(15.5996173071186,19.7615599452161,-0.87));
#5152=CARTESIAN_POINT('Ctrl Pts',(15.5996173071186,19.7615599452161,0.174));
#5153=CARTESIAN_POINT('Ctrl Pts',(15.3652965911638,19.8184304166472,-0.87));
#5154=CARTESIAN_POINT('Ctrl Pts',(15.3652965911638,19.8184304166472,0.174));
#5155=CARTESIAN_POINT('Ctrl Pts',(14.8965835839993,19.9055152130447,-0.87));
#5156=CARTESIAN_POINT('Ctrl Pts',(14.8965835839993,19.9055152130447,0.174));
#5157=CARTESIAN_POINT('Ctrl Pts',(14.6611234258354,19.9361654106763,-0.87));
#5158=CARTESIAN_POINT('Ctrl Pts',(14.6611234258354,19.9361654106763,0.174));
#5159=CARTESIAN_POINT('Ctrl Pts',(13.9522253361128,19.998706801584,-0.87));
#5160=CARTESIAN_POINT('Ctrl Pts',(13.9522253361128,19.998706801584,0.174));
#5161=CARTESIAN_POINT('Ctrl Pts',(13.476168021072,20.,-0.87));
#5162=CARTESIAN_POINT('Ctrl Pts',(13.476168021072,20.,0.174));
#5163=CARTESIAN_POINT('Ctrl Pts',(13.,20.,-0.87));
#5164=CARTESIAN_POINT('Ctrl Pts',(13.,20.,0.174));
#5165=CARTESIAN_POINT('',(20.,13.,-2.16840434497101E-16));
#5166=CARTESIAN_POINT('Origin',(20.,-13.,-0.87));
#5167=CARTESIAN_POINT('',(20.,-13.,-0.87));
#5168=CARTESIAN_POINT('Ctrl Pts',(13.,-20.,-0.87));
#5169=CARTESIAN_POINT('Ctrl Pts',(13.,-20.,0.174));
#5170=CARTESIAN_POINT('Ctrl Pts',(13.4737463823511,-20.,-0.87));
#5171=CARTESIAN_POINT('Ctrl Pts',(13.4737463823511,-20.,0.174));
#5172=CARTESIAN_POINT('Ctrl Pts',(13.9473367369013,-19.998667647106,-0.87));
#5173=CARTESIAN_POINT('Ctrl Pts',(13.9473367369013,-19.998667647106,0.174));
#5174=CARTESIAN_POINT('Ctrl Pts',(14.8852485872333,-19.9168542848988,-0.87));
#5175=CARTESIAN_POINT('Ctrl Pts',(14.8852485872333,-19.9168542848988,0.174));
#5176=CARTESIAN_POINT('Ctrl Pts',(15.3496104871378,-19.8367182945478,-0.87));
#5177=CARTESIAN_POINT('Ctrl Pts',(15.3496104871378,-19.8367182945478,0.174));
#5178=CARTESIAN_POINT('Ctrl Pts',(16.0358036723292,-19.6281364328302,-0.87));
#5179=CARTESIAN_POINT('Ctrl Pts',(16.0358036723292,-19.6281364328302,0.174));
#5180=CARTESIAN_POINT('Ctrl Pts',(16.2610137339891,-19.544436399826,-0.87));
#5181=CARTESIAN_POINT('Ctrl Pts',(16.2610137339891,-19.544436399826,0.174));
#5182=CARTESIAN_POINT('Ctrl Pts',(16.6947900236625,-19.3519650110479,-0.87));
#5183=CARTESIAN_POINT('Ctrl Pts',(16.6947900236625,-19.3519650110479,0.174));
#5184=CARTESIAN_POINT('Ctrl Pts',(16.9048165534323,-19.2428118528834,-0.87));
#5185=CARTESIAN_POINT('Ctrl Pts',(16.9048165534323,-19.2428118528834,0.174));
#5186=CARTESIAN_POINT('Ctrl Pts',(17.5144772293181,-18.8769123650819,-0.87));
#5187=CARTESIAN_POINT('Ctrl Pts',(17.5144772293181,-18.8769123650819,0.174));
#5188=CARTESIAN_POINT('Ctrl Pts',(17.8966125794557,-18.5781657598883,-0.87));
#5189=CARTESIAN_POINT('Ctrl Pts',(17.8966125794557,-18.5781657598883,0.174));
#5190=CARTESIAN_POINT('Ctrl Pts',(18.4000072834209,-18.0761250679189,-0.87));
#5191=CARTESIAN_POINT('Ctrl Pts',(18.4000072834209,-18.0761250679189,0.174));
#5192=CARTESIAN_POINT('Ctrl Pts',(18.557381435231,-17.8991487449191,-0.87));
#5193=CARTESIAN_POINT('Ctrl Pts',(18.557381435231,-17.8991487449191,0.174));
#5194=CARTESIAN_POINT('Ctrl Pts',(18.8510122505603,-17.5256884561849,-0.87));
#5195=CARTESIAN_POINT('Ctrl Pts',(18.8510122505603,-17.5256884561849,0.174));
#5196=CARTESIAN_POINT('Ctrl Pts',(18.9880841825819,-17.3277621008253,-0.87));
#5197=CARTESIAN_POINT('Ctrl Pts',(18.9880841825819,-17.3277621008253,0.174));
#5198=CARTESIAN_POINT('Ctrl Pts',(19.3587449641396,-16.7144510645657,-0.87));
#5199=CARTESIAN_POINT('Ctrl Pts',(19.3587449641396,-16.7144510645657,0.174));
#5200=CARTESIAN_POINT('Ctrl Pts',(19.5514706339651,-16.2821376045618,-0.87));
#5201=CARTESIAN_POINT('Ctrl Pts',(19.5514706339651,-16.2821376045618,0.174));
#5202=CARTESIAN_POINT('Ctrl Pts',(19.7615599452161,-15.5996173071186,-0.87));
#5203=CARTESIAN_POINT('Ctrl Pts',(19.7615599452161,-15.5996173071186,0.174));
#5204=CARTESIAN_POINT('Ctrl Pts',(19.8184304166473,-15.3652965911638,-0.87));
#5205=CARTESIAN_POINT('Ctrl Pts',(19.8184304166473,-15.3652965911638,0.174));
#5206=CARTESIAN_POINT('Ctrl Pts',(19.9055152130447,-14.8965835839993,-0.87));
#5207=CARTESIAN_POINT('Ctrl Pts',(19.9055152130447,-14.8965835839993,0.174));
#5208=CARTESIAN_POINT('Ctrl Pts',(19.9361654106763,-14.6611234258354,-0.87));
#5209=CARTESIAN_POINT('Ctrl Pts',(19.9361654106763,-14.6611234258354,0.174));
#5210=CARTESIAN_POINT('Ctrl Pts',(19.998706801584,-13.9522253361128,-0.87));
#5211=CARTESIAN_POINT('Ctrl Pts',(19.998706801584,-13.9522253361128,0.174));
#5212=CARTESIAN_POINT('Ctrl Pts',(20.,-13.476168021072,-0.87));
#5213=CARTESIAN_POINT('Ctrl Pts',(20.,-13.476168021072,0.174));
#5214=CARTESIAN_POINT('Ctrl Pts',(20.,-13.,-0.87));
#5215=CARTESIAN_POINT('Ctrl Pts',(20.,-13.,0.174));
#5216=CARTESIAN_POINT('',(13.,-20.,-1.0842021724855E-16));
#5217=CARTESIAN_POINT('Origin',(-13.,-20.,-0.87));
#5218=CARTESIAN_POINT('',(-13.,-20.,-0.87));
#5219=CARTESIAN_POINT('Ctrl Pts',(-20.,-13.,-0.87));
#5220=CARTESIAN_POINT('Ctrl Pts',(-20.,-13.,0.174));
#5221=CARTESIAN_POINT('Ctrl Pts',(-20.,-13.4737463823511,-0.87));
#5222=CARTESIAN_POINT('Ctrl Pts',(-20.,-13.4737463823511,0.174));
#5223=CARTESIAN_POINT('Ctrl Pts',(-19.998667647106,-13.9473367369013,-0.87));
#5224=CARTESIAN_POINT('Ctrl Pts',(-19.998667647106,-13.9473367369013,0.174));
#5225=CARTESIAN_POINT('Ctrl Pts',(-19.9168542848988,-14.8852485872333,-0.87));
#5226=CARTESIAN_POINT('Ctrl Pts',(-19.9168542848988,-14.8852485872333,0.174));
#5227=CARTESIAN_POINT('Ctrl Pts',(-19.8367182945478,-15.3496104871378,-0.87));
#5228=CARTESIAN_POINT('Ctrl Pts',(-19.8367182945478,-15.3496104871378,0.174));
#5229=CARTESIAN_POINT('Ctrl Pts',(-19.6281364328302,-16.0358036723292,-0.87));
#5230=CARTESIAN_POINT('Ctrl Pts',(-19.6281364328302,-16.0358036723292,0.174));
#5231=CARTESIAN_POINT('Ctrl Pts',(-19.544436399826,-16.2610137339891,-0.87));
#5232=CARTESIAN_POINT('Ctrl Pts',(-19.544436399826,-16.2610137339891,0.174));
#5233=CARTESIAN_POINT('Ctrl Pts',(-19.3519650110479,-16.6947900236625,-0.87));
#5234=CARTESIAN_POINT('Ctrl Pts',(-19.3519650110479,-16.6947900236625,0.174));
#5235=CARTESIAN_POINT('Ctrl Pts',(-19.2428118528834,-16.9048165534323,-0.87));
#5236=CARTESIAN_POINT('Ctrl Pts',(-19.2428118528834,-16.9048165534323,0.174));
#5237=CARTESIAN_POINT('Ctrl Pts',(-18.8769123650819,-17.5144772293181,-0.87));
#5238=CARTESIAN_POINT('Ctrl Pts',(-18.8769123650819,-17.5144772293181,0.174));
#5239=CARTESIAN_POINT('Ctrl Pts',(-18.5781657598883,-17.8966125794557,-0.87));
#5240=CARTESIAN_POINT('Ctrl Pts',(-18.5781657598883,-17.8966125794557,0.174));
#5241=CARTESIAN_POINT('Ctrl Pts',(-18.076125067919,-18.4000072834209,-0.87));
#5242=CARTESIAN_POINT('Ctrl Pts',(-18.076125067919,-18.4000072834209,0.174));
#5243=CARTESIAN_POINT('Ctrl Pts',(-17.8991487449191,-18.557381435231,-0.87));
#5244=CARTESIAN_POINT('Ctrl Pts',(-17.8991487449191,-18.557381435231,0.174));
#5245=CARTESIAN_POINT('Ctrl Pts',(-17.5256884561849,-18.8510122505604,-0.87));
#5246=CARTESIAN_POINT('Ctrl Pts',(-17.5256884561849,-18.8510122505604,0.174));
#5247=CARTESIAN_POINT('Ctrl Pts',(-17.3277621008253,-18.988084182582,-0.87));
#5248=CARTESIAN_POINT('Ctrl Pts',(-17.3277621008253,-18.988084182582,0.174));
#5249=CARTESIAN_POINT('Ctrl Pts',(-16.7144510645657,-19.3587449641396,-0.87));
#5250=CARTESIAN_POINT('Ctrl Pts',(-16.7144510645657,-19.3587449641396,0.174));
#5251=CARTESIAN_POINT('Ctrl Pts',(-16.2821376045619,-19.5514706339651,-0.87));
#5252=CARTESIAN_POINT('Ctrl Pts',(-16.2821376045619,-19.5514706339651,0.174));
#5253=CARTESIAN_POINT('Ctrl Pts',(-15.5996173071186,-19.7615599452162,-0.87));
#5254=CARTESIAN_POINT('Ctrl Pts',(-15.5996173071186,-19.7615599452162,0.174));
#5255=CARTESIAN_POINT('Ctrl Pts',(-15.3652965911638,-19.8184304166473,-0.87));
#5256=CARTESIAN_POINT('Ctrl Pts',(-15.3652965911638,-19.8184304166473,0.174));
#5257=CARTESIAN_POINT('Ctrl Pts',(-14.8965835839993,-19.9055152130447,-0.87));
#5258=CARTESIAN_POINT('Ctrl Pts',(-14.8965835839993,-19.9055152130447,0.174));
#5259=CARTESIAN_POINT('Ctrl Pts',(-14.6611234258354,-19.9361654106764,-0.87));
#5260=CARTESIAN_POINT('Ctrl Pts',(-14.6611234258354,-19.9361654106764,0.174));
#5261=CARTESIAN_POINT('Ctrl Pts',(-13.9522253361128,-19.998706801584,-0.87));
#5262=CARTESIAN_POINT('Ctrl Pts',(-13.9522253361128,-19.998706801584,0.174));
#5263=CARTESIAN_POINT('Ctrl Pts',(-13.476168021072,-20.,-0.87));
#5264=CARTESIAN_POINT('Ctrl Pts',(-13.476168021072,-20.,0.174));
#5265=CARTESIAN_POINT('Ctrl Pts',(-13.,-20.,-0.87));
#5266=CARTESIAN_POINT('Ctrl Pts',(-13.,-20.,0.174));
#5267=CARTESIAN_POINT('',(-20.,-13.,-0.87));
#5268=CARTESIAN_POINT('Origin',(-20.,13.,-0.87));
#5269=CARTESIAN_POINT('',(-20.,13.,-0.87));
#5270=CARTESIAN_POINT('Ctrl Pts',(-13.,20.,-0.87));
#5271=CARTESIAN_POINT('Ctrl Pts',(-13.,20.,0.174));
#5272=CARTESIAN_POINT('Ctrl Pts',(-13.4737463823511,20.,-0.87));
#5273=CARTESIAN_POINT('Ctrl Pts',(-13.4737463823511,20.,0.174));
#5274=CARTESIAN_POINT('Ctrl Pts',(-13.9473367369013,19.998667647106,-0.87));
#5275=CARTESIAN_POINT('Ctrl Pts',(-13.9473367369013,19.998667647106,0.174));
#5276=CARTESIAN_POINT('Ctrl Pts',(-14.8852485872333,19.9168542848988,-0.87));
#5277=CARTESIAN_POINT('Ctrl Pts',(-14.8852485872333,19.9168542848988,0.174));
#5278=CARTESIAN_POINT('Ctrl Pts',(-15.3496104871378,19.8367182945478,-0.87));
#5279=CARTESIAN_POINT('Ctrl Pts',(-15.3496104871378,19.8367182945478,0.174));
#5280=CARTESIAN_POINT('Ctrl Pts',(-16.0358036723292,19.6281364328302,-0.87));
#5281=CARTESIAN_POINT('Ctrl Pts',(-16.0358036723292,19.6281364328302,0.174));
#5282=CARTESIAN_POINT('Ctrl Pts',(-16.2610137339891,19.544436399826,-0.87));
#5283=CARTESIAN_POINT('Ctrl Pts',(-16.2610137339891,19.544436399826,0.174));
#5284=CARTESIAN_POINT('Ctrl Pts',(-16.6947900236625,19.3519650110479,-0.87));
#5285=CARTESIAN_POINT('Ctrl Pts',(-16.6947900236625,19.3519650110479,0.174));
#5286=CARTESIAN_POINT('Ctrl Pts',(-16.9048165534323,19.2428118528834,-0.87));
#5287=CARTESIAN_POINT('Ctrl Pts',(-16.9048165534323,19.2428118528834,0.174));
#5288=CARTESIAN_POINT('Ctrl Pts',(-17.5144772293181,18.8769123650819,-0.87));
#5289=CARTESIAN_POINT('Ctrl Pts',(-17.5144772293181,18.8769123650819,0.174));
#5290=CARTESIAN_POINT('Ctrl Pts',(-17.8966125794557,18.5781657598883,-0.87));
#5291=CARTESIAN_POINT('Ctrl Pts',(-17.8966125794557,18.5781657598883,0.174));
#5292=CARTESIAN_POINT('Ctrl Pts',(-18.4000072834209,18.0761250679189,-0.87));
#5293=CARTESIAN_POINT('Ctrl Pts',(-18.4000072834209,18.0761250679189,0.174));
#5294=CARTESIAN_POINT('Ctrl Pts',(-18.557381435231,17.899148744919,-0.87));
#5295=CARTESIAN_POINT('Ctrl Pts',(-18.557381435231,17.899148744919,0.174));
#5296=CARTESIAN_POINT('Ctrl Pts',(-18.8510122505604,17.5256884561849,-0.87));
#5297=CARTESIAN_POINT('Ctrl Pts',(-18.8510122505604,17.5256884561849,0.174));
#5298=CARTESIAN_POINT('Ctrl Pts',(-18.9880841825819,17.3277621008253,-0.87));
#5299=CARTESIAN_POINT('Ctrl Pts',(-18.9880841825819,17.3277621008253,0.174));
#5300=CARTESIAN_POINT('Ctrl Pts',(-19.3587449641395,16.7144510645656,-0.87));
#5301=CARTESIAN_POINT('Ctrl Pts',(-19.3587449641395,16.7144510645656,0.174));
#5302=CARTESIAN_POINT('Ctrl Pts',(-19.5514706339651,16.2821376045619,-0.87));
#5303=CARTESIAN_POINT('Ctrl Pts',(-19.5514706339651,16.2821376045619,0.174));
#5304=CARTESIAN_POINT('Ctrl Pts',(-19.7615599452161,15.5996173071186,-0.87));
#5305=CARTESIAN_POINT('Ctrl Pts',(-19.7615599452161,15.5996173071186,0.174));
#5306=CARTESIAN_POINT('Ctrl Pts',(-19.8184304166473,15.3652965911638,-0.87));
#5307=CARTESIAN_POINT('Ctrl Pts',(-19.8184304166473,15.3652965911638,0.174));
#5308=CARTESIAN_POINT('Ctrl Pts',(-19.9055152130447,14.8965835839993,-0.87));
#5309=CARTESIAN_POINT('Ctrl Pts',(-19.9055152130447,14.8965835839993,0.174));
#5310=CARTESIAN_POINT('Ctrl Pts',(-19.9361654106763,14.6611234258354,-0.87));
#5311=CARTESIAN_POINT('Ctrl Pts',(-19.9361654106763,14.6611234258354,0.174));
#5312=CARTESIAN_POINT('Ctrl Pts',(-19.998706801584,13.9522253361128,-0.87));
#5313=CARTESIAN_POINT('Ctrl Pts',(-19.998706801584,13.9522253361128,0.174));
#5314=CARTESIAN_POINT('Ctrl Pts',(-20.,13.476168021072,-0.87));
#5315=CARTESIAN_POINT('Ctrl Pts',(-20.,13.476168021072,0.174));
#5316=CARTESIAN_POINT('Ctrl Pts',(-20.,13.,-0.87));
#5317=CARTESIAN_POINT('Ctrl Pts',(-20.,13.,0.174));
#5318=CARTESIAN_POINT('Ctrl Pts',(-13.,20.9,-9.));
#5319=CARTESIAN_POINT('Ctrl Pts',(-13.,21.,-9.));
#5320=CARTESIAN_POINT('Ctrl Pts',(-13.,21.,-8.9));
#5321=CARTESIAN_POINT('Ctrl Pts',(-13.5324025199865,20.9000000166751,-9.));
#5322=CARTESIAN_POINT('Ctrl Pts',(-13.5324073008367,21.0000000166752,-9.00000000000369));
#5323=CARTESIAN_POINT('Ctrl Pts',(-13.5324073010766,21.,-8.9));
#5324=CARTESIAN_POINT('Ctrl Pts',(-14.0640668175182,20.8967973219906,-9.));
#5325=CARTESIAN_POINT('Ctrl Pts',(-14.0680712643643,20.9968808616922,-9.));
#5326=CARTESIAN_POINT('Ctrl Pts',(-14.0680712639958,20.9968808579116,-8.9));
#5327=CARTESIAN_POINT('Ctrl Pts',(-15.1150360029795,20.7943674919723,-9.));
#5328=CARTESIAN_POINT('Ctrl Pts',(-15.1304320823912,20.8933407772753,-9.));
#5329=CARTESIAN_POINT('Ctrl Pts',(-15.1304320827597,20.8933407810559,-8.9));
#5330=CARTESIAN_POINT('Ctrl Pts',(-15.6344107508681,20.6968646296513,-9.));
#5331=CARTESIAN_POINT('Ctrl Pts',(-15.6571353628887,20.7945634828728,-9.));
#5332=CARTESIAN_POINT('Ctrl Pts',(-15.6571353623289,20.7945634811058,-8.9));
#5333=CARTESIAN_POINT('Ctrl Pts',(-16.4007348708311,20.4541077284307,-9.));
#5334=CARTESIAN_POINT('Ctrl Pts',(-16.4346711756673,20.5482549306452,-9.));
#5335=CARTESIAN_POINT('Ctrl Pts',(-16.4346711759472,20.5482549315287,-8.9));
#5336=CARTESIAN_POINT('Ctrl Pts',(-16.653840894582,20.3570604110322,-9.));
#5337=CARTESIAN_POINT('Ctrl Pts',(-16.6915656900771,20.4497580688751,-9.));
#5338=CARTESIAN_POINT('Ctrl Pts',(-16.6915656901698,20.4497580690792,-8.9));
#5339=CARTESIAN_POINT('Ctrl Pts',(-17.1402102434909,20.1360607748994,-9.));
#5340=CARTESIAN_POINT('Ctrl Pts',(-17.1852220398736,20.2254473183602,-9.));
#5341=CARTESIAN_POINT('Ctrl Pts',(-17.1852220397809,20.2254473181561,-8.9));
#5342=CARTESIAN_POINT('Ctrl Pts',(-17.3754898246474,20.0115786346602,-9.));
#5343=CARTESIAN_POINT('Ctrl Pts',(-17.4240316973367,20.0990969135637,-9.));
#5344=CARTESIAN_POINT('Ctrl Pts',(-17.4240316973342,20.0990969135595,-8.9));
#5345=CARTESIAN_POINT('Ctrl Pts',(-17.8304756554348,19.7350686528919,-9.));
#5346=CARTESIAN_POINT('Ctrl Pts',(-17.8858031179883,19.8184631037548,-9.));
#5347=CARTESIAN_POINT('Ctrl Pts',(-17.8858031179909,19.818463103759,-8.9));
#5348=CARTESIAN_POINT('Ctrl Pts',(-18.0501904215018,19.583055875006,-9.));
#5349=CARTESIAN_POINT('Ctrl Pts',(-18.1087751380688,19.6641952052012,-9.));
#5350=CARTESIAN_POINT('Ctrl Pts',(-18.1087751378397,19.664195204909,-8.9));
#5351=CARTESIAN_POINT('Ctrl Pts',(-18.4737262045095,19.2509178716689,-9.));
#5352=CARTESIAN_POINT('Ctrl Pts',(-18.538558678929,19.3271576918366,-9.));
#5353=CARTESIAN_POINT('Ctrl Pts',(-18.5385586791582,19.3271576921288,-8.9));
#5354=CARTESIAN_POINT('Ctrl Pts',(-18.6755318046845,19.0721711070147,-9.));
#5355=CARTESIAN_POINT('Ctrl Pts',(-18.7433262196852,19.1457866318421,-9.));
#5356=CARTESIAN_POINT('Ctrl Pts',(-18.743326219826,19.1457866319835,-8.9));
#5357=CARTESIAN_POINT('Ctrl Pts',(-19.2425710211452,18.5074071534888,-9.));
#5358=CARTESIAN_POINT('Ctrl Pts',(-19.3186873490291,18.5727341573742,-9.));
#5359=CARTESIAN_POINT('Ctrl Pts',(-19.3186873487476,18.5727341570915,-8.9));
#5360=CARTESIAN_POINT('Ctrl Pts',(-19.574261557958,18.090019931629,-9.));
#5361=CARTESIAN_POINT('Ctrl Pts',(-19.6552595788212,18.1492152304987,-9.));
#5362=CARTESIAN_POINT('Ctrl Pts',(-19.6552595795496,18.149215230946,-8.9));
#5363=CARTESIAN_POINT('Ctrl Pts',(-20.1393322037401,17.1700452572529,-9.));
#5364=CARTESIAN_POINT('Ctrl Pts',(-20.2287540607536,17.2155259595702,-9.));
#5365=CARTESIAN_POINT('Ctrl Pts',(-20.2287540600253,17.2155259591229,-8.9));
#5366=CARTESIAN_POINT('Ctrl Pts',(-20.3609576076981,16.6856312203082,-9.));
#5367=CARTESIAN_POINT('Ctrl Pts',(-20.4537370122749,16.7237511075012,-9.));
#5368=CARTESIAN_POINT('Ctrl Pts',(-20.4537370126258,16.7237511076143,-8.9));
#5369=CARTESIAN_POINT('Ctrl Pts',(-20.6064037811318,15.9241237973803,-9.));
#5370=CARTESIAN_POINT('Ctrl Pts',(-20.7027813986314,15.9510800726694,-9.));
#5371=CARTESIAN_POINT('Ctrl Pts',(-20.7027813984561,15.9510800726129,-8.9));
#5372=CARTESIAN_POINT('Ctrl Pts',(-20.6738153967757,15.663377490507,-9.));
#5373=CARTESIAN_POINT('Ctrl Pts',(-20.7711516655683,15.6865896030508,-9.));
#5374=CARTESIAN_POINT('Ctrl Pts',(-20.7711516668794,15.6865896033139,-8.9));
#5375=CARTESIAN_POINT('Ctrl Pts',(-20.7796458606791,15.135478442574,-9.));
#5376=CARTESIAN_POINT('Ctrl Pts',(-20.8784078009423,15.1515790812068,-9.));
#5377=CARTESIAN_POINT('Ctrl Pts',(-20.8784077996311,15.1515790809437,-8.9));
#5378=CARTESIAN_POINT('Ctrl Pts',(-20.8177685360982,14.8703628552727,-9.));
#5379=CARTESIAN_POINT('Ctrl Pts',(-20.9169937496157,14.8831242383884,-9.00000000000045));
#5380=CARTESIAN_POINT('Ctrl Pts',(-20.9169937515972,14.883124238585,-8.9));
#5381=CARTESIAN_POINT('Ctrl Pts',(-20.896855893702,14.0722349991006,-9.));
#5382=CARTESIAN_POINT('Ctrl Pts',(-20.9969433688592,14.0762946762214,-8.99999999999906));
#5383=CARTESIAN_POINT('Ctrl Pts',(-20.9969433648961,14.0762946758283,-8.9));
#5384=CARTESIAN_POINT('Ctrl Pts',(-20.9000000168028,13.5363333043873,-9.));
#5385=CARTESIAN_POINT('Ctrl Pts',(-21.0000000168058,13.5363393175307,-8.99999999999767));
#5386=CARTESIAN_POINT('Ctrl Pts',(-21.,13.5363393177902,-8.9));
#5387=CARTESIAN_POINT('Ctrl Pts',(-20.9,13.,-9.));
#5388=CARTESIAN_POINT('Ctrl Pts',(-21.,13.,-8.99999999999999));
#5389=CARTESIAN_POINT('Ctrl Pts',(-21.,13.,-8.9));
#5390=CARTESIAN_POINT('',(-13.,20.9,-9.));
#5391=CARTESIAN_POINT('Origin',(-13.,20.9,-8.9));
#5392=CARTESIAN_POINT('',(-20.9,13.,-9.));
#5393=CARTESIAN_POINT('Ctrl Pts',(-13.,20.9,-9.));
#5394=CARTESIAN_POINT('Ctrl Pts',(-13.5324025199865,20.9000000166751,-9.));
#5395=CARTESIAN_POINT('Ctrl Pts',(-14.0640668175182,20.8967973219906,-9.));
#5396=CARTESIAN_POINT('Ctrl Pts',(-14.5895514102489,20.8455824069814,-9.));
#5397=CARTESIAN_POINT('Ctrl Pts',(-15.1150360029795,20.7943674919723,-9.));
#5398=CARTESIAN_POINT('Ctrl Pts',(-15.6344107508681,20.6968646296513,-9.));
#5399=CARTESIAN_POINT('Ctrl Pts',(-16.1452934975101,20.5350266955043,-9.));
#5400=CARTESIAN_POINT('Ctrl Pts',(-16.4007348708311,20.4541077284307,-9.));
#5401=CARTESIAN_POINT('Ctrl Pts',(-16.653840894582,20.3570604110322,-9.));
#5402=CARTESIAN_POINT('Ctrl Pts',(-16.8970255690365,20.2465605929658,-9.));
#5403=CARTESIAN_POINT('Ctrl Pts',(-17.1402102434909,20.1360607748994,-9.));
#5404=CARTESIAN_POINT('Ctrl Pts',(-17.3754898246474,20.0115786346602,-9.));
#5405=CARTESIAN_POINT('Ctrl Pts',(-17.6029827400411,19.873323643776,-9.));
#5406=CARTESIAN_POINT('Ctrl Pts',(-17.8304756554348,19.7350686528919,-9.));
#5407=CARTESIAN_POINT('Ctrl Pts',(-18.0501904215018,19.583055875006,-9.));
#5408=CARTESIAN_POINT('Ctrl Pts',(-18.2619583130056,19.4169868733374,-9.));
#5409=CARTESIAN_POINT('Ctrl Pts',(-18.4737262045095,19.2509178716689,-9.));
#5410=CARTESIAN_POINT('Ctrl Pts',(-18.6755318046845,19.0721711070147,-9.));
#5411=CARTESIAN_POINT('Ctrl Pts',(-18.8645448768381,18.8839164558394,-9.));
#5412=CARTESIAN_POINT('Ctrl Pts',(-19.2425710211452,18.5074071534888,-9.));
#5413=CARTESIAN_POINT('Ctrl Pts',(-19.574261557958,18.090019931629,-9.));
#5414=CARTESIAN_POINT('Ctrl Pts',(-19.8567968808491,17.6300325944409,-9.));
#5415=CARTESIAN_POINT('Ctrl Pts',(-20.1393322037401,17.1700452572529,-9.));
#5416=CARTESIAN_POINT('Ctrl Pts',(-20.3609576076981,16.6856312203082,-9.));
#5417=CARTESIAN_POINT('Ctrl Pts',(-20.5245883899872,16.1779596050229,-9.));
#5418=CARTESIAN_POINT('Ctrl Pts',(-20.6064037811318,15.9241237973803,-9.));
#5419=CARTESIAN_POINT('Ctrl Pts',(-20.6738153967757,15.663377490507,-9.));
#5420=CARTESIAN_POINT('Ctrl Pts',(-20.7267306287274,15.3994279665405,-9.));
#5421=CARTESIAN_POINT('Ctrl Pts',(-20.7796458606791,15.135478442574,-9.));
#5422=CARTESIAN_POINT('Ctrl Pts',(-20.8177685360982,14.8703628552727,-9.));
#5423=CARTESIAN_POINT('Ctrl Pts',(-20.8441309886328,14.6043202365486,-9.));
#5424=CARTESIAN_POINT('Ctrl Pts',(-20.896855893702,14.0722349991006,-9.));
#5425=CARTESIAN_POINT('Ctrl Pts',(-20.9000000168028,13.5363333043873,-9.));
#5426=CARTESIAN_POINT('Ctrl Pts',(-20.9,13.,-9.));
#5427=CARTESIAN_POINT('Origin',(-20.9,13.,-8.9));
#5428=CARTESIAN_POINT('Origin',(-20.9,0.,-8.9));
#5429=CARTESIAN_POINT('',(-20.9,-13.,-9.));
#5430=CARTESIAN_POINT('',(-20.9,-13.,-9.));
#5431=CARTESIAN_POINT('Origin',(-20.9,-13.,-8.9));
#5432=CARTESIAN_POINT('Ctrl Pts',(-20.9,-13.,-9.));
#5433=CARTESIAN_POINT('Ctrl Pts',(-21.,-13.,-9.00000000000001));
#5434=CARTESIAN_POINT('Ctrl Pts',(-21.,-13.,-8.9));
#5435=CARTESIAN_POINT('Ctrl Pts',(-20.9000000166751,-13.5324025199858,-9.));
#5436=CARTESIAN_POINT('Ctrl Pts',(-21.0000000166752,-13.532407300836,-8.99999999999723));
#5437=CARTESIAN_POINT('Ctrl Pts',(-21.,-13.5324073010761,-8.9));
#5438=CARTESIAN_POINT('Ctrl Pts',(-20.8967973219934,-14.0640668175191,-9.));
#5439=CARTESIAN_POINT('Ctrl Pts',(-20.9968808616949,-14.0680712643652,-8.99999999999908));
#5440=CARTESIAN_POINT('Ctrl Pts',(-20.9968808579115,-14.0680712639965,-8.9));
#5441=CARTESIAN_POINT('Ctrl Pts',(-20.7943674919695,-15.1150360029786,-9.));
#5442=CARTESIAN_POINT('Ctrl Pts',(-20.8933407772725,-15.1304320823902,-9.0000000000009));
#5443=CARTESIAN_POINT('Ctrl Pts',(-20.893340781056,-15.130432082759,-8.9));
#5444=CARTESIAN_POINT('Ctrl Pts',(-20.6968646296523,-15.6344107508737,-9.));
#5445=CARTESIAN_POINT('Ctrl Pts',(-20.7945634828747,-15.6571353628933,-9.));
#5446=CARTESIAN_POINT('Ctrl Pts',(-20.7945634811046,-15.6571353623326,-8.9));
#5447=CARTESIAN_POINT('Ctrl Pts',(-20.4541077284303,-16.4007348708283,-9.));
#5448=CARTESIAN_POINT('Ctrl Pts',(-20.5482549306443,-16.434671175665,-9.));
#5449=CARTESIAN_POINT('Ctrl Pts',(-20.5482549315293,-16.4346711759454,-8.9));
#5450=CARTESIAN_POINT('Ctrl Pts',(-20.357060411029,-16.6538408945815,-9.));
#5451=CARTESIAN_POINT('Ctrl Pts',(-20.4497580688719,-16.6915656900766,-9.));
#5452=CARTESIAN_POINT('Ctrl Pts',(-20.4497580690789,-16.6915656901707,-8.9));
#5453=CARTESIAN_POINT('Ctrl Pts',(-20.1360607749027,-17.1402102434914,-9.));
#5454=CARTESIAN_POINT('Ctrl Pts',(-20.2254473183635,-17.1852220398741,-9.));
#5455=CARTESIAN_POINT('Ctrl Pts',(-20.2254473181565,-17.1852220397801,-8.9));
#5456=CARTESIAN_POINT('Ctrl Pts',(-20.0115786346597,-17.3754898246461,-9.));
#5457=CARTESIAN_POINT('Ctrl Pts',(-20.0990969135633,-17.4240316973349,-9.));
#5458=CARTESIAN_POINT('Ctrl Pts',(-20.0990969135602,-17.424031697333,-8.9));
#5459=CARTESIAN_POINT('Ctrl Pts',(-19.7350686528924,-17.8304756554362,-9.));
#5460=CARTESIAN_POINT('Ctrl Pts',(-19.8184631037553,-17.8858031179902,-9.));
#5461=CARTESIAN_POINT('Ctrl Pts',(-19.8184631037584,-17.8858031179921,-8.9));
#5462=CARTESIAN_POINT('Ctrl Pts',(-19.5830558750046,-18.0501904215009,-9.));
#5463=CARTESIAN_POINT('Ctrl Pts',(-19.6641952051999,-18.1087751380674,-9.));
#5464=CARTESIAN_POINT('Ctrl Pts',(-19.6641952049093,-18.1087751378396,-8.9));
#5465=CARTESIAN_POINT('Ctrl Pts',(-19.2509178716703,-18.4737262045104,-9.));
#5466=CARTESIAN_POINT('Ctrl Pts',(-19.327157691838,-18.5385586789305,-9.));
#5467=CARTESIAN_POINT('Ctrl Pts',(-19.3271576921287,-18.5385586791584,-8.9));
#5468=CARTESIAN_POINT('Ctrl Pts',(-19.0721711070139,-18.6755318046851,-9.));
#5469=CARTESIAN_POINT('Ctrl Pts',(-19.1457866318412,-18.7433262196857,-9.));
#5470=CARTESIAN_POINT('Ctrl Pts',(-19.1457866319829,-18.7433262198268,-8.9));
#5471=CARTESIAN_POINT('Ctrl Pts',(-18.5074071534907,-19.2425710211443,-9.));
#5472=CARTESIAN_POINT('Ctrl Pts',(-18.5727341573761,-19.3186873490282,-9.));
#5473=CARTESIAN_POINT('Ctrl Pts',(-18.5727341570929,-19.3186873487462,-8.9));
#5474=CARTESIAN_POINT('Ctrl Pts',(-18.0900199316272,-19.57426155796,-9.));
#5475=CARTESIAN_POINT('Ctrl Pts',(-18.1492152304968,-19.6552595788232,-9.));
#5476=CARTESIAN_POINT('Ctrl Pts',(-18.1492152309439,-19.6552595795509,-8.9));
#5477=CARTESIAN_POINT('Ctrl Pts',(-17.1700452572548,-20.1393322037383,-9.));
#5478=CARTESIAN_POINT('Ctrl Pts',(-17.2155259595721,-20.2287540607517,-9.));
#5479=CARTESIAN_POINT('Ctrl Pts',(-17.2155259591251,-20.2287540600241,-8.9));
#5480=CARTESIAN_POINT('Ctrl Pts',(-16.6856312203063,-20.3609576076954,-9.));
#5481=CARTESIAN_POINT('Ctrl Pts',(-16.7237511074994,-20.4537370122731,-9.));
#5482=CARTESIAN_POINT('Ctrl Pts',(-16.7237511076132,-20.4537370126261,-8.9));
#5483=CARTESIAN_POINT('Ctrl Pts',(-15.9241237973812,-20.6064037811332,-9.));
#5484=CARTESIAN_POINT('Ctrl Pts',(-15.9510800726704,-20.7027813986324,-9.));
#5485=CARTESIAN_POINT('Ctrl Pts',(-15.9510800726135,-20.7027813984559,-8.9));
#5486=CARTESIAN_POINT('Ctrl Pts',(-15.663377490507,-20.6738153967757,-9.));
#5487=CARTESIAN_POINT('Ctrl Pts',(-15.6865896030511,-20.7711516655683,-9.));
#5488=CARTESIAN_POINT('Ctrl Pts',(-15.6865896033139,-20.7711516668794,-8.9));
#5489=CARTESIAN_POINT('Ctrl Pts',(-15.135478442574,-20.7796458606791,-9.));
#5490=CARTESIAN_POINT('Ctrl Pts',(-15.1515790812066,-20.8784078009423,-9.));
#5491=CARTESIAN_POINT('Ctrl Pts',(-15.1515790809437,-20.8784077996312,-8.9));
#5492=CARTESIAN_POINT('Ctrl Pts',(-14.8703628552731,-20.8177685360991,-9.));
#5493=CARTESIAN_POINT('Ctrl Pts',(-14.8831242383891,-20.9169937496166,-9.));
#5494=CARTESIAN_POINT('Ctrl Pts',(-14.8831242385856,-20.9169937515972,-8.9));
#5495=CARTESIAN_POINT('Ctrl Pts',(-14.0722349990996,-20.8968558937002,-9.));
#5496=CARTESIAN_POINT('Ctrl Pts',(-14.0762946762201,-20.9969433688574,-9.));
#5497=CARTESIAN_POINT('Ctrl Pts',(-14.0762946758271,-20.9969433648963,-8.9));
#5498=CARTESIAN_POINT('Ctrl Pts',(-13.5363333043879,-20.900000016802,-9.));
#5499=CARTESIAN_POINT('Ctrl Pts',(-13.5363393175318,-21.0000000168049,-9.00000000000139));
#5500=CARTESIAN_POINT('Ctrl Pts',(-13.5363393177911,-21.,-8.9));
#5501=CARTESIAN_POINT('Ctrl Pts',(-13.,-20.9,-9.));
#5502=CARTESIAN_POINT('Ctrl Pts',(-13.,-21.,-8.99999999999999));
#5503=CARTESIAN_POINT('Ctrl Pts',(-13.,-21.,-8.9));
#5504=CARTESIAN_POINT('',(-13.,-20.9,-9.));
#5505=CARTESIAN_POINT('Ctrl Pts',(-20.9,-13.,-9.));
#5506=CARTESIAN_POINT('Ctrl Pts',(-20.9000000166751,-13.5324025199858,-9.));
#5507=CARTESIAN_POINT('Ctrl Pts',(-20.8967973219934,-14.0640668175191,-9.));
#5508=CARTESIAN_POINT('Ctrl Pts',(-20.8455824069815,-14.5895514102489,-9.));
#5509=CARTESIAN_POINT('Ctrl Pts',(-20.7943674919695,-15.1150360029786,-9.));
#5510=CARTESIAN_POINT('Ctrl Pts',(-20.6968646296523,-15.6344107508737,-9.));
#5511=CARTESIAN_POINT('Ctrl Pts',(-20.5350266955043,-16.1452934975101,-9.));
#5512=CARTESIAN_POINT('Ctrl Pts',(-20.4541077284303,-16.4007348708283,-9.));
#5513=CARTESIAN_POINT('Ctrl Pts',(-20.357060411029,-16.6538408945815,-9.));
#5514=CARTESIAN_POINT('Ctrl Pts',(-20.2465605929658,-16.8970255690365,-9.));
#5515=CARTESIAN_POINT('Ctrl Pts',(-20.1360607749027,-17.1402102434914,-9.));
#5516=CARTESIAN_POINT('Ctrl Pts',(-20.0115786346597,-17.3754898246461,-9.));
#5517=CARTESIAN_POINT('Ctrl Pts',(-19.8733236437761,-17.6029827400411,-9.));
#5518=CARTESIAN_POINT('Ctrl Pts',(-19.7350686528924,-17.8304756554362,-9.));
#5519=CARTESIAN_POINT('Ctrl Pts',(-19.5830558750046,-18.0501904215009,-9.));
#5520=CARTESIAN_POINT('Ctrl Pts',(-19.4169868733375,-18.2619583130057,-9.));
#5521=CARTESIAN_POINT('Ctrl Pts',(-19.2509178716703,-18.4737262045104,-9.));
#5522=CARTESIAN_POINT('Ctrl Pts',(-19.0721711070139,-18.6755318046851,-9.));
#5523=CARTESIAN_POINT('Ctrl Pts',(-18.8839164558395,-18.8645448768381,-9.));
#5524=CARTESIAN_POINT('Ctrl Pts',(-18.5074071534907,-19.2425710211443,-9.));
#5525=CARTESIAN_POINT('Ctrl Pts',(-18.0900199316272,-19.57426155796,-9.));
#5526=CARTESIAN_POINT('Ctrl Pts',(-17.630032594441,-19.8567968808491,-9.));
#5527=CARTESIAN_POINT('Ctrl Pts',(-17.1700452572548,-20.1393322037383,-9.));
#5528=CARTESIAN_POINT('Ctrl Pts',(-16.6856312203063,-20.3609576076954,-9.));
#5529=CARTESIAN_POINT('Ctrl Pts',(-16.1779596050229,-20.5245883899873,-9.));
#5530=CARTESIAN_POINT('Ctrl Pts',(-15.9241237973812,-20.6064037811332,-9.));
#5531=CARTESIAN_POINT('Ctrl Pts',(-15.663377490507,-20.6738153967757,-9.));
#5532=CARTESIAN_POINT('Ctrl Pts',(-15.3994279665405,-20.7267306287274,-9.));
#5533=CARTESIAN_POINT('Ctrl Pts',(-15.135478442574,-20.7796458606791,-9.));
#5534=CARTESIAN_POINT('Ctrl Pts',(-14.8703628552731,-20.8177685360991,-9.));
#5535=CARTESIAN_POINT('Ctrl Pts',(-14.6043202365486,-20.8441309886328,-9.));
#5536=CARTESIAN_POINT('Ctrl Pts',(-14.0722349990996,-20.8968558937002,-9.));
#5537=CARTESIAN_POINT('Ctrl Pts',(-13.5363333043879,-20.900000016802,-9.));
#5538=CARTESIAN_POINT('Ctrl Pts',(-13.,-20.9,-9.));
#5539=CARTESIAN_POINT('Origin',(-13.,-20.9,-8.9));
#5540=CARTESIAN_POINT('Origin',(0.,-20.9,-8.9));
#5541=CARTESIAN_POINT('',(13.,-20.9,-9.));
#5542=CARTESIAN_POINT('Origin',(13.,-20.9,-8.9));
#5543=CARTESIAN_POINT('',(-13.,-20.9,-9.));
#5544=CARTESIAN_POINT('Ctrl Pts',(13.,-20.9,-9.));
#5545=CARTESIAN_POINT('Ctrl Pts',(13.,-21.,-9.));
#5546=CARTESIAN_POINT('Ctrl Pts',(13.,-21.,-8.9));
#5547=CARTESIAN_POINT('Ctrl Pts',(13.5324025199861,-20.9000000166751,-9.));
#5548=CARTESIAN_POINT('Ctrl Pts',(13.5324073008363,-21.0000000166752,-9.00000000000369));
#5549=CARTESIAN_POINT('Ctrl Pts',(13.5324073010763,-21.,-8.9));
#5550=CARTESIAN_POINT('Ctrl Pts',(14.0640668175187,-20.8967973219906,-9.));
#5551=CARTESIAN_POINT('Ctrl Pts',(14.0680712643648,-20.9968808616922,-9.));
#5552=CARTESIAN_POINT('Ctrl Pts',(14.0680712639963,-20.9968808579115,-8.9));
#5553=CARTESIAN_POINT('Ctrl Pts',(15.115036002979,-20.7943674919723,-9.));
#5554=CARTESIAN_POINT('Ctrl Pts',(15.1304320823907,-20.8933407772753,-9.));
#5555=CARTESIAN_POINT('Ctrl Pts',(15.1304320827592,-20.893340781056,-8.9));
#5556=CARTESIAN_POINT('Ctrl Pts',(15.6344107508681,-20.6968646296504,-9.));
#5557=CARTESIAN_POINT('Ctrl Pts',(15.6571353628887,-20.7945634828719,-9.));
#5558=CARTESIAN_POINT('Ctrl Pts',(15.6571353623292,-20.7945634811057,-8.9));
#5559=CARTESIAN_POINT('Ctrl Pts',(16.4007348708311,-20.4541077284313,-9.));
#5560=CARTESIAN_POINT('Ctrl Pts',(16.4346711756673,-20.5482549306457,-9.));
#5561=CARTESIAN_POINT('Ctrl Pts',(16.4346711759471,-20.5482549315288,-8.9));
#5562=CARTESIAN_POINT('Ctrl Pts',(16.6538408945811,-20.3570604110285,-9.));
#5563=CARTESIAN_POINT('Ctrl Pts',(16.6915656900762,-20.4497580688714,-9.));
#5564=CARTESIAN_POINT('Ctrl Pts',(16.6915656901705,-20.449758069079,-8.9));
#5565=CARTESIAN_POINT('Ctrl Pts',(17.1402102434919,-20.1360607749032,-9.));
#5566=CARTESIAN_POINT('Ctrl Pts',(17.1852220398746,-20.225447318364,-9.));
#5567=CARTESIAN_POINT('Ctrl Pts',(17.1852220397803,-20.2254473181565,-8.9));
#5568=CARTESIAN_POINT('Ctrl Pts',(17.375489824647,-20.0115786346597,-9.));
#5569=CARTESIAN_POINT('Ctrl Pts',(17.4240316973363,-20.0990969135633,-9.));
#5570=CARTESIAN_POINT('Ctrl Pts',(17.4240316973341,-20.0990969135596,-8.9));
#5571=CARTESIAN_POINT('Ctrl Pts',(17.8304756554353,-19.7350686528924,-9.));
#5572=CARTESIAN_POINT('Ctrl Pts',(17.8858031179888,-19.8184631037553,-9.));
#5573=CARTESIAN_POINT('Ctrl Pts',(17.885803117991,-19.818463103759,-8.9));
#5574=CARTESIAN_POINT('Ctrl Pts',(18.0501904215018,-19.5830558750032,-9.));
#5575=CARTESIAN_POINT('Ctrl Pts',(18.1087751380688,-19.6641952051989,-9.));
#5576=CARTESIAN_POINT('Ctrl Pts',(18.1087751378409,-19.6641952049082,-8.9));
#5577=CARTESIAN_POINT('Ctrl Pts',(18.4737262045095,-19.2509178716717,-9.));
#5578=CARTESIAN_POINT('Ctrl Pts',(18.538558678929,-19.327157691839,-9.));
#5579=CARTESIAN_POINT('Ctrl Pts',(18.5385586791571,-19.3271576921297,-8.9));
#5580=CARTESIAN_POINT('Ctrl Pts',(18.6755318046859,-19.0721711070139,-9.));
#5581=CARTESIAN_POINT('Ctrl Pts',(18.7433262196866,-19.1457866318412,-9.));
#5582=CARTESIAN_POINT('Ctrl Pts',(18.7433262198271,-19.1457866319824,-8.9));
#5583=CARTESIAN_POINT('Ctrl Pts',(19.2425710211424,-18.5074071534907,-9.));
#5584=CARTESIAN_POINT('Ctrl Pts',(19.3186873490263,-18.572734157376,-9.));
#5585=CARTESIAN_POINT('Ctrl Pts',(19.3186873487452,-18.5727341570938,-8.9));
#5586=CARTESIAN_POINT('Ctrl Pts',(19.574261557958,-18.0900199316299,-9.));
#5587=CARTESIAN_POINT('Ctrl Pts',(19.6552595788212,-18.1492152304996,-9.));
#5588=CARTESIAN_POINT('Ctrl Pts',(19.6552595795491,-18.1492152309467,-8.9));
#5589=CARTESIAN_POINT('Ctrl Pts',(20.1393322037401,-17.1700452572519,-9.));
#5590=CARTESIAN_POINT('Ctrl Pts',(20.2287540607536,-17.2155259595693,-9.));
#5591=CARTESIAN_POINT('Ctrl Pts',(20.2287540600258,-17.2155259591222,-8.9));
#5592=CARTESIAN_POINT('Ctrl Pts',(20.3609576076982,-16.6856312203063,-9.));
#5593=CARTESIAN_POINT('Ctrl Pts',(20.4537370122749,-16.7237511074994,-9.));
#5594=CARTESIAN_POINT('Ctrl Pts',(20.4537370126263,-16.7237511076126,-8.9));
#5595=CARTESIAN_POINT('Ctrl Pts',(20.6064037811318,-15.9241237973812,-9.));
#5596=CARTESIAN_POINT('Ctrl Pts',(20.7027813986314,-15.9510800726704,-9.));
#5597=CARTESIAN_POINT('Ctrl Pts',(20.7027813984558,-15.9510800726137,-8.9));
#5598=CARTESIAN_POINT('Ctrl Pts',(20.6738153967743,-15.6633774905063,-9.));
#5599=CARTESIAN_POINT('Ctrl Pts',(20.7711516655669,-15.6865896030504,-9.));
#5600=CARTESIAN_POINT('Ctrl Pts',(20.7711516668795,-15.6865896033135,-8.9));
#5601=CARTESIAN_POINT('Ctrl Pts',(20.7796458606804,-15.1354784425747,-9.));
#5602=CARTESIAN_POINT('Ctrl Pts',(20.8784078009437,-15.1515790812073,-9.));
#5603=CARTESIAN_POINT('Ctrl Pts',(20.8784077996311,-15.1515790809441,-8.9));
#5604=CARTESIAN_POINT('Ctrl Pts',(20.8177685360977,-14.8703628552724,-9.));
#5605=CARTESIAN_POINT('Ctrl Pts',(20.9169937496152,-14.8831242383884,-9.));
#5606=CARTESIAN_POINT('Ctrl Pts',(20.9169937515973,-14.8831242385848,-8.9));
#5607=CARTESIAN_POINT('Ctrl Pts',(20.8968558937029,-14.072234999101,-9.));
#5608=CARTESIAN_POINT('Ctrl Pts',(20.9969433688601,-14.0762946762214,-9.));
#5609=CARTESIAN_POINT('Ctrl Pts',(20.9969433648961,-14.0762946758287,-8.9));
#5610=CARTESIAN_POINT('Ctrl Pts',(20.9000000167898,-13.5363333043869,-9.));
#5611=CARTESIAN_POINT('Ctrl Pts',(21.0000000167928,-13.5363393175307,-8.99999999999487));
#5612=CARTESIAN_POINT('Ctrl Pts',(21.,-13.5363393177899,-8.9));
#5613=CARTESIAN_POINT('Ctrl Pts',(20.9,-13.,-9.));
#5614=CARTESIAN_POINT('Ctrl Pts',(21.,-13.,-8.99999999999999));
#5615=CARTESIAN_POINT('Ctrl Pts',(21.,-13.,-8.9));
#5616=CARTESIAN_POINT('',(20.9,-13.,-9.));
#5617=CARTESIAN_POINT('Origin',(20.9,-13.,-8.9));
#5618=CARTESIAN_POINT('Ctrl Pts',(13.,-20.9,-9.));
#5619=CARTESIAN_POINT('Ctrl Pts',(13.5324025199861,-20.9000000166751,-9.));
#5620=CARTESIAN_POINT('Ctrl Pts',(14.0640668175187,-20.8967973219906,-9.));
#5621=CARTESIAN_POINT('Ctrl Pts',(14.5895514102489,-20.8455824069814,-9.));
#5622=CARTESIAN_POINT('Ctrl Pts',(15.115036002979,-20.7943674919723,-9.));
#5623=CARTESIAN_POINT('Ctrl Pts',(15.6344107508681,-20.6968646296504,-9.));
#5624=CARTESIAN_POINT('Ctrl Pts',(16.1452934975101,-20.5350266955043,-9.));
#5625=CARTESIAN_POINT('Ctrl Pts',(16.4007348708311,-20.4541077284313,-9.));
#5626=CARTESIAN_POINT('Ctrl Pts',(16.6538408945811,-20.3570604110285,-9.));
#5627=CARTESIAN_POINT('Ctrl Pts',(16.8970255690365,-20.2465605929658,-9.));
#5628=CARTESIAN_POINT('Ctrl Pts',(17.1402102434919,-20.1360607749032,-9.));
#5629=CARTESIAN_POINT('Ctrl Pts',(17.375489824647,-20.0115786346597,-9.));
#5630=CARTESIAN_POINT('Ctrl Pts',(17.6029827400411,-19.8733236437761,-9.));
#5631=CARTESIAN_POINT('Ctrl Pts',(17.8304756554353,-19.7350686528924,-9.));
#5632=CARTESIAN_POINT('Ctrl Pts',(18.0501904215018,-19.5830558750032,-9.));
#5633=CARTESIAN_POINT('Ctrl Pts',(18.2619583130056,-19.4169868733374,-9.));
#5634=CARTESIAN_POINT('Ctrl Pts',(18.4737262045095,-19.2509178716717,-9.));
#5635=CARTESIAN_POINT('Ctrl Pts',(18.6755318046859,-19.0721711070139,-9.));
#5636=CARTESIAN_POINT('Ctrl Pts',(18.8645448768381,-18.8839164558395,-9.));
#5637=CARTESIAN_POINT('Ctrl Pts',(19.2425710211424,-18.5074071534907,-9.));
#5638=CARTESIAN_POINT('Ctrl Pts',(19.574261557958,-18.0900199316299,-9.));
#5639=CARTESIAN_POINT('Ctrl Pts',(19.8567968808491,-17.630032594441,-9.));
#5640=CARTESIAN_POINT('Ctrl Pts',(20.1393322037401,-17.1700452572519,-9.));
#5641=CARTESIAN_POINT('Ctrl Pts',(20.3609576076982,-16.6856312203063,-9.));
#5642=CARTESIAN_POINT('Ctrl Pts',(20.5245883899873,-16.1779596050229,-9.));
#5643=CARTESIAN_POINT('Ctrl Pts',(20.6064037811318,-15.9241237973812,-9.));
#5644=CARTESIAN_POINT('Ctrl Pts',(20.6738153967743,-15.6633774905063,-9.));
#5645=CARTESIAN_POINT('Ctrl Pts',(20.7267306287273,-15.3994279665405,-9.));
#5646=CARTESIAN_POINT('Ctrl Pts',(20.7796458606804,-15.1354784425747,-9.));
#5647=CARTESIAN_POINT('Ctrl Pts',(20.8177685360977,-14.8703628552724,-9.));
#5648=CARTESIAN_POINT('Ctrl Pts',(20.8441309886328,-14.6043202365486,-9.));
#5649=CARTESIAN_POINT('Ctrl Pts',(20.8968558937029,-14.072234999101,-9.));
#5650=CARTESIAN_POINT('Ctrl Pts',(20.9000000167898,-13.5363333043869,-9.));
#5651=CARTESIAN_POINT('Ctrl Pts',(20.9,-13.,-9.));
#5652=CARTESIAN_POINT('Origin',(20.9,0.,-8.9));
#5653=CARTESIAN_POINT('',(20.9,13.,-9.));
#5654=CARTESIAN_POINT('Origin',(20.9,13.,-8.9));
#5655=CARTESIAN_POINT('',(20.9,-13.,-9.));
#5656=CARTESIAN_POINT('Ctrl Pts',(20.9,13.,-9.));
#5657=CARTESIAN_POINT('Ctrl Pts',(21.,13.,-9.00000000000001));
#5658=CARTESIAN_POINT('Ctrl Pts',(21.,13.,-8.9));
#5659=CARTESIAN_POINT('Ctrl Pts',(20.9000000166751,13.5324025199875,-9.));
#5660=CARTESIAN_POINT('Ctrl Pts',(21.0000000166752,13.5324073008377,-8.99999999999723));
#5661=CARTESIAN_POINT('Ctrl Pts',(21.,13.5324073010778,-8.9));
#5662=CARTESIAN_POINT('Ctrl Pts',(20.8967973219924,14.0640668175169,-9.));
#5663=CARTESIAN_POINT('Ctrl Pts',(20.996880861694,14.0680712643629,-9.));
#5664=CARTESIAN_POINT('Ctrl Pts',(20.9968808579117,14.0680712639943,-8.9));
#5665=CARTESIAN_POINT('Ctrl Pts',(20.7943674919705,15.1150360029809,-9.));
#5666=CARTESIAN_POINT('Ctrl Pts',(20.8933407772735,15.1304320823925,-9.));
#5667=CARTESIAN_POINT('Ctrl Pts',(20.8933407810558,15.1304320827612,-8.9));
#5668=CARTESIAN_POINT('Ctrl Pts',(20.6968646296503,15.6344107508746,-9.));
#5669=CARTESIAN_POINT('Ctrl Pts',(20.7945634828728,15.6571353628942,-9.));
#5670=CARTESIAN_POINT('Ctrl Pts',(20.7945634811041,15.6571353623339,-8.9));
#5671=CARTESIAN_POINT('Ctrl Pts',(20.4541077284312,16.4007348708278,-9.));
#5672=CARTESIAN_POINT('Ctrl Pts',(20.5482549306452,16.4346711756645,-9.));
#5673=CARTESIAN_POINT('Ctrl Pts',(20.5482549315295,16.4346711759447,-8.9));
#5674=CARTESIAN_POINT('Ctrl Pts',(20.3570604110308,16.653840894582,-9.));
#5675=CARTESIAN_POINT('Ctrl Pts',(20.4497580688737,16.6915656900766,-9.));
#5676=CARTESIAN_POINT('Ctrl Pts',(20.4497580690792,16.69156569017,-8.9));
#5677=CARTESIAN_POINT('Ctrl Pts',(20.1360607749007,17.1402102434909,-9.));
#5678=CARTESIAN_POINT('Ctrl Pts',(20.2254473183616,17.185222039874,-9.));
#5679=CARTESIAN_POINT('Ctrl Pts',(20.2254473181562,17.1852220397807,-8.9));
#5680=CARTESIAN_POINT('Ctrl Pts',(20.0115786346592,17.3754898246461,-9.));
#5681=CARTESIAN_POINT('Ctrl Pts',(20.0990969135628,17.4240316973353,-9.));
#5682=CARTESIAN_POINT('Ctrl Pts',(20.0990969135598,17.4240316973336,-8.9));
#5683=CARTESIAN_POINT('Ctrl Pts',(19.7350686528928,17.8304756554361,-9.));
#5684=CARTESIAN_POINT('Ctrl Pts',(19.8184631037557,17.8858031179897,-9.));
#5685=CARTESIAN_POINT('Ctrl Pts',(19.8184631037586,17.8858031179915,-8.9));
#5686=CARTESIAN_POINT('Ctrl Pts',(19.583055875004,18.0501904215022,-9.));
#5687=CARTESIAN_POINT('Ctrl Pts',(19.6641952051998,18.1087751380693,-9.));
#5688=CARTESIAN_POINT('Ctrl Pts',(19.6641952049083,18.1087751378406,-8.9));
#5689=CARTESIAN_POINT('Ctrl Pts',(19.2509178716708,18.473726204509,-9.));
#5690=CARTESIAN_POINT('Ctrl Pts',(19.327157691838,18.5385586789285,-9.));
#5691=CARTESIAN_POINT('Ctrl Pts',(19.3271576921295,18.5385586791572,-8.9));
#5692=CARTESIAN_POINT('Ctrl Pts',(19.0721711070128,18.6755318046859,-9.));
#5693=CARTESIAN_POINT('Ctrl Pts',(19.1457866318403,18.7433262196865,-9.));
#5694=CARTESIAN_POINT('Ctrl Pts',(19.1457866319818,18.7433262198276,-8.9));
#5695=CARTESIAN_POINT('Ctrl Pts',(18.5074071534925,19.2425710211423,-9.));
#5696=CARTESIAN_POINT('Ctrl Pts',(18.5727341573778,19.3186873490263,-9.));
#5697=CARTESIAN_POINT('Ctrl Pts',(18.5727341570947,19.3186873487442,-8.9));
#5698=CARTESIAN_POINT('Ctrl Pts',(18.0900199316309,19.5742615579579,-9.));
#5699=CARTESIAN_POINT('Ctrl Pts',(18.1492152305005,19.6552595788212,-9.));
#5700=CARTESIAN_POINT('Ctrl Pts',(18.1492152309474,19.6552595795486,-8.9));
#5701=CARTESIAN_POINT('Ctrl Pts',(17.170045257251,20.1393322037401,-9.));
#5702=CARTESIAN_POINT('Ctrl Pts',(17.2155259595683,20.2287540607535,-9.));
#5703=CARTESIAN_POINT('Ctrl Pts',(17.2155259591215,20.2287540600261,-8.9));
#5704=CARTESIAN_POINT('Ctrl Pts',(16.6856312203063,20.3609576076971,-9.));
#5705=CARTESIAN_POINT('Ctrl Pts',(16.7237511074993,20.453737012274,-9.));
#5706=CARTESIAN_POINT('Ctrl Pts',(16.7237511076129,20.4537370126261,-8.9));
#5707=CARTESIAN_POINT('Ctrl Pts',(15.9241237973812,20.6064037811322,-9.));
#5708=CARTESIAN_POINT('Ctrl Pts',(15.9510800726703,20.7027813986318,-9.));
#5709=CARTESIAN_POINT('Ctrl Pts',(15.9510800726136,20.7027813984558,-8.9));
#5710=CARTESIAN_POINT('Ctrl Pts',(15.6633774905067,20.6738153967757,-9.));
#5711=CARTESIAN_POINT('Ctrl Pts',(15.6865896030506,20.7711516655678,-9.));
#5712=CARTESIAN_POINT('Ctrl Pts',(15.6865896033138,20.7711516668794,-8.9));
#5713=CARTESIAN_POINT('Ctrl Pts',(15.1354784425742,20.779645860679,-9.));
#5714=CARTESIAN_POINT('Ctrl Pts',(15.151579081207,20.8784078009427,-9.));
#5715=CARTESIAN_POINT('Ctrl Pts',(15.1515790809438,20.8784077996311,-8.9));
#5716=CARTESIAN_POINT('Ctrl Pts',(14.870362855272,20.8177685360982,-9.));
#5717=CARTESIAN_POINT('Ctrl Pts',(14.8831242383882,20.9169937496157,-9.));
#5718=CARTESIAN_POINT('Ctrl Pts',(14.8831242385843,20.9169937515973,-8.9));
#5719=CARTESIAN_POINT('Ctrl Pts',(14.0722349991019,20.896855893702,-9.));
#5720=CARTESIAN_POINT('Ctrl Pts',(14.0762946762219,20.9969433688592,-9.));
#5721=CARTESIAN_POINT('Ctrl Pts',(14.0762946758297,20.996943364896,-8.9));
#5722=CARTESIAN_POINT('Ctrl Pts',(13.5363333043862,20.900000016802,-9.));
#5723=CARTESIAN_POINT('Ctrl Pts',(13.5363393175304,21.0000000168049,-9.00000000000139));
#5724=CARTESIAN_POINT('Ctrl Pts',(13.5363393177891,21.,-8.9));
#5725=CARTESIAN_POINT('Ctrl Pts',(13.,20.9,-9.));
#5726=CARTESIAN_POINT('Ctrl Pts',(13.,21.,-8.99999999999999));
#5727=CARTESIAN_POINT('Ctrl Pts',(13.,21.,-8.9));
#5728=CARTESIAN_POINT('',(13.,20.9,-9.));
#5729=CARTESIAN_POINT('Ctrl Pts',(20.9,13.,-9.));
#5730=CARTESIAN_POINT('Ctrl Pts',(20.9000000166751,13.5324025199875,-9.));
#5731=CARTESIAN_POINT('Ctrl Pts',(20.8967973219924,14.0640668175169,-9.));
#5732=CARTESIAN_POINT('Ctrl Pts',(20.8455824069814,14.5895514102489,-9.));
#5733=CARTESIAN_POINT('Ctrl Pts',(20.7943674919705,15.1150360029809,-9.));
#5734=CARTESIAN_POINT('Ctrl Pts',(20.6968646296503,15.6344107508746,-9.));
#5735=CARTESIAN_POINT('Ctrl Pts',(20.5350266955043,16.1452934975101,-9.));
#5736=CARTESIAN_POINT('Ctrl Pts',(20.4541077284312,16.4007348708278,-9.));
#5737=CARTESIAN_POINT('Ctrl Pts',(20.3570604110308,16.653840894582,-9.));
#5738=CARTESIAN_POINT('Ctrl Pts',(20.2465605929658,16.8970255690365,-9.));
#5739=CARTESIAN_POINT('Ctrl Pts',(20.1360607749007,17.1402102434909,-9.));
#5740=CARTESIAN_POINT('Ctrl Pts',(20.0115786346592,17.3754898246461,-9.));
#5741=CARTESIAN_POINT('Ctrl Pts',(19.873323643776,17.6029827400411,-9.));
#5742=CARTESIAN_POINT('Ctrl Pts',(19.7350686528928,17.8304756554361,-9.));
#5743=CARTESIAN_POINT('Ctrl Pts',(19.583055875004,18.0501904215022,-9.));
#5744=CARTESIAN_POINT('Ctrl Pts',(19.4169868733374,18.2619583130056,-9.));
#5745=CARTESIAN_POINT('Ctrl Pts',(19.2509178716708,18.473726204509,-9.));
#5746=CARTESIAN_POINT('Ctrl Pts',(19.0721711070128,18.6755318046859,-9.));
#5747=CARTESIAN_POINT('Ctrl Pts',(18.8839164558394,18.864544876838,-9.));
#5748=CARTESIAN_POINT('Ctrl Pts',(18.5074071534925,19.2425710211423,-9.));
#5749=CARTESIAN_POINT('Ctrl Pts',(18.0900199316309,19.5742615579579,-9.));
#5750=CARTESIAN_POINT('Ctrl Pts',(17.6300325944409,19.856796880849,-9.));
#5751=CARTESIAN_POINT('Ctrl Pts',(17.170045257251,20.1393322037401,-9.));
#5752=CARTESIAN_POINT('Ctrl Pts',(16.6856312203063,20.3609576076971,-9.));
#5753=CARTESIAN_POINT('Ctrl Pts',(16.1779596050229,20.5245883899872,-9.));
#5754=CARTESIAN_POINT('Ctrl Pts',(15.9241237973812,20.6064037811322,-9.));
#5755=CARTESIAN_POINT('Ctrl Pts',(15.6633774905067,20.6738153967757,-9.));
#5756=CARTESIAN_POINT('Ctrl Pts',(15.3994279665404,20.7267306287273,-9.));
#5757=CARTESIAN_POINT('Ctrl Pts',(15.1354784425742,20.779645860679,-9.));
#5758=CARTESIAN_POINT('Ctrl Pts',(14.870362855272,20.8177685360982,-9.));
#5759=CARTESIAN_POINT('Ctrl Pts',(14.6043202365486,20.8441309886328,-9.));
#5760=CARTESIAN_POINT('Ctrl Pts',(14.0722349991019,20.896855893702,-9.));
#5761=CARTESIAN_POINT('Ctrl Pts',(13.5363333043862,20.900000016802,-9.));
#5762=CARTESIAN_POINT('Ctrl Pts',(13.,20.9,-9.));
#5763=CARTESIAN_POINT('Origin',(13.,20.9,-8.9));
#5764=CARTESIAN_POINT('Origin',(0.,20.9,-8.9));
#5765=CARTESIAN_POINT('',(-13.,20.9,-9.));
#5766=CARTESIAN_POINT('Origin',(0.,0.,-9.));
#5767=CARTESIAN_POINT('Origin',(-1.46957615897682E-15,-15.,-14.65));
#5768=CARTESIAN_POINT('',(-3.12615588418345E-16,-15.,-12.0973));
#5769=CARTESIAN_POINT('Origin',(0.,-15.,-14.65));
#5770=CARTESIAN_POINT('Origin',(0.,-21.,-14.65));
#5771=CARTESIAN_POINT('',(-3.12615588418345E-16,-16.,-12.0973));
#5772=CARTESIAN_POINT('',(-3.12615588418345E-16,-21.,-12.0973));
#5773=CARTESIAN_POINT('Origin',(0.,-16.,-14.65));
#5774=CARTESIAN_POINT('Origin',(2.5527,-16.,-14.65));
#5775=CARTESIAN_POINT('',(-3.88825358729285E-16,-16.,-11.475));
#5776=CARTESIAN_POINT('Origin',(0.,-16.,-14.65));
#5777=CARTESIAN_POINT('Origin',(0.,-21.,-14.65));
#5778=CARTESIAN_POINT('',(-3.88825358729285E-16,-20.49999999997,-11.475));
#5779=CARTESIAN_POINT('',(-3.88825358729285E-16,-21.,-11.475));
#5780=CARTESIAN_POINT('Origin',(0.,-20.49999999997,-14.65));
#5781=CARTESIAN_POINT('Origin',(17.7,-5.525,-15.77));
#5782=CARTESIAN_POINT('',(20.8000000000021,-6.92500000000536,-15.77));
#5783=CARTESIAN_POINT('',(19.7,-6.925,-15.77));
#5784=CARTESIAN_POINT('',(19.7,-6.925,-15.77));
#5785=CARTESIAN_POINT('',(19.7,-5.525,-14.37));
#5786=CARTESIAN_POINT('Origin',(19.7,-5.525,-15.77));
#5787=CARTESIAN_POINT('',(20.8000000000021,-5.525,-14.3699999999947));
#5788=CARTESIAN_POINT('',(19.7,-5.525,-14.37));
#5789=CARTESIAN_POINT('Origin',(20.8000000000083,-5.525,-15.77));
#5790=CARTESIAN_POINT('Origin',(17.7,-6.925,-15.77));
#5791=CARTESIAN_POINT('',(20.8000000000326,-6.92499999998481,-16.6));
#5792=CARTESIAN_POINT('',(19.7,-6.925,-16.6));
#5793=CARTESIAN_POINT('',(19.7,-6.925,-16.6));
#5794=CARTESIAN_POINT('',(19.7,-6.925,-15.77));
#5795=CARTESIAN_POINT('',(20.8,-6.925,-16.6));
#5796=CARTESIAN_POINT('Origin',(17.7,-5.525,-16.6));
#5797=CARTESIAN_POINT('',(20.8000000000163,-5.525,-17.9999999999931));
#5798=CARTESIAN_POINT('',(19.7,-5.525,-18.));
#5799=CARTESIAN_POINT('',(20.8000000000163,-5.525,-18.));
#5800=CARTESIAN_POINT('Origin',(19.7,-5.525,-16.6));
#5801=CARTESIAN_POINT('Origin',(20.8000000000652,-5.525,-16.6));
#5802=CARTESIAN_POINT('Origin',(17.7,-5.525,-18.));
#5803=CARTESIAN_POINT('',(20.7999999997613,5.525,-18.0000000002609));
#5804=CARTESIAN_POINT('',(19.7,5.525,-18.));
#5805=CARTESIAN_POINT('',(19.7,5.525,-18.));
#5806=CARTESIAN_POINT('',(19.7,-5.525,-18.));
#5807=CARTESIAN_POINT('',(20.8,-5.525,-18.));
#5808=CARTESIAN_POINT('Origin',(17.7,5.525,-16.6));
#5809=CARTESIAN_POINT('',(20.8000000000163,6.92499999999307,-16.6));
#5810=CARTESIAN_POINT('',(19.7,6.925,-16.6));
#5811=CARTESIAN_POINT('',(19.7,6.925,-16.6));
#5812=CARTESIAN_POINT('Origin',(19.7,5.525,-16.6));
#5813=CARTESIAN_POINT('Origin',(20.8000000000652,5.525,-16.6));
#5814=CARTESIAN_POINT('Origin',(17.7,6.925,-16.6));
#5815=CARTESIAN_POINT('',(20.79999999999,6.92499999998124,-16.3356854249492));
#5816=CARTESIAN_POINT('',(19.7,6.925,-16.3356854249492));
#5817=CARTESIAN_POINT('',(20.79999999999,6.925,-16.3356854249492));
#5818=CARTESIAN_POINT('',(19.7,6.925,-16.6));
#5819=CARTESIAN_POINT('',(20.8,6.925,-16.6));
#5820=CARTESIAN_POINT('Origin',(17.7,6.025,-16.3356854249494));
#5821=CARTESIAN_POINT('',(20.8000000000021,6.66139610307049,-15.6992893218789));
#5822=CARTESIAN_POINT('',(19.7,6.66139610306787,-15.6992893218815));
#5823=CARTESIAN_POINT('',(19.7,6.66139610306786,-15.6992893218815));
#5824=CARTESIAN_POINT('Origin',(19.7,6.025,-16.3356854249494));
#5825=CARTESIAN_POINT('Origin',(20.8000000000083,6.025,-16.3356854249494));
#5826=CARTESIAN_POINT('Origin',(17.7,6.92499999999991,-15.9628932188135));
#5827=CARTESIAN_POINT('',(20.8000000000063,5.59571067812095,-14.6336038969539));
#5828=CARTESIAN_POINT('',(19.7,5.59571067811862,-14.6336038969322));
#5829=CARTESIAN_POINT('',(20.8000000000063,5.5957106781186,-14.6336038969322));
#5830=CARTESIAN_POINT('',(19.7,6.66139610306787,-15.6992893218815));
#5831=CARTESIAN_POINT('',(20.8,6.66139610306788,-15.6992893218815));
#5832=CARTESIAN_POINT('Origin',(17.7,4.9593145750507,-15.27));
#5833=CARTESIAN_POINT('',(20.8000000000021,4.95931457505071,-14.370000000003));
#5834=CARTESIAN_POINT('',(19.7,4.95931457505071,-14.37));
#5835=CARTESIAN_POINT('',(19.7,4.95931457505071,-14.37));
#5836=CARTESIAN_POINT('Origin',(19.7,4.9593145750507,-15.27));
#5837=CARTESIAN_POINT('Origin',(20.8000000000083,4.9593145750507,-15.27));
#5838=CARTESIAN_POINT('Origin',(17.7,5.33210678118649,-14.37));
#5839=CARTESIAN_POINT('',(19.7,4.95931457505071,-14.37));
#5840=CARTESIAN_POINT('',(20.8,-5.525,-14.37));
#5841=CARTESIAN_POINT('Origin',(21.,-9.,-16.185));
#5842=CARTESIAN_POINT('',(18.,-9.,-15.385));
#5843=CARTESIAN_POINT('Origin',(18.,-9.,-16.185));
#5844=CARTESIAN_POINT('',(20.7800000000588,-9.,-15.385));
#5845=CARTESIAN_POINT('',(21.,-9.,-15.385));
#5846=CARTESIAN_POINT('Origin',(20.7800000000588,-9.,-16.185));
#5847=CARTESIAN_POINT('Origin',(21.,9.,-16.185));
#5848=CARTESIAN_POINT('',(18.,9.,-15.385));
#5849=CARTESIAN_POINT('Origin',(18.,9.,-16.185));
#5850=CARTESIAN_POINT('',(20.7800000000588,9.,-15.385));
#5851=CARTESIAN_POINT('',(21.,9.,-15.385));
#5852=CARTESIAN_POINT('Origin',(20.7800000000588,9.,-16.185));
#5853=CARTESIAN_POINT('Origin',(0.,-21.000000000015,-14.65));
#5854=CARTESIAN_POINT('',(-4.50057698685061E-16,-20.9999999999976,-10.975000000013));
#5855=CARTESIAN_POINT('',(-4.50057698687188E-16,-21.000000000015,-10.9749999999956));
#5856=CARTESIAN_POINT('Origin',(0.,-20.9999999999976,-14.65));
#5857=CARTESIAN_POINT('Origin',(20.9999999999013,-5.525,-15.77));
#5858=CARTESIAN_POINT('',(20.9999999999916,-5.525,-14.1700000000084));
#5859=CARTESIAN_POINT('',(20.8000000000037,-5.525,-14.3699999999963));
#5860=CARTESIAN_POINT('',(20.9999999999916,-7.1249999999916,-15.77));
#5861=CARTESIAN_POINT('Origin',(20.9999999999832,-5.525,-15.77));
#5862=CARTESIAN_POINT('',(20.8000000000037,-6.92500000000373,-15.77));
#5863=CARTESIAN_POINT('Origin',(20.8,-6.925,-15.77));
#5864=CARTESIAN_POINT('',(21.0000000000324,-7.12499999996972,-16.6));
#5865=CARTESIAN_POINT('',(21.,-7.125,-16.6));
#5866=CARTESIAN_POINT('',(20.9999999995603,-7.12499999917782,-16.6));
#5867=CARTESIAN_POINT('Origin',(20.9999999999581,-5.525,-16.6));
#5868=CARTESIAN_POINT('',(21.0000000000162,-5.525,-18.2000000000162));
#5869=CARTESIAN_POINT('Origin',(21.0000000000324,-5.525,-16.6));
#5870=CARTESIAN_POINT('',(21.0000000000162,-5.525,-18.2000000000162));
#5871=CARTESIAN_POINT('Origin',(20.8,-5.525,-18.));
#5872=CARTESIAN_POINT('',(20.9999999996589,5.525,-18.2000000003359));
#5873=CARTESIAN_POINT('',(21.,-5.525,-18.2));
#5874=CARTESIAN_POINT('',(20.999999998935,5.525,-18.2000000010589));
#5875=CARTESIAN_POINT('Origin',(21.000000000015,5.525,-16.6));
#5876=CARTESIAN_POINT('',(21.0000000000162,7.12500000001619,-16.6));
#5877=CARTESIAN_POINT('Origin',(21.0000000000324,5.525,-16.6));
#5878=CARTESIAN_POINT('',(21.0000000000162,7.1250000000162,-16.6));
#5879=CARTESIAN_POINT('Origin',(20.8,6.925,-16.6));
#5880=CARTESIAN_POINT('',(21.000000000007,7.12499999998323,-16.3356854249492));
#5881=CARTESIAN_POINT('',(21.,7.125,-16.6));
#5882=CARTESIAN_POINT('',(20.9999999995603,7.12499999900729,-16.3356854249492));
#5883=CARTESIAN_POINT('Origin',(20.9999999999013,6.025,-16.3356854249494));
#5884=CARTESIAN_POINT('',(20.999999999989,6.8028174592974,-15.5578679656519));
#5885=CARTESIAN_POINT('Origin',(20.9999999999781,6.025,-16.3356854249494));
#5886=CARTESIAN_POINT('',(20.999999999989,6.8028174592974,-15.5578679656519));
#5887=CARTESIAN_POINT('Origin',(20.8,6.92499999999991,-15.9628932188135));
#5888=CARTESIAN_POINT('',(21.0000000000037,5.7371320343499,-14.4921825407205));
#5889=CARTESIAN_POINT('',(21.,6.80281745930516,-15.5578679656441));
#5890=CARTESIAN_POINT('',(20.9999999999582,5.73713203391435,-14.4921825411188));
#5891=CARTESIAN_POINT('Origin',(20.9999999999581,4.9593145750507,-15.27));
#5892=CARTESIAN_POINT('',(21.0000000000142,4.95931457505071,-14.1699999999859));
#5893=CARTESIAN_POINT('Origin',(21.0000000000283,4.9593145750507,-15.27));
#5894=CARTESIAN_POINT('',(20.7999999999995,4.95931457505071,-14.3700000000005));
#5895=CARTESIAN_POINT('Origin',(20.8,5.33210678118649,-14.37));
#5896=CARTESIAN_POINT('',(21.,-5.525,-14.17));
#5897=CARTESIAN_POINT('Origin',(21.0000000000719,-9.,-16.185));
#5898=CARTESIAN_POINT('',(21.0000000000646,-9.,-15.1650000000173));
#5899=CARTESIAN_POINT('',(21.0000000000719,-9.,-15.1650000000101));
#5900=CARTESIAN_POINT('Origin',(21.0000000000647,-9.,-16.185));
#5901=CARTESIAN_POINT('Origin',(21.0000000000719,9.,-16.185));
#5902=CARTESIAN_POINT('',(21.0000000000646,9.,-15.1650000000173));
#5903=CARTESIAN_POINT('',(21.0000000000719,9.,-15.1650000000101));
#5904=CARTESIAN_POINT('Origin',(21.0000000000647,9.,-16.185));
#5905=CARTESIAN_POINT('Origin',(0.,0.,-9.3));
#5906=CARTESIAN_POINT('',(-13.,-21.,-9.3));
#5907=CARTESIAN_POINT('',(13.,-21.,-9.3));
#5908=CARTESIAN_POINT('',(-13.,-21.,-9.3));
#5909=CARTESIAN_POINT('',(21.,-13.,-9.3));
#5910=CARTESIAN_POINT('Ctrl Pts',(13.,-21.,-9.3));
#5911=CARTESIAN_POINT('Ctrl Pts',(15.4895373825391,-21.,-9.3));
#5912=CARTESIAN_POINT('Ctrl Pts',(17.9790747650782,-21.,-9.3));
#5913=CARTESIAN_POINT('Ctrl Pts',(21.,-17.9790747650781,-9.3));
#5914=CARTESIAN_POINT('Ctrl Pts',(21.,-15.4895373825391,-9.3));
#5915=CARTESIAN_POINT('Ctrl Pts',(21.,-13.,-9.3));
#5916=CARTESIAN_POINT('',(21.,13.,-9.3));
#5917=CARTESIAN_POINT('',(21.,-13.,-9.3));
#5918=CARTESIAN_POINT('',(13.,21.,-9.3));
#5919=CARTESIAN_POINT('Ctrl Pts',(21.,13.,-9.3));
#5920=CARTESIAN_POINT('Ctrl Pts',(21.,15.4895373825391,-9.3));
#5921=CARTESIAN_POINT('Ctrl Pts',(21.,17.9790747650782,-9.3));
#5922=CARTESIAN_POINT('Ctrl Pts',(17.9790747650781,21.,-9.3));
#5923=CARTESIAN_POINT('Ctrl Pts',(15.4895373825391,21.,-9.3));
#5924=CARTESIAN_POINT('Ctrl Pts',(13.,21.,-9.3));
#5925=CARTESIAN_POINT('',(-13.,21.,-9.3));
#5926=CARTESIAN_POINT('',(-13.,21.,-9.3));
#5927=CARTESIAN_POINT('',(-21.,13.,-9.3));
#5928=CARTESIAN_POINT('Ctrl Pts',(-13.,21.,-9.3));
#5929=CARTESIAN_POINT('Ctrl Pts',(-15.4895373825391,21.,-9.3));
#5930=CARTESIAN_POINT('Ctrl Pts',(-17.9790747650782,21.,-9.3));
#5931=CARTESIAN_POINT('Ctrl Pts',(-21.,17.9790747650781,-9.3));
#5932=CARTESIAN_POINT('Ctrl Pts',(-21.,15.4895373825391,-9.3));
#5933=CARTESIAN_POINT('Ctrl Pts',(-21.,13.,-9.3));
#5934=CARTESIAN_POINT('',(-21.,-13.,-9.3));
#5935=CARTESIAN_POINT('',(-21.,-13.,-9.3));
#5936=CARTESIAN_POINT('Ctrl Pts',(-21.,-13.,-9.3));
#5937=CARTESIAN_POINT('Ctrl Pts',(-21.,-15.4895373825391,-9.3));
#5938=CARTESIAN_POINT('Ctrl Pts',(-21.,-17.9790747650782,-9.3));
#5939=CARTESIAN_POINT('Ctrl Pts',(-17.9790747650781,-21.,-9.3));
#5940=CARTESIAN_POINT('Ctrl Pts',(-15.4895373825391,-21.,-9.3));
#5941=CARTESIAN_POINT('Ctrl Pts',(-13.,-21.,-9.3));
#5942=CARTESIAN_POINT('Ctrl Pts',(-0.552313087304503,21.,1.4));
#5943=CARTESIAN_POINT('Ctrl Pts',(-0.552313087304503,21.,-37.12));
#5944=CARTESIAN_POINT('Ctrl Pts',(-3.0418504698436,21.,1.4));
#5945=CARTESIAN_POINT('Ctrl Pts',(-3.0418504698436,21.,-37.12));
#5946=CARTESIAN_POINT('Ctrl Pts',(-5.5313878523827,21.,1.4));
#5947=CARTESIAN_POINT('Ctrl Pts',(-5.5313878523827,21.,-37.12));
#5948=CARTESIAN_POINT('Ctrl Pts',(-8.0209252349218,21.,1.4));
#5949=CARTESIAN_POINT('Ctrl Pts',(-8.0209252349218,21.,-37.12));
#5950=CARTESIAN_POINT('Ctrl Pts',(-10.5104626174609,21.,1.4));
#5951=CARTESIAN_POINT('Ctrl Pts',(-10.5104626174609,21.,-37.12));
#5952=CARTESIAN_POINT('Ctrl Pts',(-13.,21.,1.4));
#5953=CARTESIAN_POINT('Ctrl Pts',(-13.,21.,-37.12));
#5954=CARTESIAN_POINT('Ctrl Pts',(-15.4895373825391,21.,1.4));
#5955=CARTESIAN_POINT('Ctrl Pts',(-15.4895373825391,21.,-37.12));
#5956=CARTESIAN_POINT('Ctrl Pts',(-17.9790747650782,21.,1.4));
#5957=CARTESIAN_POINT('Ctrl Pts',(-17.9790747650782,21.,-37.12));
#5958=CARTESIAN_POINT('Ctrl Pts',(-21.,17.9790747650782,1.4));
#5959=CARTESIAN_POINT('Ctrl Pts',(-21.,17.9790747650782,-37.12));
#5960=CARTESIAN_POINT('Ctrl Pts',(-21.,15.4895373825391,1.4));
#5961=CARTESIAN_POINT('Ctrl Pts',(-21.,15.4895373825391,-37.12));
#5962=CARTESIAN_POINT('Ctrl Pts',(-21.,13.,1.4));
#5963=CARTESIAN_POINT('Ctrl Pts',(-21.,13.,-37.12));
#5964=CARTESIAN_POINT('Ctrl Pts',(-21.,10.5104626174609,1.4));
#5965=CARTESIAN_POINT('Ctrl Pts',(-21.,10.5104626174609,-37.12));
#5966=CARTESIAN_POINT('Ctrl Pts',(-21.,8.0209252349218,1.4));
#5967=CARTESIAN_POINT('Ctrl Pts',(-21.,8.0209252349218,-37.12));
#5968=CARTESIAN_POINT('Ctrl Pts',(-21.,5.5313878523827,1.4));
#5969=CARTESIAN_POINT('Ctrl Pts',(-21.,5.5313878523827,-37.12));
#5970=CARTESIAN_POINT('Ctrl Pts',(-21.,3.0418504698436,1.4));
#5971=CARTESIAN_POINT('Ctrl Pts',(-21.,3.0418504698436,-37.12));
#5972=CARTESIAN_POINT('Ctrl Pts',(-21.,0.552313087304503,1.4));
#5973=CARTESIAN_POINT('Ctrl Pts',(-21.,0.552313087304503,-37.12));
#5974=CARTESIAN_POINT('',(-13.,21.,-20.));
#5975=CARTESIAN_POINT('',(-13.,21.,-9.3));
#5976=CARTESIAN_POINT('',(-21.,13.,-20.));
#5977=CARTESIAN_POINT('Ctrl Pts',(-13.,21.,-20.));
#5978=CARTESIAN_POINT('Ctrl Pts',(-15.4895373825391,21.,-20.));
#5979=CARTESIAN_POINT('Ctrl Pts',(-17.9790747650782,21.,-20.));
#5980=CARTESIAN_POINT('Ctrl Pts',(-21.,17.9790747650781,-20.));
#5981=CARTESIAN_POINT('Ctrl Pts',(-21.,15.4895373825391,-20.));
#5982=CARTESIAN_POINT('Ctrl Pts',(-21.,13.,-20.));
#5983=CARTESIAN_POINT('',(-21.,13.,-9.3));
#5984=CARTESIAN_POINT('Origin',(-21.,-13.,50.09696961967));
#5985=CARTESIAN_POINT('',(-21.,-13.,-20.));
#5986=CARTESIAN_POINT('',(-21.,-13.,-20.));
#5987=CARTESIAN_POINT('',(-21.,-13.,-20.));
#5988=CARTESIAN_POINT('Ctrl Pts',(-21.,-0.552313087304503,1.4));
#5989=CARTESIAN_POINT('Ctrl Pts',(-21.,-0.552313087304503,-37.12));
#5990=CARTESIAN_POINT('Ctrl Pts',(-21.,-3.0418504698436,1.4));
#5991=CARTESIAN_POINT('Ctrl Pts',(-21.,-3.0418504698436,-37.12));
#5992=CARTESIAN_POINT('Ctrl Pts',(-21.,-5.5313878523827,1.4));
#5993=CARTESIAN_POINT('Ctrl Pts',(-21.,-5.5313878523827,-37.12));
#5994=CARTESIAN_POINT('Ctrl Pts',(-21.,-8.0209252349218,1.4));
#5995=CARTESIAN_POINT('Ctrl Pts',(-21.,-8.0209252349218,-37.12));
#5996=CARTESIAN_POINT('Ctrl Pts',(-21.,-10.5104626174609,1.4));
#5997=CARTESIAN_POINT('Ctrl Pts',(-21.,-10.5104626174609,-37.12));
#5998=CARTESIAN_POINT('Ctrl Pts',(-21.,-13.,1.4));
#5999=CARTESIAN_POINT('Ctrl Pts',(-21.,-13.,-37.12));
#6000=CARTESIAN_POINT('Ctrl Pts',(-21.,-15.4895373825391,1.4));
#6001=CARTESIAN_POINT('Ctrl Pts',(-21.,-15.4895373825391,-37.12));
#6002=CARTESIAN_POINT('Ctrl Pts',(-21.,-17.9790747650782,1.4));
#6003=CARTESIAN_POINT('Ctrl Pts',(-21.,-17.9790747650782,-37.12));
#6004=CARTESIAN_POINT('Ctrl Pts',(-17.9790747650782,-21.,1.4));
#6005=CARTESIAN_POINT('Ctrl Pts',(-17.9790747650782,-21.,-37.12));
#6006=CARTESIAN_POINT('Ctrl Pts',(-15.4895373825391,-21.,1.4));
#6007=CARTESIAN_POINT('Ctrl Pts',(-15.4895373825391,-21.,-37.12));
#6008=CARTESIAN_POINT('Ctrl Pts',(-13.,-21.,1.4));
#6009=CARTESIAN_POINT('Ctrl Pts',(-13.,-21.,-37.12));
#6010=CARTESIAN_POINT('Ctrl Pts',(-10.5104626174609,-21.,1.4));
#6011=CARTESIAN_POINT('Ctrl Pts',(-10.5104626174609,-21.,-37.12));
#6012=CARTESIAN_POINT('Ctrl Pts',(-8.0209252349218,-21.,1.4));
#6013=CARTESIAN_POINT('Ctrl Pts',(-8.0209252349218,-21.,-37.12));
#6014=CARTESIAN_POINT('Ctrl Pts',(-5.5313878523827,-21.,1.4));
#6015=CARTESIAN_POINT('Ctrl Pts',(-5.5313878523827,-21.,-37.12));
#6016=CARTESIAN_POINT('Ctrl Pts',(-3.0418504698436,-21.,1.4));
#6017=CARTESIAN_POINT('Ctrl Pts',(-3.0418504698436,-21.,-37.12));
#6018=CARTESIAN_POINT('Ctrl Pts',(-0.552313087304503,-21.,1.4));
#6019=CARTESIAN_POINT('Ctrl Pts',(-0.552313087304503,-21.,-37.12));
#6020=CARTESIAN_POINT('',(-13.,-21.,-20.));
#6021=CARTESIAN_POINT('Ctrl Pts',(-21.,-13.,-20.));
#6022=CARTESIAN_POINT('Ctrl Pts',(-21.,-15.4895373825391,-20.));
#6023=CARTESIAN_POINT('Ctrl Pts',(-21.,-17.9790747650782,-20.));
#6024=CARTESIAN_POINT('Ctrl Pts',(-17.9790747650781,-21.,-20.));
#6025=CARTESIAN_POINT('Ctrl Pts',(-15.4895373825391,-21.,-20.));
#6026=CARTESIAN_POINT('Ctrl Pts',(-13.,-21.,-20.));
#6027=CARTESIAN_POINT('',(-13.,-21.,-20.));
#6028=CARTESIAN_POINT('Origin',(13.,-21.,50.09696961967));
#6029=CARTESIAN_POINT('',(13.,-21.,-20.));
#6030=CARTESIAN_POINT('',(13.,-21.,-20.));
#6031=CARTESIAN_POINT('',(13.,-21.,-20.));
#6032=CARTESIAN_POINT('Ctrl Pts',(0.552313087304503,-21.,1.4));
#6033=CARTESIAN_POINT('Ctrl Pts',(0.552313087304503,-21.,-37.12));
#6034=CARTESIAN_POINT('Ctrl Pts',(3.0418504698436,-21.,1.4));
#6035=CARTESIAN_POINT('Ctrl Pts',(3.0418504698436,-21.,-37.12));
#6036=CARTESIAN_POINT('Ctrl Pts',(5.5313878523827,-21.,1.4));
#6037=CARTESIAN_POINT('Ctrl Pts',(5.5313878523827,-21.,-37.12));
#6038=CARTESIAN_POINT('Ctrl Pts',(8.0209252349218,-21.,1.4));
#6039=CARTESIAN_POINT('Ctrl Pts',(8.0209252349218,-21.,-37.12));
#6040=CARTESIAN_POINT('Ctrl Pts',(10.5104626174609,-21.,1.4));
#6041=CARTESIAN_POINT('Ctrl Pts',(10.5104626174609,-21.,-37.12));
#6042=CARTESIAN_POINT('Ctrl Pts',(13.,-21.,1.4));
#6043=CARTESIAN_POINT('Ctrl Pts',(13.,-21.,-37.12));
#6044=CARTESIAN_POINT('Ctrl Pts',(15.4895373825391,-21.,1.4));
#6045=CARTESIAN_POINT('Ctrl Pts',(15.4895373825391,-21.,-37.12));
#6046=CARTESIAN_POINT('Ctrl Pts',(17.9790747650782,-21.,1.4));
#6047=CARTESIAN_POINT('Ctrl Pts',(17.9790747650782,-21.,-37.12));
#6048=CARTESIAN_POINT('Ctrl Pts',(21.,-17.9790747650782,1.4));
#6049=CARTESIAN_POINT('Ctrl Pts',(21.,-17.9790747650782,-37.12));
#6050=CARTESIAN_POINT('Ctrl Pts',(21.,-15.4895373825391,1.4));
#6051=CARTESIAN_POINT('Ctrl Pts',(21.,-15.4895373825391,-37.12));
#6052=CARTESIAN_POINT('Ctrl Pts',(21.,-13.,1.4));
#6053=CARTESIAN_POINT('Ctrl Pts',(21.,-13.,-37.12));
#6054=CARTESIAN_POINT('Ctrl Pts',(21.,-10.5104626174609,1.4));
#6055=CARTESIAN_POINT('Ctrl Pts',(21.,-10.5104626174609,-37.12));
#6056=CARTESIAN_POINT('Ctrl Pts',(21.,-8.0209252349218,1.4));
#6057=CARTESIAN_POINT('Ctrl Pts',(21.,-8.0209252349218,-37.12));
#6058=CARTESIAN_POINT('Ctrl Pts',(21.,-5.5313878523827,1.4));
#6059=CARTESIAN_POINT('Ctrl Pts',(21.,-5.5313878523827,-37.12));
#6060=CARTESIAN_POINT('Ctrl Pts',(21.,-3.0418504698436,1.4));
#6061=CARTESIAN_POINT('Ctrl Pts',(21.,-3.0418504698436,-37.12));
#6062=CARTESIAN_POINT('Ctrl Pts',(21.,-0.552313087304503,1.4));
#6063=CARTESIAN_POINT('Ctrl Pts',(21.,-0.552313087304503,-37.12));
#6064=CARTESIAN_POINT('',(21.,-13.,-20.));
#6065=CARTESIAN_POINT('Ctrl Pts',(13.,-21.,-20.));
#6066=CARTESIAN_POINT('Ctrl Pts',(15.4895373825391,-21.,-20.));
#6067=CARTESIAN_POINT('Ctrl Pts',(17.9790747650782,-21.,-20.));
#6068=CARTESIAN_POINT('Ctrl Pts',(21.,-17.9790747650781,-20.));
#6069=CARTESIAN_POINT('Ctrl Pts',(21.,-15.4895373825391,-20.));
#6070=CARTESIAN_POINT('Ctrl Pts',(21.,-13.,-20.));
#6071=CARTESIAN_POINT('',(21.,-13.,-20.));
#6072=CARTESIAN_POINT('Origin',(21.,13.,50.09696961967));
#6073=CARTESIAN_POINT('',(21.,13.,-20.));
#6074=CARTESIAN_POINT('',(21.,13.,-20.));
#6075=CARTESIAN_POINT('',(21.,13.,-20.));
#6076=CARTESIAN_POINT('Ctrl Pts',(21.,0.552313087304503,1.4));
#6077=CARTESIAN_POINT('Ctrl Pts',(21.,0.552313087304503,-37.12));
#6078=CARTESIAN_POINT('Ctrl Pts',(21.,3.0418504698436,1.4));
#6079=CARTESIAN_POINT('Ctrl Pts',(21.,3.0418504698436,-37.12));
#6080=CARTESIAN_POINT('Ctrl Pts',(21.,5.5313878523827,1.4));
#6081=CARTESIAN_POINT('Ctrl Pts',(21.,5.5313878523827,-37.12));
#6082=CARTESIAN_POINT('Ctrl Pts',(21.,8.0209252349218,1.4));
#6083=CARTESIAN_POINT('Ctrl Pts',(21.,8.0209252349218,-37.12));
#6084=CARTESIAN_POINT('Ctrl Pts',(21.,10.5104626174609,1.4));
#6085=CARTESIAN_POINT('Ctrl Pts',(21.,10.5104626174609,-37.12));
#6086=CARTESIAN_POINT('Ctrl Pts',(21.,13.,1.4));
#6087=CARTESIAN_POINT('Ctrl Pts',(21.,13.,-37.12));
#6088=CARTESIAN_POINT('Ctrl Pts',(21.,15.4895373825391,1.4));
#6089=CARTESIAN_POINT('Ctrl Pts',(21.,15.4895373825391,-37.12));
#6090=CARTESIAN_POINT('Ctrl Pts',(21.,17.9790747650782,1.4));
#6091=CARTESIAN_POINT('Ctrl Pts',(21.,17.9790747650782,-37.12));
#6092=CARTESIAN_POINT('Ctrl Pts',(17.9790747650782,21.,1.4));
#6093=CARTESIAN_POINT('Ctrl Pts',(17.9790747650782,21.,-37.12));
#6094=CARTESIAN_POINT('Ctrl Pts',(15.4895373825391,21.,1.4));
#6095=CARTESIAN_POINT('Ctrl Pts',(15.4895373825391,21.,-37.12));
#6096=CARTESIAN_POINT('Ctrl Pts',(13.,21.,1.4));
#6097=CARTESIAN_POINT('Ctrl Pts',(13.,21.,-37.12));
#6098=CARTESIAN_POINT('Ctrl Pts',(10.5104626174609,21.,1.4));
#6099=CARTESIAN_POINT('Ctrl Pts',(10.5104626174609,21.,-37.12));
#6100=CARTESIAN_POINT('Ctrl Pts',(8.0209252349218,21.,1.4));
#6101=CARTESIAN_POINT('Ctrl Pts',(8.0209252349218,21.,-37.12));
#6102=CARTESIAN_POINT('Ctrl Pts',(5.5313878523827,21.,1.4));
#6103=CARTESIAN_POINT('Ctrl Pts',(5.5313878523827,21.,-37.12));
#6104=CARTESIAN_POINT('Ctrl Pts',(3.0418504698436,21.,1.4));
#6105=CARTESIAN_POINT('Ctrl Pts',(3.0418504698436,21.,-37.12));
#6106=CARTESIAN_POINT('Ctrl Pts',(0.552313087304503,21.,1.4));
#6107=CARTESIAN_POINT('Ctrl Pts',(0.552313087304503,21.,-37.12));
#6108=CARTESIAN_POINT('',(13.,21.,-20.));
#6109=CARTESIAN_POINT('Ctrl Pts',(21.,13.,-20.));
#6110=CARTESIAN_POINT('Ctrl Pts',(21.,15.4895373825391,-20.));
#6111=CARTESIAN_POINT('Ctrl Pts',(21.,17.9790747650782,-20.));
#6112=CARTESIAN_POINT('Ctrl Pts',(17.9790747650781,21.,-20.));
#6113=CARTESIAN_POINT('Ctrl Pts',(15.4895373825391,21.,-20.));
#6114=CARTESIAN_POINT('Ctrl Pts',(13.,21.,-20.));
#6115=CARTESIAN_POINT('',(13.,21.,-9.3));
#6116=CARTESIAN_POINT('Origin',(-13.,21.,50.09696961967));
#6117=CARTESIAN_POINT('',(-13.,21.,-20.));
#6118=CARTESIAN_POINT('Origin',(18.,9.,-16.185));
#6119=CARTESIAN_POINT('Origin',(18.,-9.,-16.185));
#6120=CARTESIAN_POINT('Ctrl Pts',(-13.,-21.,-20.));
#6121=CARTESIAN_POINT('Ctrl Pts',(-13.,-21.,-23.));
#6122=CARTESIAN_POINT('Ctrl Pts',(-13.,-18.,-23.));
#6123=CARTESIAN_POINT('Ctrl Pts',(-13.1718335807422,-21.,-20.));
#6124=CARTESIAN_POINT('Ctrl Pts',(-13.1718335807418,-21.0000000053891,-23.));
#6125=CARTESIAN_POINT('Ctrl Pts',(-13.1718335887553,-18.0000000053858,-23.));
#6126=CARTESIAN_POINT('Ctrl Pts',(-13.5404308993505,-21.0002897238055,-20.));
#6127=CARTESIAN_POINT('Ctrl Pts',(-13.5404308993507,-21.0002897213041,-23.));
#6128=CARTESIAN_POINT('Ctrl Pts',(-13.5154868213763,-18.0000983983025,-23.));
#6129=CARTESIAN_POINT('Ctrl Pts',(-14.1865910752774,-20.9836408078964,-20.));
#6130=CARTESIAN_POINT('Ctrl Pts',(-14.1865910752773,-20.9836408085677,-23.));
#6131=CARTESIAN_POINT('Ctrl Pts',(-14.029925624712,-17.9859638822444,-23.));
#6132=CARTESIAN_POINT('Ctrl Pts',(-14.9369009492325,-20.9189515529328,-20.));
#6133=CARTESIAN_POINT('Ctrl Pts',(-14.9369009492326,-20.9189515527489,-23.));
#6134=CARTESIAN_POINT('Ctrl Pts',(-14.5413149953621,-17.9403378090572,-23.));
#6135=CARTESIAN_POINT('Ctrl Pts',(-15.6423753308615,-20.7878395755161,-20.));
#6136=CARTESIAN_POINT('Ctrl Pts',(-15.6423753308615,-20.7878395755388,-23.));
#6137=CARTESIAN_POINT('Ctrl Pts',(-14.9654555625494,-17.86032982531,-23.));
#6138=CARTESIAN_POINT('Ctrl Pts',(-16.2259971927017,-20.6194762888911,-20.));
#6139=CARTESIAN_POINT('Ctrl Pts',(-16.2259971927017,-20.619476288887,-23.));
#6140=CARTESIAN_POINT('Ctrl Pts',(-15.2989080368858,-17.7640010612467,-23.));
#6141=CARTESIAN_POINT('Ctrl Pts',(-16.8016472427607,-20.4110617271973,-20.));
#6142=CARTESIAN_POINT('Ctrl Pts',(-16.8016472427607,-20.4110617271997,-23.));
#6143=CARTESIAN_POINT('Ctrl Pts',(-15.6217386595975,-17.6470269383427,-23.));
#6144=CARTESIAN_POINT('Ctrl Pts',(-17.4963289071338,-20.0768113135351,-20.));
#6145=CARTESIAN_POINT('Ctrl Pts',(-17.4963289071338,-20.0768113135343,-23.));
#6146=CARTESIAN_POINT('Ctrl Pts',(-16.0075228237806,-17.4614021459505,-23.));
#6147=CARTESIAN_POINT('Ctrl Pts',(-18.273541283323,-19.5604678131732,-20.));
#6148=CARTESIAN_POINT('Ctrl Pts',(-18.273541283323,-19.5604678131734,-23.));
#6149=CARTESIAN_POINT('Ctrl Pts',(-16.4435202696114,-17.1720182021969,-23.));
#6150=CARTESIAN_POINT('Ctrl Pts',(-18.956235793651,-18.9615000822642,-20.));
#6151=CARTESIAN_POINT('Ctrl Pts',(-18.9562357936509,-18.9615000822641,-23.));
#6152=CARTESIAN_POINT('Ctrl Pts',(-16.8300439068716,-16.8330162329979,-23.));
#6153=CARTESIAN_POINT('Ctrl Pts',(-19.459202577844,-18.3891333281844,-20.));
#6154=CARTESIAN_POINT('Ctrl Pts',(-19.4592025778442,-18.3891333281844,-23.));
#6155=CARTESIAN_POINT('Ctrl Pts',(-17.1146909586885,-16.508975138564,-23.));
#6156=CARTESIAN_POINT('Ctrl Pts',(-19.8182256233373,-17.8859236365046,-20.));
#6157=CARTESIAN_POINT('Ctrl Pts',(-19.818225623337,-17.8859236365046,-23.));
#6158=CARTESIAN_POINT('Ctrl Pts',(-17.3165088337124,-16.2260510832766,-23.));
#6159=CARTESIAN_POINT('Ctrl Pts',(-20.1400897586968,-17.363133698974,-20.));
#6160=CARTESIAN_POINT('Ctrl Pts',(-20.1400897586985,-17.363133698974,-23.));
#6161=CARTESIAN_POINT('Ctrl Pts',(-17.4965204121657,-15.9335886956454,-23.));
#6162=CARTESIAN_POINT('Ctrl Pts',(-20.4758303355589,-16.6698191401913,-20.));
#6163=CARTESIAN_POINT('Ctrl Pts',(-20.4758303355456,-16.6698191401913,-23.));
#6164=CARTESIAN_POINT('Ctrl Pts',(-17.6829598707602,-15.548496403291,-23.));
#6165=CARTESIAN_POINT('Ctrl Pts',(-20.761380727912,-15.7849251461565,-20.));
#6166=CARTESIAN_POINT('Ctrl Pts',(-20.7613807279603,-15.7849251461565,-23.));
#6167=CARTESIAN_POINT('Ctrl Pts',(-17.8441619747353,-15.0510025046634,-23.));
#6168=CARTESIAN_POINT('Ctrl Pts',(-20.9179337893067,-14.9433740798826,-20.));
#6169=CARTESIAN_POINT('Ctrl Pts',(-20.9179337891265,-14.9433740798826,-23.));
#6170=CARTESIAN_POINT('Ctrl Pts',(-17.9397018747779,-14.5453690252927,-23.));
#6171=CARTESIAN_POINT('Ctrl Pts',(-20.9835062666612,-14.1912035074759,-20.));
#6172=CARTESIAN_POINT('Ctrl Pts',(-20.9835062673337,-14.1912035074759,-23.));
#6173=CARTESIAN_POINT('Ctrl Pts',(-17.9858366005714,-14.0334044501708,-23.));
#6174=CARTESIAN_POINT('Ctrl Pts',(-21.0002827945842,-13.5422353512985,-20.));
#6175=CARTESIAN_POINT('Ctrl Pts',(-21.0002827920744,-13.5422353512986,-23.));
#6176=CARTESIAN_POINT('Ctrl Pts',(-18.000095799328,-13.5171442796018,-23.));
#6177=CARTESIAN_POINT('Ctrl Pts',(-21.,-13.1723317258933,-20.));
#6178=CARTESIAN_POINT('Ctrl Pts',(-21.0000000054077,-13.1723317258932,-23.));
#6179=CARTESIAN_POINT('Ctrl Pts',(-18.0000000054041,-13.1723317339278,-23.));
#6180=CARTESIAN_POINT('Ctrl Pts',(-21.,-13.,-20.));
#6181=CARTESIAN_POINT('Ctrl Pts',(-21.,-13.,-23.));
#6182=CARTESIAN_POINT('Ctrl Pts',(-18.,-13.,-23.));
#6183=CARTESIAN_POINT('Origin',(-13.,-18.,-20.));
#6184=CARTESIAN_POINT('Origin',(-18.,-13.,-20.));
#6185=CARTESIAN_POINT('Origin',(-18.,18.9449510801086,-20.));
#6186=CARTESIAN_POINT('Origin',(-18.,13.,-20.));
#6187=CARTESIAN_POINT('Origin',(18.9449510801086,-18.,-20.));
#6188=CARTESIAN_POINT('Origin',(13.,-18.,-20.));
#6189=CARTESIAN_POINT('Ctrl Pts',(-21.,13.,-20.));
#6190=CARTESIAN_POINT('Ctrl Pts',(-21.,13.,-23.));
#6191=CARTESIAN_POINT('Ctrl Pts',(-18.,13.,-23.));
#6192=CARTESIAN_POINT('Ctrl Pts',(-21.,13.1718335807422,-20.));
#6193=CARTESIAN_POINT('Ctrl Pts',(-21.0000000053891,13.1718335807418,-23.));
#6194=CARTESIAN_POINT('Ctrl Pts',(-18.0000000053858,13.1718335887553,-23.));
#6195=CARTESIAN_POINT('Ctrl Pts',(-21.0002897238055,13.5404308993505,-20.));
#6196=CARTESIAN_POINT('Ctrl Pts',(-21.0002897213041,13.5404308993507,-23.));
#6197=CARTESIAN_POINT('Ctrl Pts',(-18.0000983983025,13.5154868213763,-23.));
#6198=CARTESIAN_POINT('Ctrl Pts',(-20.9836408078964,14.1865910752774,-20.));
#6199=CARTESIAN_POINT('Ctrl Pts',(-20.9836408085677,14.1865910752773,-23.));
#6200=CARTESIAN_POINT('Ctrl Pts',(-17.9859638822444,14.029925624712,-23.));
#6201=CARTESIAN_POINT('Ctrl Pts',(-20.9189515529328,14.9369009492325,-20.));
#6202=CARTESIAN_POINT('Ctrl Pts',(-20.9189515527489,14.9369009492326,-23.));
#6203=CARTESIAN_POINT('Ctrl Pts',(-17.9403378090572,14.5413149953621,-23.));
#6204=CARTESIAN_POINT('Ctrl Pts',(-20.7878395755161,15.6423753308615,-20.));
#6205=CARTESIAN_POINT('Ctrl Pts',(-20.7878395755388,15.6423753308615,-23.));
#6206=CARTESIAN_POINT('Ctrl Pts',(-17.86032982531,14.9654555625494,-23.));
#6207=CARTESIAN_POINT('Ctrl Pts',(-20.6194762888911,16.2259971927017,-20.));
#6208=CARTESIAN_POINT('Ctrl Pts',(-20.619476288887,16.2259971927017,-23.));
#6209=CARTESIAN_POINT('Ctrl Pts',(-17.7640010612467,15.2989080368858,-23.));
#6210=CARTESIAN_POINT('Ctrl Pts',(-20.4110617271973,16.8016472427607,-20.));
#6211=CARTESIAN_POINT('Ctrl Pts',(-20.4110617271997,16.8016472427607,-23.));
#6212=CARTESIAN_POINT('Ctrl Pts',(-17.6470269383427,15.6217386595975,-23.));
#6213=CARTESIAN_POINT('Ctrl Pts',(-20.0768113135351,17.4963289071338,-20.));
#6214=CARTESIAN_POINT('Ctrl Pts',(-20.0768113135343,17.4963289071338,-23.));
#6215=CARTESIAN_POINT('Ctrl Pts',(-17.4614021459505,16.0075228237806,-23.));
#6216=CARTESIAN_POINT('Ctrl Pts',(-19.5604678131732,18.273541283323,-20.));
#6217=CARTESIAN_POINT('Ctrl Pts',(-19.5604678131734,18.273541283323,-23.));
#6218=CARTESIAN_POINT('Ctrl Pts',(-17.1720182021969,16.4435202696114,-23.));
#6219=CARTESIAN_POINT('Ctrl Pts',(-18.9615000822642,18.956235793651,-20.));
#6220=CARTESIAN_POINT('Ctrl Pts',(-18.9615000822641,18.9562357936509,-23.));
#6221=CARTESIAN_POINT('Ctrl Pts',(-16.8330162329979,16.8300439068716,-23.));
#6222=CARTESIAN_POINT('Ctrl Pts',(-18.3891333281844,19.459202577844,-20.));
#6223=CARTESIAN_POINT('Ctrl Pts',(-18.3891333281844,19.4592025778442,-23.));
#6224=CARTESIAN_POINT('Ctrl Pts',(-16.508975138564,17.1146909586885,-23.));
#6225=CARTESIAN_POINT('Ctrl Pts',(-17.8859236365046,19.8182256233373,-20.));
#6226=CARTESIAN_POINT('Ctrl Pts',(-17.8859236365046,19.818225623337,-23.));
#6227=CARTESIAN_POINT('Ctrl Pts',(-16.2260510832766,17.3165088337124,-23.));
#6228=CARTESIAN_POINT('Ctrl Pts',(-17.363133698974,20.1400897586968,-20.));
#6229=CARTESIAN_POINT('Ctrl Pts',(-17.363133698974,20.1400897586985,-23.));
#6230=CARTESIAN_POINT('Ctrl Pts',(-15.9335886956454,17.4965204121657,-23.));
#6231=CARTESIAN_POINT('Ctrl Pts',(-16.6698191401913,20.4758303355589,-20.));
#6232=CARTESIAN_POINT('Ctrl Pts',(-16.6698191401913,20.4758303355456,-23.));
#6233=CARTESIAN_POINT('Ctrl Pts',(-15.548496403291,17.6829598707602,-23.));
#6234=CARTESIAN_POINT('Ctrl Pts',(-15.7849251461565,20.761380727912,-20.));
#6235=CARTESIAN_POINT('Ctrl Pts',(-15.7849251461565,20.7613807279603,-23.));
#6236=CARTESIAN_POINT('Ctrl Pts',(-15.0510025046634,17.8441619747353,-23.));
#6237=CARTESIAN_POINT('Ctrl Pts',(-14.9433740798826,20.9179337893067,-20.));
#6238=CARTESIAN_POINT('Ctrl Pts',(-14.9433740798826,20.9179337891265,-23.));
#6239=CARTESIAN_POINT('Ctrl Pts',(-14.5453690252927,17.9397018747779,-23.));
#6240=CARTESIAN_POINT('Ctrl Pts',(-14.1912035074759,20.9835062666612,-20.));
#6241=CARTESIAN_POINT('Ctrl Pts',(-14.1912035074759,20.9835062673337,-23.));
#6242=CARTESIAN_POINT('Ctrl Pts',(-14.0334044501708,17.9858366005714,-23.));
#6243=CARTESIAN_POINT('Ctrl Pts',(-13.5422353512985,21.0002827945842,-20.));
#6244=CARTESIAN_POINT('Ctrl Pts',(-13.5422353512986,21.0002827920744,-23.));
#6245=CARTESIAN_POINT('Ctrl Pts',(-13.5171442796018,18.000095799328,-23.));
#6246=CARTESIAN_POINT('Ctrl Pts',(-13.1723317258933,21.,-20.));
#6247=CARTESIAN_POINT('Ctrl Pts',(-13.1723317258932,21.0000000054077,-23.));
#6248=CARTESIAN_POINT('Ctrl Pts',(-13.1723317339278,18.0000000054041,-23.));
#6249=CARTESIAN_POINT('Ctrl Pts',(-13.,21.,-20.));
#6250=CARTESIAN_POINT('Ctrl Pts',(-13.,21.,-23.));
#6251=CARTESIAN_POINT('Ctrl Pts',(-13.,18.,-23.));
#6252=CARTESIAN_POINT('Origin',(-13.,18.,-20.));
#6253=CARTESIAN_POINT('Ctrl Pts',(21.,-13.,-20.));
#6254=CARTESIAN_POINT('Ctrl Pts',(21.,-13.,-23.));
#6255=CARTESIAN_POINT('Ctrl Pts',(18.,-13.,-23.));
#6256=CARTESIAN_POINT('Ctrl Pts',(21.,-13.1718335807422,-20.));
#6257=CARTESIAN_POINT('Ctrl Pts',(21.0000000053891,-13.1718335807418,-23.));
#6258=CARTESIAN_POINT('Ctrl Pts',(18.0000000053858,-13.1718335887553,-23.));
#6259=CARTESIAN_POINT('Ctrl Pts',(21.0002897238055,-13.5404308993505,-20.));
#6260=CARTESIAN_POINT('Ctrl Pts',(21.0002897213041,-13.5404308993507,-23.));
#6261=CARTESIAN_POINT('Ctrl Pts',(18.0000983983025,-13.5154868213763,-23.));
#6262=CARTESIAN_POINT('Ctrl Pts',(20.9836408078964,-14.1865910752774,-20.));
#6263=CARTESIAN_POINT('Ctrl Pts',(20.9836408085677,-14.1865910752773,-23.));
#6264=CARTESIAN_POINT('Ctrl Pts',(17.9859638822444,-14.029925624712,-23.));
#6265=CARTESIAN_POINT('Ctrl Pts',(20.9189515529328,-14.9369009492325,-20.));
#6266=CARTESIAN_POINT('Ctrl Pts',(20.9189515527489,-14.9369009492326,-23.));
#6267=CARTESIAN_POINT('Ctrl Pts',(17.9403378090572,-14.5413149953621,-23.));
#6268=CARTESIAN_POINT('Ctrl Pts',(20.7878395755161,-15.6423753308615,-20.));
#6269=CARTESIAN_POINT('Ctrl Pts',(20.7878395755388,-15.6423753308615,-23.));
#6270=CARTESIAN_POINT('Ctrl Pts',(17.86032982531,-14.9654555625494,-23.));
#6271=CARTESIAN_POINT('Ctrl Pts',(20.6194762888911,-16.2259971927017,-20.));
#6272=CARTESIAN_POINT('Ctrl Pts',(20.619476288887,-16.2259971927017,-23.));
#6273=CARTESIAN_POINT('Ctrl Pts',(17.7640010612467,-15.2989080368858,-23.));
#6274=CARTESIAN_POINT('Ctrl Pts',(20.4110617271973,-16.8016472427607,-20.));
#6275=CARTESIAN_POINT('Ctrl Pts',(20.4110617271997,-16.8016472427607,-23.));
#6276=CARTESIAN_POINT('Ctrl Pts',(17.6470269383427,-15.6217386595975,-23.));
#6277=CARTESIAN_POINT('Ctrl Pts',(20.0768113135351,-17.4963289071338,-20.));
#6278=CARTESIAN_POINT('Ctrl Pts',(20.0768113135343,-17.4963289071338,-23.));
#6279=CARTESIAN_POINT('Ctrl Pts',(17.4614021459505,-16.0075228237806,-23.));
#6280=CARTESIAN_POINT('Ctrl Pts',(19.5604678131732,-18.273541283323,-20.));
#6281=CARTESIAN_POINT('Ctrl Pts',(19.5604678131734,-18.273541283323,-23.));
#6282=CARTESIAN_POINT('Ctrl Pts',(17.1720182021969,-16.4435202696114,-23.));
#6283=CARTESIAN_POINT('Ctrl Pts',(18.9615000822642,-18.956235793651,-20.));
#6284=CARTESIAN_POINT('Ctrl Pts',(18.9615000822641,-18.9562357936509,-23.));
#6285=CARTESIAN_POINT('Ctrl Pts',(16.8330162329979,-16.8300439068716,-23.));
#6286=CARTESIAN_POINT('Ctrl Pts',(18.3891333281844,-19.459202577844,-20.));
#6287=CARTESIAN_POINT('Ctrl Pts',(18.3891333281844,-19.4592025778442,-23.));
#6288=CARTESIAN_POINT('Ctrl Pts',(16.508975138564,-17.1146909586885,-23.));
#6289=CARTESIAN_POINT('Ctrl Pts',(17.8859236365046,-19.8182256233373,-20.));
#6290=CARTESIAN_POINT('Ctrl Pts',(17.8859236365046,-19.818225623337,-23.));
#6291=CARTESIAN_POINT('Ctrl Pts',(16.2260510832766,-17.3165088337124,-23.));
#6292=CARTESIAN_POINT('Ctrl Pts',(17.363133698974,-20.1400897586968,-20.));
#6293=CARTESIAN_POINT('Ctrl Pts',(17.363133698974,-20.1400897586985,-23.));
#6294=CARTESIAN_POINT('Ctrl Pts',(15.9335886956454,-17.4965204121657,-23.));
#6295=CARTESIAN_POINT('Ctrl Pts',(16.6698191401913,-20.4758303355589,-20.));
#6296=CARTESIAN_POINT('Ctrl Pts',(16.6698191401913,-20.4758303355456,-23.));
#6297=CARTESIAN_POINT('Ctrl Pts',(15.548496403291,-17.6829598707602,-23.));
#6298=CARTESIAN_POINT('Ctrl Pts',(15.7849251461565,-20.761380727912,-20.));
#6299=CARTESIAN_POINT('Ctrl Pts',(15.7849251461565,-20.7613807279603,-23.));
#6300=CARTESIAN_POINT('Ctrl Pts',(15.0510025046634,-17.8441619747353,-23.));
#6301=CARTESIAN_POINT('Ctrl Pts',(14.9433740798826,-20.9179337893067,-20.));
#6302=CARTESIAN_POINT('Ctrl Pts',(14.9433740798826,-20.9179337891265,-23.));
#6303=CARTESIAN_POINT('Ctrl Pts',(14.5453690252927,-17.9397018747779,-23.));
#6304=CARTESIAN_POINT('Ctrl Pts',(14.1912035074759,-20.9835062666612,-20.));
#6305=CARTESIAN_POINT('Ctrl Pts',(14.1912035074759,-20.9835062673337,-23.));
#6306=CARTESIAN_POINT('Ctrl Pts',(14.0334044501708,-17.9858366005714,-23.));
#6307=CARTESIAN_POINT('Ctrl Pts',(13.5422353512985,-21.0002827945842,-20.));
#6308=CARTESIAN_POINT('Ctrl Pts',(13.5422353512986,-21.0002827920744,-23.));
#6309=CARTESIAN_POINT('Ctrl Pts',(13.5171442796018,-18.000095799328,-23.));
#6310=CARTESIAN_POINT('Ctrl Pts',(13.1723317258933,-21.,-20.));
#6311=CARTESIAN_POINT('Ctrl Pts',(13.1723317258932,-21.0000000054077,-23.));
#6312=CARTESIAN_POINT('Ctrl Pts',(13.1723317339278,-18.0000000054041,-23.));
#6313=CARTESIAN_POINT('Ctrl Pts',(13.,-21.,-20.));
#6314=CARTESIAN_POINT('Ctrl Pts',(13.,-21.,-23.));
#6315=CARTESIAN_POINT('Ctrl Pts',(13.,-18.,-23.));
#6316=CARTESIAN_POINT('Origin',(18.,-13.,-20.));
#6317=CARTESIAN_POINT('Origin',(18.9449510801086,18.,-20.));
#6318=CARTESIAN_POINT('Origin',(13.,18.,-20.));
#6319=CARTESIAN_POINT('Origin',(18.,18.9449510801086,-20.));
#6320=CARTESIAN_POINT('Origin',(18.,13.,-20.));
#6321=CARTESIAN_POINT('Ctrl Pts',(13.,21.,-20.));
#6322=CARTESIAN_POINT('Ctrl Pts',(13.,21.,-23.));
#6323=CARTESIAN_POINT('Ctrl Pts',(13.,18.,-23.));
#6324=CARTESIAN_POINT('Ctrl Pts',(13.1718335807422,21.,-20.));
#6325=CARTESIAN_POINT('Ctrl Pts',(13.1718335807418,21.0000000053891,-23.));
#6326=CARTESIAN_POINT('Ctrl Pts',(13.1718335887553,18.0000000053858,-23.));
#6327=CARTESIAN_POINT('Ctrl Pts',(13.5404308993505,21.0002897238055,-20.));
#6328=CARTESIAN_POINT('Ctrl Pts',(13.5404308993507,21.0002897213041,-23.));
#6329=CARTESIAN_POINT('Ctrl Pts',(13.5154868213763,18.0000983983025,-23.));
#6330=CARTESIAN_POINT('Ctrl Pts',(14.1865910752774,20.9836408078964,-20.));
#6331=CARTESIAN_POINT('Ctrl Pts',(14.1865910752773,20.9836408085677,-23.));
#6332=CARTESIAN_POINT('Ctrl Pts',(14.029925624712,17.9859638822444,-23.));
#6333=CARTESIAN_POINT('Ctrl Pts',(14.9369009492325,20.9189515529328,-20.));
#6334=CARTESIAN_POINT('Ctrl Pts',(14.9369009492326,20.9189515527489,-23.));
#6335=CARTESIAN_POINT('Ctrl Pts',(14.5413149953621,17.9403378090572,-23.));
#6336=CARTESIAN_POINT('Ctrl Pts',(15.6423753308615,20.7878395755161,-20.));
#6337=CARTESIAN_POINT('Ctrl Pts',(15.6423753308615,20.7878395755388,-23.));
#6338=CARTESIAN_POINT('Ctrl Pts',(14.9654555625494,17.86032982531,-23.));
#6339=CARTESIAN_POINT('Ctrl Pts',(16.2259971927017,20.6194762888911,-20.));
#6340=CARTESIAN_POINT('Ctrl Pts',(16.2259971927017,20.619476288887,-23.));
#6341=CARTESIAN_POINT('Ctrl Pts',(15.2989080368858,17.7640010612467,-23.));
#6342=CARTESIAN_POINT('Ctrl Pts',(16.8016472427607,20.4110617271973,-20.));
#6343=CARTESIAN_POINT('Ctrl Pts',(16.8016472427607,20.4110617271997,-23.));
#6344=CARTESIAN_POINT('Ctrl Pts',(15.6217386595975,17.6470269383427,-23.));
#6345=CARTESIAN_POINT('Ctrl Pts',(17.4963289071338,20.0768113135351,-20.));
#6346=CARTESIAN_POINT('Ctrl Pts',(17.4963289071338,20.0768113135343,-23.));
#6347=CARTESIAN_POINT('Ctrl Pts',(16.0075228237806,17.4614021459505,-23.));
#6348=CARTESIAN_POINT('Ctrl Pts',(18.273541283323,19.5604678131732,-20.));
#6349=CARTESIAN_POINT('Ctrl Pts',(18.273541283323,19.5604678131734,-23.));
#6350=CARTESIAN_POINT('Ctrl Pts',(16.4435202696114,17.1720182021969,-23.));
#6351=CARTESIAN_POINT('Ctrl Pts',(18.956235793651,18.9615000822642,-20.));
#6352=CARTESIAN_POINT('Ctrl Pts',(18.9562357936509,18.9615000822641,-23.));
#6353=CARTESIAN_POINT('Ctrl Pts',(16.8300439068716,16.8330162329979,-23.));
#6354=CARTESIAN_POINT('Ctrl Pts',(19.459202577844,18.3891333281844,-20.));
#6355=CARTESIAN_POINT('Ctrl Pts',(19.4592025778442,18.3891333281844,-23.));
#6356=CARTESIAN_POINT('Ctrl Pts',(17.1146909586885,16.508975138564,-23.));
#6357=CARTESIAN_POINT('Ctrl Pts',(19.8182256233373,17.8859236365046,-20.));
#6358=CARTESIAN_POINT('Ctrl Pts',(19.818225623337,17.8859236365046,-23.));
#6359=CARTESIAN_POINT('Ctrl Pts',(17.3165088337124,16.2260510832766,-23.));
#6360=CARTESIAN_POINT('Ctrl Pts',(20.1400897586968,17.363133698974,-20.));
#6361=CARTESIAN_POINT('Ctrl Pts',(20.1400897586985,17.363133698974,-23.));
#6362=CARTESIAN_POINT('Ctrl Pts',(17.4965204121657,15.9335886956454,-23.));
#6363=CARTESIAN_POINT('Ctrl Pts',(20.4758303355589,16.6698191401913,-20.));
#6364=CARTESIAN_POINT('Ctrl Pts',(20.4758303355456,16.6698191401913,-23.));
#6365=CARTESIAN_POINT('Ctrl Pts',(17.6829598707602,15.548496403291,-23.));
#6366=CARTESIAN_POINT('Ctrl Pts',(20.761380727912,15.7849251461565,-20.));
#6367=CARTESIAN_POINT('Ctrl Pts',(20.7613807279603,15.7849251461565,-23.));
#6368=CARTESIAN_POINT('Ctrl Pts',(17.8441619747353,15.0510025046634,-23.));
#6369=CARTESIAN_POINT('Ctrl Pts',(20.9179337893067,14.9433740798826,-20.));
#6370=CARTESIAN_POINT('Ctrl Pts',(20.9179337891265,14.9433740798826,-23.));
#6371=CARTESIAN_POINT('Ctrl Pts',(17.9397018747779,14.5453690252927,-23.));
#6372=CARTESIAN_POINT('Ctrl Pts',(20.9835062666612,14.1912035074759,-20.));
#6373=CARTESIAN_POINT('Ctrl Pts',(20.9835062673337,14.1912035074759,-23.));
#6374=CARTESIAN_POINT('Ctrl Pts',(17.9858366005714,14.0334044501708,-23.));
#6375=CARTESIAN_POINT('Ctrl Pts',(21.0002827945842,13.5422353512985,-20.));
#6376=CARTESIAN_POINT('Ctrl Pts',(21.0002827920744,13.5422353512986,-23.));
#6377=CARTESIAN_POINT('Ctrl Pts',(18.000095799328,13.5171442796018,-23.));
#6378=CARTESIAN_POINT('Ctrl Pts',(21.,13.1723317258933,-20.));
#6379=CARTESIAN_POINT('Ctrl Pts',(21.0000000054077,13.1723317258932,-23.));
#6380=CARTESIAN_POINT('Ctrl Pts',(18.0000000054041,13.1723317339278,-23.));
#6381=CARTESIAN_POINT('Ctrl Pts',(21.,13.,-20.));
#6382=CARTESIAN_POINT('Ctrl Pts',(21.,13.,-23.));
#6383=CARTESIAN_POINT('Ctrl Pts',(18.,13.,-23.));
#6384=CARTESIAN_POINT('Origin',(19.7,4.9593145750507,-15.27));
#6385=CARTESIAN_POINT('',(19.7,5.46286796564396,-15.387867965644));
#6386=CARTESIAN_POINT('',(19.7,5.250735931288,-15.3));
#6387=CARTESIAN_POINT('Origin',(19.7,5.250735931288,-15.6));
#6388=CARTESIAN_POINT('',(19.7,6.03713203435596,-15.962132034356));
#6389=CARTESIAN_POINT('',(19.7,6.03713203435596,-15.962132034356));
#6390=CARTESIAN_POINT('',(19.7,6.125,-16.174264068712));
#6391=CARTESIAN_POINT('Origin',(19.7,5.825,-16.174264068712));
#6392=CARTESIAN_POINT('',(19.7,6.125,-16.85));
#6393=CARTESIAN_POINT('',(19.7,6.125,-16.85));
#6394=CARTESIAN_POINT('',(19.7,5.825,-17.15));
#6395=CARTESIAN_POINT('Origin',(19.7,5.825,-16.85));
#6396=CARTESIAN_POINT('',(19.7,-5.825,-17.15));
#6397=CARTESIAN_POINT('',(19.7,-5.825,-17.15));
#6398=CARTESIAN_POINT('',(19.7,-6.125,-16.85));
#6399=CARTESIAN_POINT('Origin',(19.7,-5.825,-16.85));
#6400=CARTESIAN_POINT('',(19.7,-6.125,-15.6));
#6401=CARTESIAN_POINT('',(19.7,-6.125,-15.6));
#6402=CARTESIAN_POINT('',(19.7,-5.825,-15.3));
#6403=CARTESIAN_POINT('Origin',(19.7,-5.825,-15.6));
#6404=CARTESIAN_POINT('',(19.7,-2.145,-15.3));
#6405=CARTESIAN_POINT('',(19.7,-2.145,-15.3));
#6406=CARTESIAN_POINT('',(19.7,-1.845,-15.6));
#6407=CARTESIAN_POINT('Origin',(19.7,-2.145,-15.6));
#6408=CARTESIAN_POINT('',(19.7,-1.845,-16.09));
#6409=CARTESIAN_POINT('',(19.7,-1.845,-16.09));
#6410=CARTESIAN_POINT('',(19.7,-1.395,-16.54));
#6411=CARTESIAN_POINT('Origin',(19.7,-1.395,-16.09));
#6412=CARTESIAN_POINT('',(19.7,-1.36976046458062,-16.54));
#6413=CARTESIAN_POINT('',(19.7,-1.36976046458062,-16.54));
#6414=CARTESIAN_POINT('',(19.7,-1.03956816127244,-16.3957336141743));
#6415=CARTESIAN_POINT('Origin',(19.7,-1.36976046458062,-16.09));
#6416=CARTESIAN_POINT('',(19.7,-0.114053324584008,-15.3961775905508));
#6417=CARTESIAN_POINT('',(19.7,-0.114053324583938,-15.3961775905509));
#6418=CARTESIAN_POINT('',(19.7,0.1060748776216,-15.3));
#6419=CARTESIAN_POINT('Origin',(19.7,0.1060748776216,-15.6));
#6420=CARTESIAN_POINT('',(19.7,5.250735931288,-15.3));
#6421=CARTESIAN_POINT('Origin',(15.78,5.250735931288,-15.6));
#6422=CARTESIAN_POINT('',(15.78,5.250735931288,-15.3));
#6423=CARTESIAN_POINT('',(15.78,5.250735931288,-15.3));
#6424=CARTESIAN_POINT('',(15.78,5.46286796564396,-15.387867965644));
#6425=CARTESIAN_POINT('Origin',(15.78,5.250735931288,-15.6));
#6426=CARTESIAN_POINT('',(15.78,5.46286796564396,-15.387867965644));
#6427=CARTESIAN_POINT('Origin',(15.78,6.03713203435596,-15.962132034356));
#6428=CARTESIAN_POINT('',(15.78,6.03713203435596,-15.962132034356));
#6429=CARTESIAN_POINT('',(15.78,6.03713203435596,-15.962132034356));
#6430=CARTESIAN_POINT('',(15.78,6.03713203435596,-15.962132034356));
#6431=CARTESIAN_POINT('Origin',(15.78,5.825,-16.174264068712));
#6432=CARTESIAN_POINT('',(15.78,6.125,-16.174264068712));
#6433=CARTESIAN_POINT('Origin',(15.78,5.825,-16.174264068712));
#6434=CARTESIAN_POINT('',(15.78,6.125,-16.174264068712));
#6435=CARTESIAN_POINT('Origin',(15.78,6.125,-16.85));
#6436=CARTESIAN_POINT('',(15.78,6.125,-16.85));
#6437=CARTESIAN_POINT('',(15.78,6.125,-16.85));
#6438=CARTESIAN_POINT('',(15.78,6.125,-16.85));
#6439=CARTESIAN_POINT('Origin',(15.78,5.825,-16.85));
#6440=CARTESIAN_POINT('',(15.78,5.825,-17.15));
#6441=CARTESIAN_POINT('Origin',(15.78,5.825,-16.85));
#6442=CARTESIAN_POINT('',(15.78,5.825,-17.15));
#6443=CARTESIAN_POINT('Origin',(15.78,5.825,-17.15));
#6444=CARTESIAN_POINT('',(15.78,-5.825,-17.15));
#6445=CARTESIAN_POINT('',(15.78,-5.825,-17.15));
#6446=CARTESIAN_POINT('',(15.78,-5.825,-17.15));
#6447=CARTESIAN_POINT('Origin',(15.78,-5.825,-16.85));
#6448=CARTESIAN_POINT('',(15.78,-6.125,-16.85));
#6449=CARTESIAN_POINT('Origin',(15.78,-5.825,-16.85));
#6450=CARTESIAN_POINT('',(15.78,-6.125,-16.85));
#6451=CARTESIAN_POINT('Origin',(15.78,-6.125,-15.6));
#6452=CARTESIAN_POINT('',(15.78,-6.125,-15.6));
#6453=CARTESIAN_POINT('',(15.78,-6.125,-15.6));
#6454=CARTESIAN_POINT('',(15.78,-6.125,-15.6));
#6455=CARTESIAN_POINT('Origin',(15.78,-5.825,-15.6));
#6456=CARTESIAN_POINT('',(15.78,-5.825,-15.3));
#6457=CARTESIAN_POINT('Origin',(15.78,-5.825,-15.6));
#6458=CARTESIAN_POINT('',(15.78,-5.825,-15.3));
#6459=CARTESIAN_POINT('Origin',(15.78,-5.825,-15.3));
#6460=CARTESIAN_POINT('',(15.78,-2.145,-15.3));
#6461=CARTESIAN_POINT('',(15.78,-2.145,-15.3));
#6462=CARTESIAN_POINT('',(15.78,-2.145,-15.3));
#6463=CARTESIAN_POINT('Origin',(15.78,-2.145,-15.6));
#6464=CARTESIAN_POINT('',(15.78,-1.845,-15.6));
#6465=CARTESIAN_POINT('Origin',(15.78,-2.145,-15.6));
#6466=CARTESIAN_POINT('',(15.78,-1.845,-15.6));
#6467=CARTESIAN_POINT('Origin',(15.78,-1.845,-16.09));
#6468=CARTESIAN_POINT('',(15.78,-1.845,-16.09));
#6469=CARTESIAN_POINT('',(15.78,-1.845,-16.09));
#6470=CARTESIAN_POINT('',(15.78,-1.845,-16.09));
#6471=CARTESIAN_POINT('Origin',(15.78,-1.395,-16.09));
#6472=CARTESIAN_POINT('',(15.78,-1.395,-16.54));
#6473=CARTESIAN_POINT('Origin',(15.78,-1.395,-16.09));
#6474=CARTESIAN_POINT('',(15.78,-1.395,-16.54));
#6475=CARTESIAN_POINT('Origin',(15.78,-1.395,-16.54));
#6476=CARTESIAN_POINT('',(15.78,-1.36976046458062,-16.54));
#6477=CARTESIAN_POINT('',(15.78,-1.36976046458062,-16.54));
#6478=CARTESIAN_POINT('',(15.78,-1.36976046458062,-16.54));
#6479=CARTESIAN_POINT('Origin',(15.78,-1.36976046458062,-16.09));
#6480=CARTESIAN_POINT('',(15.78,-1.03956816127244,-16.3957336141743));
#6481=CARTESIAN_POINT('Origin',(15.78,-1.36976046458062,-16.09));
#6482=CARTESIAN_POINT('',(15.78,-1.03956816127244,-16.3957336141743));
#6483=CARTESIAN_POINT('Origin',(15.78,-1.03956816127244,-16.3957336141743));
#6484=CARTESIAN_POINT('',(15.78,-0.114053324584008,-15.3961775905508));
#6485=CARTESIAN_POINT('',(15.78,-0.114053324583935,-15.3961775905509));
#6486=CARTESIAN_POINT('',(15.78,-0.114053324584008,-15.3961775905508));
#6487=CARTESIAN_POINT('Origin',(15.78,0.1060748776216,-15.6));
#6488=CARTESIAN_POINT('',(15.78,0.1060748776216,-15.3));
#6489=CARTESIAN_POINT('Origin',(15.78,0.1060748776216,-15.6));
#6490=CARTESIAN_POINT('',(15.78,0.1060748776216,-15.3));
#6491=CARTESIAN_POINT('Origin',(15.78,0.1060748776216,-15.3));
#6492=CARTESIAN_POINT('',(15.78,5.250735931288,-15.3));
#6493=CARTESIAN_POINT('Origin',(15.78,5.250735931288,-15.6));
#6494=CARTESIAN_POINT('Ctrl Pts',(13.,-19.93,-0.87));
#6495=CARTESIAN_POINT('Ctrl Pts',(13.,-19.93,-0.0299999999992008));
#6496=CARTESIAN_POINT('Ctrl Pts',(13.4694478834967,-19.93,-0.87));
#6497=CARTESIAN_POINT('Ctrl Pts',(13.4694478834967,-19.93,-0.0299999999992008));
#6498=CARTESIAN_POINT('Ctrl Pts',(14.1737264501672,-19.9280163303704,-0.87));
#6499=CARTESIAN_POINT('Ctrl Pts',(14.1737264501672,-19.9280163303704,-0.0299999999992008));
#6500=CARTESIAN_POINT('Ctrl Pts',(15.0984231926098,-19.8090777464157,-0.87));
#6501=CARTESIAN_POINT('Ctrl Pts',(15.0984231926098,-19.8090777464157,-0.0299999999992008));
#6502=CARTESIAN_POINT('Ctrl Pts',(15.7869365194666,-19.6457844925865,-0.87));
#6503=CARTESIAN_POINT('Ctrl Pts',(15.7869365194666,-19.6457844925865,-0.0299999999992011));
#6504=CARTESIAN_POINT('Ctrl Pts',(16.4535071981255,-19.3981792440205,-0.87));
#6505=CARTESIAN_POINT('Ctrl Pts',(16.4535071981255,-19.3981792440205,-0.0299999999992008));
#6506=CARTESIAN_POINT('Ctrl Pts',(17.2856828023098,-18.9667085900054,-0.87));
#6507=CARTESIAN_POINT('Ctrl Pts',(17.2856828023098,-18.9667085900054,-0.0299999999992011));
#6508=CARTESIAN_POINT('Ctrl Pts',(18.0399592467896,-18.3764719937738,-0.87));
#6509=CARTESIAN_POINT('Ctrl Pts',(18.0399592467896,-18.3764719937738,-0.0299999999992009));
#6510=CARTESIAN_POINT('Ctrl Pts',(18.6614263151367,-17.6767899962386,-0.87));
#6511=CARTESIAN_POINT('Ctrl Pts',(18.6614263151367,-17.6767899962386,-0.0299999999992008));
#6512=CARTESIAN_POINT('Ctrl Pts',(19.2037473226121,-16.8919390611761,-0.87));
#6513=CARTESIAN_POINT('Ctrl Pts',(19.2037473226121,-16.8919390611761,-0.0299999999992009));
#6514=CARTESIAN_POINT('Ctrl Pts',(19.5844776155948,-16.0356037810128,-0.87));
#6515=CARTESIAN_POINT('Ctrl Pts',(19.5844776155948,-16.0356037810128,-0.0299999999992011));
#6516=CARTESIAN_POINT('Ctrl Pts',(19.8078838884432,-15.1089800996434,-0.87));
#6517=CARTESIAN_POINT('Ctrl Pts',(19.8078838884432,-15.1089800996434,-0.0299999999992007));
#6518=CARTESIAN_POINT('Ctrl Pts',(19.9277563448723,-14.1782766386665,-0.87));
#6519=CARTESIAN_POINT('Ctrl Pts',(19.9277563448723,-14.1782766386665,-0.0299999999992009));
#6520=CARTESIAN_POINT('Ctrl Pts',(19.93,-13.4712353617578,-0.87));
#6521=CARTESIAN_POINT('Ctrl Pts',(19.93,-13.4712353617578,-0.0299999999992008));
#6522=CARTESIAN_POINT('Ctrl Pts',(19.93,-13.,-0.87));
#6523=CARTESIAN_POINT('Ctrl Pts',(19.93,-13.,-0.0299999999992008));
#6524=CARTESIAN_POINT('',(19.93,-13.,-0.170000000000003));
#6525=CARTESIAN_POINT('',(19.93,-13.,-0.87));
#6526=CARTESIAN_POINT('',(13.,-19.93,-0.169999999999334));
#6527=CARTESIAN_POINT('Ctrl Pts',(19.93,-13.,-0.170000000000003));
#6528=CARTESIAN_POINT('Ctrl Pts',(19.9299974979801,-13.2315783426107,-0.170000000000003));
#6529=CARTESIAN_POINT('Ctrl Pts',(19.9297223638806,-13.4637804189941,-0.170000000000003));
#6530=CARTESIAN_POINT('Ctrl Pts',(19.9245383155373,-13.6961128530842,-0.170000000000003));
#6531=CARTESIAN_POINT('Ctrl Pts',(19.9219462913656,-13.8122790701293,-0.170000000000003));
#6532=CARTESIAN_POINT('Ctrl Pts',(19.9181253196865,-13.9284783540988,-0.170000000000003));
#6533=CARTESIAN_POINT('Ctrl Pts',(19.9124849803046,-14.044647377869,-0.170000000000003));
#6534=CARTESIAN_POINT('Ctrl Pts',(19.9068446409226,-14.1608164016391,-0.170000000000003));
#6535=CARTESIAN_POINT('Ctrl Pts',(19.8993866496059,-14.2769645926997,-0.170000000000004));
#6536=CARTESIAN_POINT('Ctrl Pts',(19.8895082910234,-14.3929986736855,-0.170000000000003));
#6537=CARTESIAN_POINT('Ctrl Pts',(19.8845691117322,-14.4510157141784,-0.170000000000003));
#6538=CARTESIAN_POINT('Ctrl Pts',(19.8790386365239,-14.5089775682577,-0.170000000000004));
#6539=CARTESIAN_POINT('Ctrl Pts',(19.8728712525773,-14.5669037258063,-0.170000000000003));
#6540=CARTESIAN_POINT('Ctrl Pts',(19.8667038686308,-14.624829883355,-0.170000000000003));
#6541=CARTESIAN_POINT('Ctrl Pts',(19.859899053352,-14.6827093402567,-0.170000000000003));
#6542=CARTESIAN_POINT('Ctrl Pts',(19.8524097001327,-14.7405403527755,-0.170000000000003));
#6543=CARTESIAN_POINT('Ctrl Pts',(19.8449203469134,-14.7983713652943,-0.170000000000003));
#6544=CARTESIAN_POINT('Ctrl Pts',(19.8367464463656,-14.8561525441102,-0.170000000000003));
#6545=CARTESIAN_POINT('Ctrl Pts',(19.8278409855457,-14.9138776970974,-0.170000000000003));
#6546=CARTESIAN_POINT('Ctrl Pts',(19.8189355247259,-14.9716028500847,-0.170000000000004));
#6547=CARTESIAN_POINT('Ctrl Pts',(19.8092977643773,-15.0292688680566,-0.170000000000004));
#6548=CARTESIAN_POINT('Ctrl Pts',(19.7988830548507,-15.086878597369,-0.170000000000003));
#6549=CARTESIAN_POINT('Ctrl Pts',(19.7884683453241,-15.1444883266815,-0.170000000000003));
#6550=CARTESIAN_POINT('Ctrl Pts',(19.7772589484235,-15.2020474410203,-0.170000000000003));
#6551=CARTESIAN_POINT('Ctrl Pts',(19.765240490054,-15.2595067256208,-0.170000000000003));
#6552=CARTESIAN_POINT('Ctrl Pts',(19.7532220316845,-15.3169660102214,-0.170000000000004));
#6553=CARTESIAN_POINT('Ctrl Pts',(19.7403941223542,-15.3743473688422,-0.170000000000003));
#6554=CARTESIAN_POINT('Ctrl Pts',(19.7267306053558,-15.4316461797985,-0.170000000000003));
#6555=CARTESIAN_POINT('Ctrl Pts',(19.7130670883575,-15.4889449907547,-0.170000000000004));
#6556=CARTESIAN_POINT('Ctrl Pts',(19.6985679641514,-15.5461635495409,-0.170000000000003));
#6557=CARTESIAN_POINT('Ctrl Pts',(19.6831935625432,-15.6033029972059,-0.170000000000003));
#6558=CARTESIAN_POINT('Ctrl Pts',(19.667819160935,-15.660442444871,-0.170000000000004));
#6559=CARTESIAN_POINT('Ctrl Pts',(19.6515699856828,-15.7175037594252,-0.170000000000004));
#6560=CARTESIAN_POINT('Ctrl Pts',(19.6343906855117,-15.7744840356411,-0.170000000000004));
#6561=CARTESIAN_POINT('Ctrl Pts',(19.6258010354262,-15.802974173749,-0.170000000000004));
#6562=CARTESIAN_POINT('Ctrl Pts',(19.6169773809318,-15.8314489877868,-0.170000000000004));
#6563=CARTESIAN_POINT('Ctrl Pts',(19.6079370451534,-15.8598586980803,-0.170000000000003));
#6564=CARTESIAN_POINT('Ctrl Pts',(19.5988967093751,-15.8882684083738,-0.170000000000003));
#6565=CARTESIAN_POINT('Ctrl Pts',(19.5896546576544,-15.9165612710688,-0.170000000000003));
#6566=CARTESIAN_POINT('Ctrl Pts',(19.5802054431453,-15.9447569155783,-0.170000000000003));
#6567=CARTESIAN_POINT('Ctrl Pts',(19.5707562286361,-15.9729525600878,-0.170000000000003));
#6568=CARTESIAN_POINT('Ctrl Pts',(19.5611017408575,-16.0010444185681,-0.170000000000003));
#6569=CARTESIAN_POINT('Ctrl Pts',(19.5512422131081,-16.0290324172652,-0.170000000000003));
#6570=CARTESIAN_POINT('Ctrl Pts',(19.5413826853587,-16.0570204159623,-0.170000000000003));
#6571=CARTESIAN_POINT('Ctrl Pts',(19.5313181176958,-16.0849045547535,-0.170000000000003));
#6572=CARTESIAN_POINT('Ctrl Pts',(19.5210487548753,-16.1126847608447,-0.170000000000003));
#6573=CARTESIAN_POINT('Ctrl Pts',(19.5005100292344,-16.1682451730272,-0.170000000000004));
#6574=CARTESIAN_POINT('Ctrl Pts',(19.4791521120614,-16.2233898512393,-0.170000000000003));
#6575=CARTESIAN_POINT('Ctrl Pts',(19.4569771032247,-16.2781182335751,-0.170000000000003));
#6576=CARTESIAN_POINT('Ctrl Pts',(19.4348020943881,-16.3328466159109,-0.170000000000003));
#6577=CARTESIAN_POINT('Ctrl Pts',(19.4118099960212,-16.387158698716,-0.170000000000003));
#6578=CARTESIAN_POINT('Ctrl Pts',(19.3880030895868,-16.4410539711089,-0.170000000000003));
#6579=CARTESIAN_POINT('Ctrl Pts',(19.3403892767179,-16.5488445158947,-0.170000000000003));
#6580=CARTESIAN_POINT('Ctrl Pts',(19.2895160821212,-16.6549677030747,-0.170000000000003));
#6581=CARTESIAN_POINT('Ctrl Pts',(19.2354039250403,-16.7594203369705,-0.170000000000003));
#6582=CARTESIAN_POINT('Ctrl Pts',(19.2083478464998,-16.8116466539184,-0.170000000000003));
#6583=CARTESIAN_POINT('Ctrl Pts',(19.1804820728536,-16.8634553471719,-0.170000000000003));
#6584=CARTESIAN_POINT('Ctrl Pts',(19.1518094004059,-16.9148461763371,-0.170000000000003));
#6585=CARTESIAN_POINT('Ctrl Pts',(19.1231367279583,-16.9662370055023,-0.170000000000003));
#6586=CARTESIAN_POINT('Ctrl Pts',(19.093658483261,-17.0172053734163,-0.170000000000003));
#6587=CARTESIAN_POINT('Ctrl Pts',(19.0633736319045,-17.0677649394134,-0.170000000000003));
#6588=CARTESIAN_POINT('Ctrl Pts',(19.0330887805479,-17.1183245054104,-0.170000000000003));
#6589=CARTESIAN_POINT('Ctrl Pts',(19.001973797056,-17.1684793992969,-0.170000000000003));
#6590=CARTESIAN_POINT('Ctrl Pts',(18.970058119488,-17.218194339104,-0.170000000000003));
#6591=CARTESIAN_POINT('Ctrl Pts',(18.93814244192,-17.267909278911,-0.170000000000003));
#6592=CARTESIAN_POINT('Ctrl Pts',(18.9054178488741,-17.3172034018669,-0.170000000000003));
#6593=CARTESIAN_POINT('Ctrl Pts',(18.8718841737449,-17.3660769286791,-0.170000000000003));
#6594=CARTESIAN_POINT('Ctrl Pts',(18.8383504986156,-17.4149504554914,-0.170000000000003));
#6595=CARTESIAN_POINT('Ctrl Pts',(18.8040044829424,-17.4634078225464,-0.170000000000003));
#6596=CARTESIAN_POINT('Ctrl Pts',(18.7688378965812,-17.511440034025,-0.170000000000003));
#6597=CARTESIAN_POINT('Ctrl Pts',(18.7512546034006,-17.5354561397642,-0.170000000000003));
#6598=CARTESIAN_POINT('Ctrl Pts',(18.7334519345119,-17.5593834707323,-0.170000000000003));
#6599=CARTESIAN_POINT('Ctrl Pts',(18.7154677096359,-17.5831679949071,-0.170000000000003));
#6600=CARTESIAN_POINT('Ctrl Pts',(18.6974834847599,-17.6069525190819,-0.170000000000003));
#6601=CARTESIAN_POINT('Ctrl Pts',(18.6793444338986,-17.6305599804411,-0.170000000000003));
#6602=CARTESIAN_POINT('Ctrl Pts',(18.6610383066553,-17.6540041880018,-0.170000000000003));
#6603=CARTESIAN_POINT('Ctrl Pts',(18.642732179412,-17.6774483955625,-0.170000000000003));
#6604=CARTESIAN_POINT('Ctrl Pts',(18.6242759233857,-17.7007121781365,-0.170000000000003));
#6605=CARTESIAN_POINT('Ctrl Pts',(18.6056583815808,-17.723816732293,-0.170000000000003));
#6606=CARTESIAN_POINT('Ctrl Pts',(18.587040839776,-17.7469212864495,-0.170000000000003));
#6607=CARTESIAN_POINT('Ctrl Pts',(18.5682671639699,-17.7698578934785,-0.170000000000003));
#6608=CARTESIAN_POINT('Ctrl Pts',(18.5493354889525,-17.7926313954607,-0.170000000000003));
#6609=CARTESIAN_POINT('Ctrl Pts',(18.5114721389177,-17.8381783994251,-0.170000000000003));
#6610=CARTESIAN_POINT('Ctrl Pts',(18.4729827426762,-17.8830638587522,-0.170000000000003));
#6611=CARTESIAN_POINT('Ctrl Pts',(18.4338723810616,-17.9272954927778,-0.170000000000003));
#6612=CARTESIAN_POINT('Ctrl Pts',(18.394762019447,-17.9715271268033,-0.170000000000003));
#6613=CARTESIAN_POINT('Ctrl Pts',(18.3550312777179,-18.0151040581282,-0.170000000000003));
#6614=CARTESIAN_POINT('Ctrl Pts',(18.314687020342,-18.0580314477708,-0.170000000000001));
#6615=CARTESIAN_POINT('Ctrl Pts',(18.2743427629661,-18.1009588374134,-0.17));
#6616=CARTESIAN_POINT('Ctrl Pts',(18.23338947067,-18.1432302360976,-0.17));
#6617=CARTESIAN_POINT('Ctrl Pts',(18.1918205874794,-18.1848702296502,-0.170000000000002));
#6618=CARTESIAN_POINT('Ctrl Pts',(18.171036145884,-18.2056902264265,-0.170000000000004));
#6619=CARTESIAN_POINT('Ctrl Pts',(18.150085063841,-18.2263570969173,-0.17));
#6620=CARTESIAN_POINT('Ctrl Pts',(18.1289855603132,-18.2468523913325,-0.170000000000002));
#6621=CARTESIAN_POINT('Ctrl Pts',(18.1078860567855,-18.2673476857477,-0.170000000000004));
#6622=CARTESIAN_POINT('Ctrl Pts',(18.0866301503035,-18.2876806975027,-0.170000000000003));
#6623=CARTESIAN_POINT('Ctrl Pts',(18.0652228961617,-18.3078482054151,-0.170000000000003));
#6624=CARTESIAN_POINT('Ctrl Pts',(18.0224083878783,-18.34818322124,-0.170000000000003));
#6625=CARTESIAN_POINT('Ctrl Pts',(17.9789800457643,-18.3878661245202,-0.170000000000003));
#6626=CARTESIAN_POINT('Ctrl Pts',(17.9349444759886,-18.4269008167308,-0.170000000000002));
#6627=CARTESIAN_POINT('Ctrl Pts',(17.8468733364369,-18.504970201152,-0.17));
#6628=CARTESIAN_POINT('Ctrl Pts',(17.7563708011243,-18.580459099332,-0.170000000000003));
#6629=CARTESIAN_POINT('Ctrl Pts',(17.6634081384923,-18.6533613683372,-0.170000000000003));
#6630=CARTESIAN_POINT('Ctrl Pts',(17.6169268071763,-18.6898125028398,-0.170000000000003));
#6631=CARTESIAN_POINT('Ctrl Pts',(17.5698292257594,-18.7256160411,-0.170000000000003));
#6632=CARTESIAN_POINT('Ctrl Pts',(17.5221039845538,-18.7607635655033,-0.170000000000003));
#6633=CARTESIAN_POINT('Ctrl Pts',(17.4743787433482,-18.7959110899066,-0.170000000000003));
#6634=CARTESIAN_POINT('Ctrl Pts',(17.4260232604965,-18.8304040240685,-0.170000000000003));
#6635=CARTESIAN_POINT('Ctrl Pts',(17.3770289638571,-18.8642245492532,-0.170000000000003));
#6636=CARTESIAN_POINT('Ctrl Pts',(17.3525318155373,-18.8811348118455,-0.170000000000003));
#6637=CARTESIAN_POINT('Ctrl Pts',(17.3278548287869,-18.8978895422913,-0.170000000000003));
#6638=CARTESIAN_POINT('Ctrl Pts',(17.3030588248838,-18.9144449179181,-0.170000000000003));
#6639=CARTESIAN_POINT('Ctrl Pts',(17.2782628209807,-18.9310002935448,-0.170000000000003));
#6640=CARTESIAN_POINT('Ctrl Pts',(17.2533778754054,-18.9473366923417,-0.170000000000003));
#6641=CARTESIAN_POINT('Ctrl Pts',(17.2283909267378,-18.9634625446781,-0.170000000000003));
#6642=CARTESIAN_POINT('Ctrl Pts',(17.2034039780702,-18.9795883970145,-0.170000000000003));
#6643=CARTESIAN_POINT('Ctrl Pts',(17.178319269935,-18.9955009079114,-0.170000000000003));
#6644=CARTESIAN_POINT('Ctrl Pts',(17.1531362802271,-19.0111997058166,-0.170000000000003));
#6645=CARTESIAN_POINT('Ctrl Pts',(17.1279532905193,-19.0268985037217,-0.170000000000003));
#6646=CARTESIAN_POINT('Ctrl Pts',(17.1026699780502,-19.0423850466495,-0.170000000000003));
#6647=CARTESIAN_POINT('Ctrl Pts',(17.077291752258,-19.0576541719862,-0.170000000000003));
#6648=CARTESIAN_POINT('Ctrl Pts',(17.0265353006735,-19.0881924226596,-0.170000000000003));
#6649=CARTESIAN_POINT('Ctrl Pts',(16.9754236624424,-19.1178672459498,-0.170000000000003));
#6650=CARTESIAN_POINT('Ctrl Pts',(16.9239242907619,-19.1467110130606,-0.170000000000003));
#6651=CARTESIAN_POINT('Ctrl Pts',(16.8724249190814,-19.1755547801714,-0.170000000000003));
#6652=CARTESIAN_POINT('Ctrl Pts',(16.8205513132144,-19.2035580256717,-0.170000000000003));
#6653=CARTESIAN_POINT('Ctrl Pts',(16.7683040866647,-19.2307278353412,-0.170000000000003));
#6654=CARTESIAN_POINT('Ctrl Pts',(16.6638096335653,-19.2850674546802,-0.170000000000003));
#6655=CARTESIAN_POINT('Ctrl Pts',(16.5578263020887,-19.3360711604058,-0.170000000000003));
#6656=CARTESIAN_POINT('Ctrl Pts',(16.4503708388389,-19.3837673017817,-0.170000000000003));
#6657=CARTESIAN_POINT('Ctrl Pts',(16.3429153755892,-19.4314634431576,-0.170000000000003));
#6658=CARTESIAN_POINT('Ctrl Pts',(16.2339881835943,-19.4758516725037,-0.170000000000003));
#6659=CARTESIAN_POINT('Ctrl Pts',(16.1235979716541,-19.5169391881316,-0.170000000000003));
#6660=CARTESIAN_POINT('Ctrl Pts',(16.068402865684,-19.5374829459456,-0.170000000000003));
#6661=CARTESIAN_POINT('Ctrl Pts',(16.0128418718762,-19.5572012344873,-0.170000000000003));
#6662=CARTESIAN_POINT('Ctrl Pts',(15.9569152089612,-19.5760930740202,-0.170000000000003));
#6663=CARTESIAN_POINT('Ctrl Pts',(15.9009885460462,-19.5949849135531,-0.170000000000003));
#6664=CARTESIAN_POINT('Ctrl Pts',(15.8446991640919,-19.6130492008736,-0.170000000000003));
#6665=CARTESIAN_POINT('Ctrl Pts',(15.7880378767023,-19.6302870696057,-0.170000000000003));
#6666=CARTESIAN_POINT('Ctrl Pts',(15.7313765893127,-19.6475249383379,-0.170000000000003));
#6667=CARTESIAN_POINT('Ctrl Pts',(15.6743403086222,-19.6639289481656,-0.170000000000003));
#6668=CARTESIAN_POINT('Ctrl Pts',(15.6169692289206,-19.6795039543077,-0.170000000000003));
#6669=CARTESIAN_POINT('Ctrl Pts',(15.5882836890699,-19.6872914573788,-0.170000000000003));
#6670=CARTESIAN_POINT('Ctrl Pts',(15.5595012226951,-19.6948747751805,-0.170000000000003));
#6671=CARTESIAN_POINT('Ctrl Pts',(15.5306401276629,-19.7022518502964,-0.170000000000003));
#6672=CARTESIAN_POINT('Ctrl Pts',(15.5017790326307,-19.7096289254123,-0.170000000000003));
#6673=CARTESIAN_POINT('Ctrl Pts',(15.4729061883835,-19.7167826092301,-0.170000000000003));
#6674=CARTESIAN_POINT('Ctrl Pts',(15.4440162054386,-19.7237198725067,-0.170000000000003));
#6675=CARTESIAN_POINT('Ctrl Pts',(15.4151262224938,-19.7306571357834,-0.170000000000003));
#6676=CARTESIAN_POINT('Ctrl Pts',(15.3862211391552,-19.7373774599845,-0.170000000000003));
#6677=CARTESIAN_POINT('Ctrl Pts',(15.3573016609907,-19.7438862514674,-0.170000000000003));
#6678=CARTESIAN_POINT('Ctrl Pts',(15.3283821828261,-19.7503950429503,-0.170000000000003));
#6679=CARTESIAN_POINT('Ctrl Pts',(15.2994483097105,-19.7566923019483,-0.170000000000003));
#6680=CARTESIAN_POINT('Ctrl Pts',(15.270500727685,-19.7627834247684,-0.170000000000003));
#6681=CARTESIAN_POINT('Ctrl Pts',(15.2126055636341,-19.7749656704087,-0.170000000000003));
#6682=CARTESIAN_POINT('Ctrl Pts',(15.1546555790538,-19.7863233876681,-0.170000000000003));
#6683=CARTESIAN_POINT('Ctrl Pts',(15.096656031203,-19.7968995981481,-0.170000000000003));
#6684=CARTESIAN_POINT('Ctrl Pts',(14.9806569355013,-19.8180520191081,-0.170000000000003));
#6685=CARTESIAN_POINT('Ctrl Pts',(14.8644599061152,-19.8360787211712,-0.170000000000003));
#6686=CARTESIAN_POINT('Ctrl Pts',(14.7481031039523,-19.851321001959,-0.170000000000003));
#6687=CARTESIAN_POINT('Ctrl Pts',(14.6317463017894,-19.8665632827468,-0.170000000000003));
#6688=CARTESIAN_POINT('Ctrl Pts',(14.5152314305845,-19.8790216385021,-0.170000000000003));
#6689=CARTESIAN_POINT('Ctrl Pts',(14.3985876504554,-19.8890313262321,-0.170000000000003));
#6690=CARTESIAN_POINT('Ctrl Pts',(14.1653000901973,-19.909050701692,-0.170000000000004));
#6691=CARTESIAN_POINT('Ctrl Pts',(13.9318243632898,-19.9192392823111,-0.170000000000004));
#6692=CARTESIAN_POINT('Ctrl Pts',(13.6985937642856,-19.9244777100962,-0.170000000000004));
#6693=CARTESIAN_POINT('Ctrl Pts',(13.4653631652813,-19.9297161378814,-0.170000000000004));
#6694=CARTESIAN_POINT('Ctrl Pts',(13.2323666994197,-19.9299967811082,-0.170000000000003));
#6695=CARTESIAN_POINT('Ctrl Pts',(13.,-19.93,-0.170000000000003));
#6696=CARTESIAN_POINT('',(13.,-19.93,-0.87));
#6697=CARTESIAN_POINT('Origin',(-13.,-19.93,-2.07));
#6698=CARTESIAN_POINT('',(-13.,-19.93,-0.170000000000003));
#6699=CARTESIAN_POINT('',(13.,-19.93,-0.170000000000003));
#6700=CARTESIAN_POINT('',(-13.,-19.93,-0.87));
#6701=CARTESIAN_POINT('Ctrl Pts',(-19.93,-13.,-0.87));
#6702=CARTESIAN_POINT('Ctrl Pts',(-19.93,-13.,-0.0299999999577336));
#6703=CARTESIAN_POINT('Ctrl Pts',(-19.93,-13.4694478834967,-0.87));
#6704=CARTESIAN_POINT('Ctrl Pts',(-19.93,-13.4694478834967,-0.0299999999577336));
#6705=CARTESIAN_POINT('Ctrl Pts',(-19.9280163303704,-14.1737264501672,-0.87));
#6706=CARTESIAN_POINT('Ctrl Pts',(-19.9280163303704,-14.1737264501672,-0.0299999999577336));
#6707=CARTESIAN_POINT('Ctrl Pts',(-19.8090777464157,-15.0984231926097,-0.87));
#6708=CARTESIAN_POINT('Ctrl Pts',(-19.8090777464157,-15.0984231926097,-0.0299999999577336));
#6709=CARTESIAN_POINT('Ctrl Pts',(-19.6457844925865,-15.7869365194666,-0.87));
#6710=CARTESIAN_POINT('Ctrl Pts',(-19.6457844925865,-15.7869365194666,-0.0299999999577338));
#6711=CARTESIAN_POINT('Ctrl Pts',(-19.3981792440206,-16.4535071981255,-0.87));
#6712=CARTESIAN_POINT('Ctrl Pts',(-19.3981792440206,-16.4535071981255,-0.0299999999577336));
#6713=CARTESIAN_POINT('Ctrl Pts',(-18.9667085900054,-17.2856828023097,-0.87));
#6714=CARTESIAN_POINT('Ctrl Pts',(-18.9667085900054,-17.2856828023097,-0.0299999999577338));
#6715=CARTESIAN_POINT('Ctrl Pts',(-18.3764719937739,-18.0399592467895,-0.87));
#6716=CARTESIAN_POINT('Ctrl Pts',(-18.3764719937739,-18.0399592467895,-0.0299999999577337));
#6717=CARTESIAN_POINT('Ctrl Pts',(-17.6767899962387,-18.6614263151367,-0.87));
#6718=CARTESIAN_POINT('Ctrl Pts',(-17.6767899962387,-18.6614263151367,-0.0299999999577336));
#6719=CARTESIAN_POINT('Ctrl Pts',(-16.8919390611762,-19.203747322612,-0.87));
#6720=CARTESIAN_POINT('Ctrl Pts',(-16.8919390611762,-19.203747322612,-0.0299999999577337));
#6721=CARTESIAN_POINT('Ctrl Pts',(-16.0356037810129,-19.5844776155948,-0.87));
#6722=CARTESIAN_POINT('Ctrl Pts',(-16.0356037810129,-19.5844776155948,-0.0299999999577338));
#6723=CARTESIAN_POINT('Ctrl Pts',(-15.1089800996434,-19.8078838884433,-0.87));
#6724=CARTESIAN_POINT('Ctrl Pts',(-15.1089800996434,-19.8078838884433,-0.0299999999577334));
#6725=CARTESIAN_POINT('Ctrl Pts',(-14.1782766386666,-19.9277563448723,-0.87));
#6726=CARTESIAN_POINT('Ctrl Pts',(-14.1782766386666,-19.9277563448723,-0.0299999999577337));
#6727=CARTESIAN_POINT('Ctrl Pts',(-13.4712353617578,-19.93,-0.87));
#6728=CARTESIAN_POINT('Ctrl Pts',(-13.4712353617578,-19.93,-0.0299999999577336));
#6729=CARTESIAN_POINT('Ctrl Pts',(-13.,-19.93,-0.87));
#6730=CARTESIAN_POINT('Ctrl Pts',(-13.,-19.93,-0.0299999999577336));
#6731=CARTESIAN_POINT('',(-19.93,-13.,-0.169999999964778));
#6732=CARTESIAN_POINT('Ctrl Pts',(-13.,-19.93,-0.170000000000003));
#6733=CARTESIAN_POINT('Ctrl Pts',(-13.2315783426107,-19.9299974979801,-0.170000000000003));
#6734=CARTESIAN_POINT('Ctrl Pts',(-13.4637804189942,-19.9297223638806,-0.170000000000003));
#6735=CARTESIAN_POINT('Ctrl Pts',(-13.6961128530842,-19.9245383155373,-0.170000000000003));
#6736=CARTESIAN_POINT('Ctrl Pts',(-13.8122790701293,-19.9219462913656,-0.170000000000003));
#6737=CARTESIAN_POINT('Ctrl Pts',(-13.9284783540987,-19.9181253196865,-0.170000000000003));
#6738=CARTESIAN_POINT('Ctrl Pts',(-14.0446473778689,-19.9124849803046,-0.170000000000003));
#6739=CARTESIAN_POINT('Ctrl Pts',(-14.1608164016391,-19.9068446409226,-0.170000000000003));
#6740=CARTESIAN_POINT('Ctrl Pts',(-14.2769645926997,-19.8993866496059,-0.170000000000003));
#6741=CARTESIAN_POINT('Ctrl Pts',(-14.3929986736855,-19.8895082910234,-0.170000000000003));
#6742=CARTESIAN_POINT('Ctrl Pts',(-14.4510157141784,-19.8845691117322,-0.170000000000003));
#6743=CARTESIAN_POINT('Ctrl Pts',(-14.5089775682577,-19.8790386365239,-0.170000000000004));
#6744=CARTESIAN_POINT('Ctrl Pts',(-14.5669037258063,-19.8728712525774,-0.170000000000003));
#6745=CARTESIAN_POINT('Ctrl Pts',(-14.6248298833549,-19.8667038686308,-0.170000000000003));
#6746=CARTESIAN_POINT('Ctrl Pts',(-14.6827093402567,-19.8598990533521,-0.170000000000003));
#6747=CARTESIAN_POINT('Ctrl Pts',(-14.7405403527755,-19.8524097001328,-0.170000000000003));
#6748=CARTESIAN_POINT('Ctrl Pts',(-14.7983713652943,-19.8449203469135,-0.170000000000003));
#6749=CARTESIAN_POINT('Ctrl Pts',(-14.8561525441102,-19.8367464463656,-0.170000000000003));
#6750=CARTESIAN_POINT('Ctrl Pts',(-14.9138776970974,-19.8278409855458,-0.170000000000003));
#6751=CARTESIAN_POINT('Ctrl Pts',(-14.9716028500846,-19.818935524726,-0.170000000000003));
#6752=CARTESIAN_POINT('Ctrl Pts',(-15.0292688680566,-19.8092977643774,-0.170000000000003));
#6753=CARTESIAN_POINT('Ctrl Pts',(-15.086878597369,-19.7988830548508,-0.170000000000003));
#6754=CARTESIAN_POINT('Ctrl Pts',(-15.1444883266815,-19.7884683453241,-0.170000000000003));
#6755=CARTESIAN_POINT('Ctrl Pts',(-15.2020474410202,-19.7772589484235,-0.170000000000003));
#6756=CARTESIAN_POINT('Ctrl Pts',(-15.2595067256208,-19.7652404900541,-0.170000000000003));
#6757=CARTESIAN_POINT('Ctrl Pts',(-15.3169660102213,-19.7532220316846,-0.170000000000003));
#6758=CARTESIAN_POINT('Ctrl Pts',(-15.3743473688421,-19.7403941223542,-0.170000000000003));
#6759=CARTESIAN_POINT('Ctrl Pts',(-15.4316461797984,-19.7267306053559,-0.170000000000003));
#6760=CARTESIAN_POINT('Ctrl Pts',(-15.4889449907546,-19.7130670883576,-0.170000000000003));
#6761=CARTESIAN_POINT('Ctrl Pts',(-15.5461635495408,-19.6985679641515,-0.170000000000003));
#6762=CARTESIAN_POINT('Ctrl Pts',(-15.6033029972058,-19.6831935625433,-0.170000000000003));
#6763=CARTESIAN_POINT('Ctrl Pts',(-15.6604424448708,-19.6678191609351,-0.170000000000003));
#6764=CARTESIAN_POINT('Ctrl Pts',(-15.7175037594252,-19.6515699856828,-0.170000000000003));
#6765=CARTESIAN_POINT('Ctrl Pts',(-15.774484035641,-19.6343906855118,-0.170000000000003));
#6766=CARTESIAN_POINT('Ctrl Pts',(-15.8029741737488,-19.6258010354263,-0.170000000000003));
#6767=CARTESIAN_POINT('Ctrl Pts',(-15.8314489877867,-19.6169773809318,-0.170000000000003));
#6768=CARTESIAN_POINT('Ctrl Pts',(-15.8598586980802,-19.6079370451535,-0.170000000000003));
#6769=CARTESIAN_POINT('Ctrl Pts',(-15.8882684083737,-19.5988967093752,-0.170000000000003));
#6770=CARTESIAN_POINT('Ctrl Pts',(-15.9165612710687,-19.5896546576545,-0.170000000000003));
#6771=CARTESIAN_POINT('Ctrl Pts',(-15.9447569155782,-19.5802054431454,-0.170000000000003));
#6772=CARTESIAN_POINT('Ctrl Pts',(-15.9729525600877,-19.5707562286362,-0.170000000000003));
#6773=CARTESIAN_POINT('Ctrl Pts',(-16.0010444185681,-19.5611017408575,-0.170000000000003));
#6774=CARTESIAN_POINT('Ctrl Pts',(-16.0290324172652,-19.5512422131082,-0.170000000000003));
#6775=CARTESIAN_POINT('Ctrl Pts',(-16.0570204159623,-19.5413826853588,-0.170000000000003));
#6776=CARTESIAN_POINT('Ctrl Pts',(-16.0849045547534,-19.5313181176959,-0.170000000000003));
#6777=CARTESIAN_POINT('Ctrl Pts',(-16.1126847608446,-19.5210487548754,-0.170000000000002));
#6778=CARTESIAN_POINT('Ctrl Pts',(-16.1682451730272,-19.5005100292345,-0.17));
#6779=CARTESIAN_POINT('Ctrl Pts',(-16.2233898512392,-19.4791521120615,-0.170000000000003));
#6780=CARTESIAN_POINT('Ctrl Pts',(-16.278118233575,-19.4569771032248,-0.170000000000003));
#6781=CARTESIAN_POINT('Ctrl Pts',(-16.3328466159107,-19.4348020943881,-0.170000000000003));
#6782=CARTESIAN_POINT('Ctrl Pts',(-16.387158698716,-19.4118099960213,-0.170000000000003));
#6783=CARTESIAN_POINT('Ctrl Pts',(-16.4410539711089,-19.3880030895868,-0.170000000000003));
#6784=CARTESIAN_POINT('Ctrl Pts',(-16.5488445158947,-19.3403892767179,-0.170000000000004));
#6785=CARTESIAN_POINT('Ctrl Pts',(-16.6549677030747,-19.2895160821214,-0.170000000000003));
#6786=CARTESIAN_POINT('Ctrl Pts',(-16.7594203369705,-19.2354039250404,-0.170000000000003));
#6787=CARTESIAN_POINT('Ctrl Pts',(-16.8116466539183,-19.2083478464998,-0.170000000000003));
#6788=CARTESIAN_POINT('Ctrl Pts',(-16.8634553471719,-19.1804820728536,-0.170000000000003));
#6789=CARTESIAN_POINT('Ctrl Pts',(-16.914846176337,-19.151809400406,-0.170000000000003));
#6790=CARTESIAN_POINT('Ctrl Pts',(-16.9662370055022,-19.1231367279584,-0.170000000000003));
#6791=CARTESIAN_POINT('Ctrl Pts',(-17.0172053734162,-19.0936584832611,-0.170000000000003));
#6792=CARTESIAN_POINT('Ctrl Pts',(-17.0677649394133,-19.0633736319046,-0.170000000000003));
#6793=CARTESIAN_POINT('Ctrl Pts',(-17.1183245054103,-19.0330887805481,-0.170000000000003));
#6794=CARTESIAN_POINT('Ctrl Pts',(-17.1684793992968,-19.0019737970561,-0.170000000000003));
#6795=CARTESIAN_POINT('Ctrl Pts',(-17.2181943391039,-18.9700581194881,-0.170000000000003));
#6796=CARTESIAN_POINT('Ctrl Pts',(-17.267909278911,-18.9381424419202,-0.170000000000003));
#6797=CARTESIAN_POINT('Ctrl Pts',(-17.3172034018668,-18.9054178488742,-0.170000000000003));
#6798=CARTESIAN_POINT('Ctrl Pts',(-17.3660769286791,-18.871884173745,-0.170000000000003));
#6799=CARTESIAN_POINT('Ctrl Pts',(-17.4149504554914,-18.8383504986157,-0.170000000000003));
#6800=CARTESIAN_POINT('Ctrl Pts',(-17.4634078225463,-18.8040044829425,-0.170000000000004));
#6801=CARTESIAN_POINT('Ctrl Pts',(-17.5114400340249,-18.7688378965813,-0.170000000000003));
#6802=CARTESIAN_POINT('Ctrl Pts',(-17.5354561397642,-18.7512546034007,-0.170000000000003));
#6803=CARTESIAN_POINT('Ctrl Pts',(-17.5593834707322,-18.733451934512,-0.170000000000003));
#6804=CARTESIAN_POINT('Ctrl Pts',(-17.583167994907,-18.715467709636,-0.170000000000003));
#6805=CARTESIAN_POINT('Ctrl Pts',(-17.6069525190818,-18.69748348476,-0.170000000000003));
#6806=CARTESIAN_POINT('Ctrl Pts',(-17.6305599804411,-18.6793444338986,-0.170000000000003));
#6807=CARTESIAN_POINT('Ctrl Pts',(-17.6540041880017,-18.6610383066553,-0.170000000000003));
#6808=CARTESIAN_POINT('Ctrl Pts',(-17.6774483955624,-18.6427321794121,-0.170000000000003));
#6809=CARTESIAN_POINT('Ctrl Pts',(-17.7007121781364,-18.6242759233858,-0.170000000000003));
#6810=CARTESIAN_POINT('Ctrl Pts',(-17.723816732293,-18.6056583815809,-0.170000000000003));
#6811=CARTESIAN_POINT('Ctrl Pts',(-17.7469212864494,-18.5870408397761,-0.170000000000003));
#6812=CARTESIAN_POINT('Ctrl Pts',(-17.7698578934785,-18.56826716397,-0.170000000000003));
#6813=CARTESIAN_POINT('Ctrl Pts',(-17.7926313954607,-18.5493354889526,-0.170000000000003));
#6814=CARTESIAN_POINT('Ctrl Pts',(-17.8381783994251,-18.5114721389179,-0.170000000000003));
#6815=CARTESIAN_POINT('Ctrl Pts',(-17.8830638587521,-18.4729827426763,-0.170000000000003));
#6816=CARTESIAN_POINT('Ctrl Pts',(-17.9272954927777,-18.4338723810617,-0.170000000000003));
#6817=CARTESIAN_POINT('Ctrl Pts',(-17.9715271268033,-18.3947620194471,-0.170000000000003));
#6818=CARTESIAN_POINT('Ctrl Pts',(-18.0151040581282,-18.355031277718,-0.170000000000003));
#6819=CARTESIAN_POINT('Ctrl Pts',(-18.0580314477708,-18.3146870203421,-0.170000000000003));
#6820=CARTESIAN_POINT('Ctrl Pts',(-18.1009588374134,-18.2743427629661,-0.170000000000003));
#6821=CARTESIAN_POINT('Ctrl Pts',(-18.1432302360975,-18.2333894706701,-0.17));
#6822=CARTESIAN_POINT('Ctrl Pts',(-18.1848702296501,-18.1918205874795,-0.170000000000002));
#6823=CARTESIAN_POINT('Ctrl Pts',(-18.2056902264264,-18.1710361458841,-0.170000000000003));
#6824=CARTESIAN_POINT('Ctrl Pts',(-18.2263570969172,-18.1500850638411,-0.170000000000003));
#6825=CARTESIAN_POINT('Ctrl Pts',(-18.2468523913324,-18.1289855603133,-0.170000000000003));
#6826=CARTESIAN_POINT('Ctrl Pts',(-18.2673476857476,-18.1078860567856,-0.170000000000003));
#6827=CARTESIAN_POINT('Ctrl Pts',(-18.2876806975027,-18.0866301503035,-0.170000000000003));
#6828=CARTESIAN_POINT('Ctrl Pts',(-18.3078482054151,-18.0652228961618,-0.170000000000003));
#6829=CARTESIAN_POINT('Ctrl Pts',(-18.3481832212399,-18.0224083878784,-0.170000000000003));
#6830=CARTESIAN_POINT('Ctrl Pts',(-18.3878661245202,-17.9789800457645,-0.170000000000003));
#6831=CARTESIAN_POINT('Ctrl Pts',(-18.4269008167308,-17.9349444759886,-0.170000000000002));
#6832=CARTESIAN_POINT('Ctrl Pts',(-18.504970201152,-17.846873336437,-0.17));
#6833=CARTESIAN_POINT('Ctrl Pts',(-18.580459099332,-17.7563708011244,-0.17));
#6834=CARTESIAN_POINT('Ctrl Pts',(-18.6533613683371,-17.6634081384924,-0.170000000000002));
#6835=CARTESIAN_POINT('Ctrl Pts',(-18.6898125028397,-17.6169268071764,-0.170000000000003));
#6836=CARTESIAN_POINT('Ctrl Pts',(-18.7256160411,-17.5698292257595,-0.170000000000003));
#6837=CARTESIAN_POINT('Ctrl Pts',(-18.7607635655032,-17.5221039845539,-0.170000000000003));
#6838=CARTESIAN_POINT('Ctrl Pts',(-18.7959110899065,-17.4743787433483,-0.170000000000003));
#6839=CARTESIAN_POINT('Ctrl Pts',(-18.8304040240684,-17.4260232604965,-0.170000000000003));
#6840=CARTESIAN_POINT('Ctrl Pts',(-18.8642245492531,-17.3770289638571,-0.170000000000003));
#6841=CARTESIAN_POINT('Ctrl Pts',(-18.8811348118455,-17.3525318155374,-0.170000000000003));
#6842=CARTESIAN_POINT('Ctrl Pts',(-18.8978895422912,-17.327854828787,-0.170000000000003));
#6843=CARTESIAN_POINT('Ctrl Pts',(-18.914444917918,-17.3030588248839,-0.170000000000003));
#6844=CARTESIAN_POINT('Ctrl Pts',(-18.9310002935448,-17.2782628209808,-0.170000000000003));
#6845=CARTESIAN_POINT('Ctrl Pts',(-18.9473366923416,-17.2533778754055,-0.170000000000003));
#6846=CARTESIAN_POINT('Ctrl Pts',(-18.963462544678,-17.2283909267379,-0.170000000000003));
#6847=CARTESIAN_POINT('Ctrl Pts',(-18.9795883970145,-17.2034039780702,-0.170000000000003));
#6848=CARTESIAN_POINT('Ctrl Pts',(-18.9955009079113,-17.1783192699351,-0.170000000000003));
#6849=CARTESIAN_POINT('Ctrl Pts',(-19.0111997058165,-17.1531362802272,-0.170000000000003));
#6850=CARTESIAN_POINT('Ctrl Pts',(-19.0268985037217,-17.1279532905194,-0.170000000000003));
#6851=CARTESIAN_POINT('Ctrl Pts',(-19.0423850466495,-17.1026699780503,-0.170000000000003));
#6852=CARTESIAN_POINT('Ctrl Pts',(-19.0576541719862,-17.0772917522581,-0.170000000000003));
#6853=CARTESIAN_POINT('Ctrl Pts',(-19.0881924226595,-17.0265353006736,-0.170000000000004));
#6854=CARTESIAN_POINT('Ctrl Pts',(-19.1178672459497,-16.9754236624425,-0.170000000000003));
#6855=CARTESIAN_POINT('Ctrl Pts',(-19.1467110130605,-16.923924290762,-0.170000000000003));
#6856=CARTESIAN_POINT('Ctrl Pts',(-19.1755547801713,-16.8724249190814,-0.170000000000003));
#6857=CARTESIAN_POINT('Ctrl Pts',(-19.2035580256716,-16.8205513132145,-0.170000000000003));
#6858=CARTESIAN_POINT('Ctrl Pts',(-19.2307278353411,-16.7683040866648,-0.170000000000003));
#6859=CARTESIAN_POINT('Ctrl Pts',(-19.2850674546802,-16.6638096335654,-0.170000000000003));
#6860=CARTESIAN_POINT('Ctrl Pts',(-19.3360711604057,-16.5578263020888,-0.170000000000003));
#6861=CARTESIAN_POINT('Ctrl Pts',(-19.3837673017816,-16.450370838839,-0.170000000000003));
#6862=CARTESIAN_POINT('Ctrl Pts',(-19.4314634431576,-16.3429153755893,-0.170000000000004));
#6863=CARTESIAN_POINT('Ctrl Pts',(-19.4758516725036,-16.2339881835944,-0.170000000000003));
#6864=CARTESIAN_POINT('Ctrl Pts',(-19.5169391881316,-16.1235979716543,-0.170000000000003));
#6865=CARTESIAN_POINT('Ctrl Pts',(-19.5374829459455,-16.0684028656842,-0.170000000000003));
#6866=CARTESIAN_POINT('Ctrl Pts',(-19.5572012344873,-16.0128418718762,-0.170000000000003));
#6867=CARTESIAN_POINT('Ctrl Pts',(-19.5760930740202,-15.9569152089613,-0.170000000000003));
#6868=CARTESIAN_POINT('Ctrl Pts',(-19.5949849135531,-15.9009885460463,-0.170000000000003));
#6869=CARTESIAN_POINT('Ctrl Pts',(-19.6130492008736,-15.844699164092,-0.170000000000003));
#6870=CARTESIAN_POINT('Ctrl Pts',(-19.6302870696057,-15.7880378767025,-0.170000000000003));
#6871=CARTESIAN_POINT('Ctrl Pts',(-19.6475249383379,-15.7313765893129,-0.170000000000003));
#6872=CARTESIAN_POINT('Ctrl Pts',(-19.6639289481656,-15.6743403086222,-0.170000000000003));
#6873=CARTESIAN_POINT('Ctrl Pts',(-19.6795039543077,-15.6169692289207,-0.170000000000003));
#6874=CARTESIAN_POINT('Ctrl Pts',(-19.6872914573788,-15.58828368907,-0.170000000000003));
#6875=CARTESIAN_POINT('Ctrl Pts',(-19.6948747751805,-15.5595012226952,-0.170000000000003));
#6876=CARTESIAN_POINT('Ctrl Pts',(-19.7022518502964,-15.530640127663,-0.170000000000003));
#6877=CARTESIAN_POINT('Ctrl Pts',(-19.7096289254123,-15.5017790326308,-0.170000000000003));
#6878=CARTESIAN_POINT('Ctrl Pts',(-19.7167826092301,-15.4729061883836,-0.170000000000003));
#6879=CARTESIAN_POINT('Ctrl Pts',(-19.7237198725067,-15.4440162054387,-0.170000000000003));
#6880=CARTESIAN_POINT('Ctrl Pts',(-19.7306571357834,-15.4151262224939,-0.170000000000003));
#6881=CARTESIAN_POINT('Ctrl Pts',(-19.7373774599845,-15.3862211391552,-0.170000000000003));
#6882=CARTESIAN_POINT('Ctrl Pts',(-19.7438862514674,-15.3573016609907,-0.170000000000003));
#6883=CARTESIAN_POINT('Ctrl Pts',(-19.7503950429503,-15.3283821828262,-0.170000000000003));
#6884=CARTESIAN_POINT('Ctrl Pts',(-19.7566923019483,-15.2994483097106,-0.170000000000003));
#6885=CARTESIAN_POINT('Ctrl Pts',(-19.7627834247684,-15.2705007276851,-0.170000000000003));
#6886=CARTESIAN_POINT('Ctrl Pts',(-19.7749656704086,-15.2126055636341,-0.170000000000004));
#6887=CARTESIAN_POINT('Ctrl Pts',(-19.7863233876681,-15.1546555790538,-0.170000000000003));
#6888=CARTESIAN_POINT('Ctrl Pts',(-19.7968995981481,-15.096656031203,-0.170000000000003));
#6889=CARTESIAN_POINT('Ctrl Pts',(-19.8180520191081,-14.9806569355014,-0.170000000000003));
#6890=CARTESIAN_POINT('Ctrl Pts',(-19.8360787211711,-14.8644599061153,-0.170000000000004));
#6891=CARTESIAN_POINT('Ctrl Pts',(-19.8513210019589,-14.7481031039524,-0.170000000000002));
#6892=CARTESIAN_POINT('Ctrl Pts',(-19.8665632827467,-14.6317463017895,-0.17));
#6893=CARTESIAN_POINT('Ctrl Pts',(-19.8790216385021,-14.5152314305846,-0.170000000000003));
#6894=CARTESIAN_POINT('Ctrl Pts',(-19.8890313262321,-14.3985876504555,-0.170000000000002));
#6895=CARTESIAN_POINT('Ctrl Pts',(-19.909050701692,-14.1653000901973,-0.17));
#6896=CARTESIAN_POINT('Ctrl Pts',(-19.919239282311,-13.9318243632898,-0.170000000000003));
#6897=CARTESIAN_POINT('Ctrl Pts',(-19.9244777100962,-13.6985937642856,-0.170000000000003));
#6898=CARTESIAN_POINT('Ctrl Pts',(-19.9297161378814,-13.4653631652813,-0.170000000000004));
#6899=CARTESIAN_POINT('Ctrl Pts',(-19.9299967811082,-13.2323666994197,-0.170000000000003));
#6900=CARTESIAN_POINT('Ctrl Pts',(-19.93,-13.,-0.170000000000003));
#6901=CARTESIAN_POINT('',(-19.93,-13.,-0.87));
#6902=CARTESIAN_POINT('Origin',(-19.93,13.,-2.07));
#6903=CARTESIAN_POINT('',(-19.93,13.,-0.170000000000003));
#6904=CARTESIAN_POINT('',(-19.93,-13.,-0.170000000000003));
#6905=CARTESIAN_POINT('',(-19.93,13.,-0.87));
#6906=CARTESIAN_POINT('Ctrl Pts',(-13.,19.93,-0.87));
#6907=CARTESIAN_POINT('Ctrl Pts',(-13.,19.93,-0.0299999999999997));
#6908=CARTESIAN_POINT('Ctrl Pts',(-13.4694478834967,19.93,-0.87));
#6909=CARTESIAN_POINT('Ctrl Pts',(-13.4694478834967,19.93,-0.0299999999999997));
#6910=CARTESIAN_POINT('Ctrl Pts',(-14.1737264501672,19.9280163303704,-0.87));
#6911=CARTESIAN_POINT('Ctrl Pts',(-14.1737264501672,19.9280163303704,-0.0299999999999997));
#6912=CARTESIAN_POINT('Ctrl Pts',(-15.0984231926098,19.8090777464157,-0.87));
#6913=CARTESIAN_POINT('Ctrl Pts',(-15.0984231926098,19.8090777464157,-0.0299999999999997));
#6914=CARTESIAN_POINT('Ctrl Pts',(-15.7869365194666,19.6457844925866,-0.87));
#6915=CARTESIAN_POINT('Ctrl Pts',(-15.7869365194666,19.6457844925866,-0.03));
#6916=CARTESIAN_POINT('Ctrl Pts',(-16.4535071981255,19.3981792440206,-0.87));
#6917=CARTESIAN_POINT('Ctrl Pts',(-16.4535071981255,19.3981792440206,-0.0299999999999997));
#6918=CARTESIAN_POINT('Ctrl Pts',(-17.2856828023097,18.9667085900053,-0.87));
#6919=CARTESIAN_POINT('Ctrl Pts',(-17.2856828023097,18.9667085900053,-0.03));
#6920=CARTESIAN_POINT('Ctrl Pts',(-18.0399592467895,18.3764719937738,-0.87));
#6921=CARTESIAN_POINT('Ctrl Pts',(-18.0399592467895,18.3764719937738,-0.0299999999999999));
#6922=CARTESIAN_POINT('Ctrl Pts',(-18.6614263151367,17.6767899962387,-0.87));
#6923=CARTESIAN_POINT('Ctrl Pts',(-18.6614263151367,17.6767899962387,-0.0299999999999997));
#6924=CARTESIAN_POINT('Ctrl Pts',(-19.2037473226119,16.8919390611762,-0.87));
#6925=CARTESIAN_POINT('Ctrl Pts',(-19.2037473226119,16.8919390611762,-0.0299999999999999));
#6926=CARTESIAN_POINT('Ctrl Pts',(-19.5844776155948,16.0356037810129,-0.87));
#6927=CARTESIAN_POINT('Ctrl Pts',(-19.5844776155948,16.0356037810129,-0.03));
#6928=CARTESIAN_POINT('Ctrl Pts',(-19.8078838884433,15.1089800996434,-0.87));
#6929=CARTESIAN_POINT('Ctrl Pts',(-19.8078838884433,15.1089800996434,-0.0299999999999996));
#6930=CARTESIAN_POINT('Ctrl Pts',(-19.9277563448723,14.1782766386665,-0.87));
#6931=CARTESIAN_POINT('Ctrl Pts',(-19.9277563448723,14.1782766386665,-0.0299999999999999));
#6932=CARTESIAN_POINT('Ctrl Pts',(-19.93,13.4712353617578,-0.87));
#6933=CARTESIAN_POINT('Ctrl Pts',(-19.93,13.4712353617578,-0.0299999999999997));
#6934=CARTESIAN_POINT('Ctrl Pts',(-19.93,13.,-0.87));
#6935=CARTESIAN_POINT('Ctrl Pts',(-19.93,13.,-0.0299999999999997));
#6936=CARTESIAN_POINT('',(-13.,19.93,-0.170000000020334));
#6937=CARTESIAN_POINT('Ctrl Pts',(-19.93,13.,-0.170000000000003));
#6938=CARTESIAN_POINT('Ctrl Pts',(-19.9299974979801,13.2315783426107,-0.170000000000003));
#6939=CARTESIAN_POINT('Ctrl Pts',(-19.9297223638806,13.4637804189942,-0.170000000000003));
#6940=CARTESIAN_POINT('Ctrl Pts',(-19.9245383155373,13.6961128530842,-0.170000000000003));
#6941=CARTESIAN_POINT('Ctrl Pts',(-19.9219462913656,13.8122790701292,-0.170000000000003));
#6942=CARTESIAN_POINT('Ctrl Pts',(-19.9181253196865,13.9284783540987,-0.170000000000003));
#6943=CARTESIAN_POINT('Ctrl Pts',(-19.9124849803046,14.0446473778689,-0.170000000000003));
#6944=CARTESIAN_POINT('Ctrl Pts',(-19.9068446409226,14.1608164016391,-0.170000000000004));
#6945=CARTESIAN_POINT('Ctrl Pts',(-19.8993866496059,14.2769645926996,-0.170000000000003));
#6946=CARTESIAN_POINT('Ctrl Pts',(-19.8895082910234,14.3929986736854,-0.170000000000003));
#6947=CARTESIAN_POINT('Ctrl Pts',(-19.8845691117322,14.4510157141783,-0.170000000000003));
#6948=CARTESIAN_POINT('Ctrl Pts',(-19.8790386365239,14.5089775682576,-0.170000000000003));
#6949=CARTESIAN_POINT('Ctrl Pts',(-19.8728712525774,14.5669037258062,-0.170000000000003));
#6950=CARTESIAN_POINT('Ctrl Pts',(-19.8667038686308,14.6248298833549,-0.170000000000003));
#6951=CARTESIAN_POINT('Ctrl Pts',(-19.859899053352,14.6827093402566,-0.170000000000003));
#6952=CARTESIAN_POINT('Ctrl Pts',(-19.8524097001327,14.7405403527754,-0.170000000000003));
#6953=CARTESIAN_POINT('Ctrl Pts',(-19.8449203469134,14.7983713652942,-0.170000000000003));
#6954=CARTESIAN_POINT('Ctrl Pts',(-19.8367464463656,14.8561525441101,-0.170000000000003));
#6955=CARTESIAN_POINT('Ctrl Pts',(-19.8278409855458,14.9138776970973,-0.170000000000003));
#6956=CARTESIAN_POINT('Ctrl Pts',(-19.818935524726,14.9716028500846,-0.170000000000003));
#6957=CARTESIAN_POINT('Ctrl Pts',(-19.8092977643774,15.0292688680565,-0.170000000000003));
#6958=CARTESIAN_POINT('Ctrl Pts',(-19.7988830548508,15.086878597369,-0.170000000000003));
#6959=CARTESIAN_POINT('Ctrl Pts',(-19.7884683453241,15.1444883266814,-0.170000000000003));
#6960=CARTESIAN_POINT('Ctrl Pts',(-19.7772589484236,15.2020474410202,-0.170000000000003));
#6961=CARTESIAN_POINT('Ctrl Pts',(-19.7652404900541,15.2595067256207,-0.170000000000003));
#6962=CARTESIAN_POINT('Ctrl Pts',(-19.7532220316846,15.3169660102213,-0.170000000000003));
#6963=CARTESIAN_POINT('Ctrl Pts',(-19.7403941223542,15.374347368842,-0.170000000000004));
#6964=CARTESIAN_POINT('Ctrl Pts',(-19.7267306053559,15.4316461797983,-0.170000000000002));
#6965=CARTESIAN_POINT('Ctrl Pts',(-19.7130670883576,15.4889449907546,-0.17));
#6966=CARTESIAN_POINT('Ctrl Pts',(-19.6985679641515,15.5461635495407,-0.170000000000003));
#6967=CARTESIAN_POINT('Ctrl Pts',(-19.6831935625433,15.6033029972058,-0.170000000000001));
#6968=CARTESIAN_POINT('Ctrl Pts',(-19.6678191609351,15.6604424448708,-0.17));
#6969=CARTESIAN_POINT('Ctrl Pts',(-19.6515699856828,15.7175037594251,-0.170000000000003));
#6970=CARTESIAN_POINT('Ctrl Pts',(-19.6343906855118,15.7744840356409,-0.170000000000003));
#6971=CARTESIAN_POINT('Ctrl Pts',(-19.6258010354263,15.8029741737488,-0.170000000000003));
#6972=CARTESIAN_POINT('Ctrl Pts',(-19.6169773809318,15.8314489877865,-0.170000000000003));
#6973=CARTESIAN_POINT('Ctrl Pts',(-19.6079370451535,15.8598586980801,-0.170000000000002));
#6974=CARTESIAN_POINT('Ctrl Pts',(-19.5988967093752,15.8882684083736,-0.17));
#6975=CARTESIAN_POINT('Ctrl Pts',(-19.5896546576545,15.9165612710686,-0.170000000000003));
#6976=CARTESIAN_POINT('Ctrl Pts',(-19.5802054431453,15.9447569155781,-0.170000000000003));
#6977=CARTESIAN_POINT('Ctrl Pts',(-19.5707562286362,15.9729525600876,-0.170000000000004));
#6978=CARTESIAN_POINT('Ctrl Pts',(-19.5611017408575,16.001044418568,-0.17));
#6979=CARTESIAN_POINT('Ctrl Pts',(-19.5512422131082,16.0290324172651,-0.170000000000002));
#6980=CARTESIAN_POINT('Ctrl Pts',(-19.5413826853588,16.0570204159622,-0.170000000000004));
#6981=CARTESIAN_POINT('Ctrl Pts',(-19.5313181176959,16.0849045547533,-0.170000000000003));
#6982=CARTESIAN_POINT('Ctrl Pts',(-19.5210487548754,16.1126847608446,-0.170000000000003));
#6983=CARTESIAN_POINT('Ctrl Pts',(-19.5005100292345,16.1682451730271,-0.170000000000003));
#6984=CARTESIAN_POINT('Ctrl Pts',(-19.4791521120614,16.2233898512391,-0.170000000000004));
#6985=CARTESIAN_POINT('Ctrl Pts',(-19.4569771032248,16.2781182335749,-0.170000000000002));
#6986=CARTESIAN_POINT('Ctrl Pts',(-19.4348020943881,16.3328466159107,-0.17));
#6987=CARTESIAN_POINT('Ctrl Pts',(-19.4118099960213,16.3871586987159,-0.170000000000003));
#6988=CARTESIAN_POINT('Ctrl Pts',(-19.3880030895868,16.4410539711088,-0.170000000000003));
#6989=CARTESIAN_POINT('Ctrl Pts',(-19.3403892767179,16.5488445158946,-0.170000000000003));
#6990=CARTESIAN_POINT('Ctrl Pts',(-19.2895160821213,16.6549677030747,-0.17));
#6991=CARTESIAN_POINT('Ctrl Pts',(-19.2354039250403,16.7594203369704,-0.170000000000002));
#6992=CARTESIAN_POINT('Ctrl Pts',(-19.2083478464998,16.8116466539183,-0.170000000000003));
#6993=CARTESIAN_POINT('Ctrl Pts',(-19.1804820728536,16.8634553471718,-0.170000000000003));
#6994=CARTESIAN_POINT('Ctrl Pts',(-19.151809400406,16.914846176337,-0.170000000000003));
#6995=CARTESIAN_POINT('Ctrl Pts',(-19.1231367279584,16.9662370055022,-0.170000000000004));
#6996=CARTESIAN_POINT('Ctrl Pts',(-19.093658483261,17.0172053734162,-0.17));
#6997=CARTESIAN_POINT('Ctrl Pts',(-19.0633736319045,17.0677649394132,-0.170000000000002));
#6998=CARTESIAN_POINT('Ctrl Pts',(-19.033088780548,17.1183245054102,-0.170000000000004));
#6999=CARTESIAN_POINT('Ctrl Pts',(-19.0019737970561,17.1684793992967,-0.170000000000003));
#7000=CARTESIAN_POINT('Ctrl Pts',(-18.9700581194881,17.2181943391038,-0.170000000000003));
#7001=CARTESIAN_POINT('Ctrl Pts',(-18.9381424419201,17.2679092789109,-0.170000000000003));
#7002=CARTESIAN_POINT('Ctrl Pts',(-18.9054178488742,17.3172034018667,-0.170000000000003));
#7003=CARTESIAN_POINT('Ctrl Pts',(-18.871884173745,17.366076928679,-0.170000000000003));
#7004=CARTESIAN_POINT('Ctrl Pts',(-18.8383504986157,17.4149504554913,-0.170000000000003));
#7005=CARTESIAN_POINT('Ctrl Pts',(-18.8040044829425,17.4634078225463,-0.170000000000003));
#7006=CARTESIAN_POINT('Ctrl Pts',(-18.7688378965813,17.5114400340249,-0.170000000000003));
#7007=CARTESIAN_POINT('Ctrl Pts',(-18.7512546034007,17.5354561397642,-0.170000000000003));
#7008=CARTESIAN_POINT('Ctrl Pts',(-18.7334519345121,17.5593834707321,-0.170000000000003));
#7009=CARTESIAN_POINT('Ctrl Pts',(-18.715467709636,17.5831679949069,-0.170000000000003));
#7010=CARTESIAN_POINT('Ctrl Pts',(-18.69748348476,17.6069525190817,-0.170000000000003));
#7011=CARTESIAN_POINT('Ctrl Pts',(-18.6793444338986,17.630559980441,-0.170000000000003));
#7012=CARTESIAN_POINT('Ctrl Pts',(-18.6610383066553,17.6540041880017,-0.170000000000003));
#7013=CARTESIAN_POINT('Ctrl Pts',(-18.6427321794121,17.6774483955623,-0.170000000000004));
#7014=CARTESIAN_POINT('Ctrl Pts',(-18.6242759233858,17.7007121781363,-0.170000000000003));
#7015=CARTESIAN_POINT('Ctrl Pts',(-18.6056583815809,17.7238167322929,-0.170000000000003));
#7016=CARTESIAN_POINT('Ctrl Pts',(-18.5870408397761,17.7469212864494,-0.170000000000003));
#7017=CARTESIAN_POINT('Ctrl Pts',(-18.5682671639699,17.7698578934784,-0.170000000000003));
#7018=CARTESIAN_POINT('Ctrl Pts',(-18.5493354889526,17.7926313954605,-0.170000000000003));
#7019=CARTESIAN_POINT('Ctrl Pts',(-18.5114721389178,17.838178399425,-0.170000000000003));
#7020=CARTESIAN_POINT('Ctrl Pts',(-18.4729827426763,17.8830638587521,-0.170000000000003));
#7021=CARTESIAN_POINT('Ctrl Pts',(-18.4338723810617,17.9272954927776,-0.170000000000003));
#7022=CARTESIAN_POINT('Ctrl Pts',(-18.3947620194471,17.9715271268032,-0.170000000000003));
#7023=CARTESIAN_POINT('Ctrl Pts',(-18.355031277718,18.0151040581281,-0.170000000000003));
#7024=CARTESIAN_POINT('Ctrl Pts',(-18.3146870203421,18.0580314477707,-0.170000000000003));
#7025=CARTESIAN_POINT('Ctrl Pts',(-18.2743427629661,18.1009588374133,-0.170000000000003));
#7026=CARTESIAN_POINT('Ctrl Pts',(-18.2333894706701,18.1432302360974,-0.170000000000003));
#7027=CARTESIAN_POINT('Ctrl Pts',(-18.1918205874795,18.18487022965,-0.170000000000003));
#7028=CARTESIAN_POINT('Ctrl Pts',(-18.1710361458841,18.2056902264263,-0.170000000000003));
#7029=CARTESIAN_POINT('Ctrl Pts',(-18.1500850638411,18.2263570969171,-0.170000000000003));
#7030=CARTESIAN_POINT('Ctrl Pts',(-18.1289855603133,18.2468523913324,-0.170000000000003));
#7031=CARTESIAN_POINT('Ctrl Pts',(-18.1078860567856,18.2673476857475,-0.170000000000003));
#7032=CARTESIAN_POINT('Ctrl Pts',(-18.0866301503036,18.2876806975026,-0.170000000000003));
#7033=CARTESIAN_POINT('Ctrl Pts',(-18.0652228961618,18.307848205415,-0.170000000000003));
#7034=CARTESIAN_POINT('Ctrl Pts',(-18.0224083878784,18.3481832212399,-0.170000000000003));
#7035=CARTESIAN_POINT('Ctrl Pts',(-17.9789800457645,18.3878661245201,-0.170000000000003));
#7036=CARTESIAN_POINT('Ctrl Pts',(-17.9349444759886,18.4269008167307,-0.170000000000003));
#7037=CARTESIAN_POINT('Ctrl Pts',(-17.846873336437,18.504970201152,-0.170000000000004));
#7038=CARTESIAN_POINT('Ctrl Pts',(-17.7563708011244,18.580459099332,-0.17));
#7039=CARTESIAN_POINT('Ctrl Pts',(-17.6634081384924,18.6533613683371,-0.170000000000002));
#7040=CARTESIAN_POINT('Ctrl Pts',(-17.6169268071764,18.6898125028397,-0.170000000000003));
#7041=CARTESIAN_POINT('Ctrl Pts',(-17.5698292257595,18.7256160410999,-0.170000000000003));
#7042=CARTESIAN_POINT('Ctrl Pts',(-17.5221039845539,18.7607635655032,-0.170000000000003));
#7043=CARTESIAN_POINT('Ctrl Pts',(-17.4743787433483,18.7959110899065,-0.170000000000004));
#7044=CARTESIAN_POINT('Ctrl Pts',(-17.4260232604966,18.8304040240684,-0.170000000000003));
#7045=CARTESIAN_POINT('Ctrl Pts',(-17.3770289638572,18.8642245492531,-0.170000000000003));
#7046=CARTESIAN_POINT('Ctrl Pts',(-17.3525318155375,18.8811348118454,-0.170000000000003));
#7047=CARTESIAN_POINT('Ctrl Pts',(-17.327854828787,18.8978895422911,-0.170000000000003));
#7048=CARTESIAN_POINT('Ctrl Pts',(-17.303058824884,18.9144449179179,-0.170000000000003));
#7049=CARTESIAN_POINT('Ctrl Pts',(-17.2782628209809,18.9310002935447,-0.170000000000003));
#7050=CARTESIAN_POINT('Ctrl Pts',(-17.2533778754055,18.9473366923415,-0.170000000000003));
#7051=CARTESIAN_POINT('Ctrl Pts',(-17.2283909267379,18.963462544678,-0.170000000000003));
#7052=CARTESIAN_POINT('Ctrl Pts',(-17.2034039780703,18.9795883970144,-0.170000000000003));
#7053=CARTESIAN_POINT('Ctrl Pts',(-17.1783192699352,18.9955009079113,-0.170000000000003));
#7054=CARTESIAN_POINT('Ctrl Pts',(-17.1531362802273,19.0111997058165,-0.170000000000003));
#7055=CARTESIAN_POINT('Ctrl Pts',(-17.1279532905194,19.0268985037216,-0.170000000000004));
#7056=CARTESIAN_POINT('Ctrl Pts',(-17.1026699780503,19.0423850466494,-0.170000000000003));
#7057=CARTESIAN_POINT('Ctrl Pts',(-17.0772917522581,19.0576541719861,-0.170000000000004));
#7058=CARTESIAN_POINT('Ctrl Pts',(-17.0265353006736,19.0881924226594,-0.170000000000005));
#7059=CARTESIAN_POINT('Ctrl Pts',(-16.9754236624425,19.1178672459497,-0.170000000000003));
#7060=CARTESIAN_POINT('Ctrl Pts',(-16.923924290762,19.1467110130605,-0.170000000000003));
#7061=CARTESIAN_POINT('Ctrl Pts',(-16.8724249190814,19.1755547801713,-0.170000000000003));
#7062=CARTESIAN_POINT('Ctrl Pts',(-16.8205513132145,19.2035580256716,-0.170000000000003));
#7063=CARTESIAN_POINT('Ctrl Pts',(-16.7683040866648,19.2307278353411,-0.170000000000003));
#7064=CARTESIAN_POINT('Ctrl Pts',(-16.6638096335654,19.2850674546801,-0.170000000000003));
#7065=CARTESIAN_POINT('Ctrl Pts',(-16.5578263020888,19.3360711604057,-0.170000000000003));
#7066=CARTESIAN_POINT('Ctrl Pts',(-16.450370838839,19.3837673017816,-0.170000000000003));
#7067=CARTESIAN_POINT('Ctrl Pts',(-16.3429153755893,19.4314634431575,-0.170000000000003));
#7068=CARTESIAN_POINT('Ctrl Pts',(-16.2339881835945,19.4758516725036,-0.170000000000003));
#7069=CARTESIAN_POINT('Ctrl Pts',(-16.1235979716543,19.5169391881316,-0.170000000000003));
#7070=CARTESIAN_POINT('Ctrl Pts',(-16.0684028656842,19.5374829459455,-0.170000000000003));
#7071=CARTESIAN_POINT('Ctrl Pts',(-16.0128418718763,19.5572012344873,-0.170000000000003));
#7072=CARTESIAN_POINT('Ctrl Pts',(-15.9569152089613,19.5760930740202,-0.170000000000003));
#7073=CARTESIAN_POINT('Ctrl Pts',(-15.9009885460464,19.5949849135531,-0.170000000000003));
#7074=CARTESIAN_POINT('Ctrl Pts',(-15.8446991640921,19.6130492008735,-0.170000000000003));
#7075=CARTESIAN_POINT('Ctrl Pts',(-15.7880378767025,19.6302870696057,-0.170000000000003));
#7076=CARTESIAN_POINT('Ctrl Pts',(-15.7313765893129,19.6475249383379,-0.170000000000003));
#7077=CARTESIAN_POINT('Ctrl Pts',(-15.6743403086223,19.6639289481655,-0.170000000000003));
#7078=CARTESIAN_POINT('Ctrl Pts',(-15.6169692289208,19.6795039543077,-0.170000000000003));
#7079=CARTESIAN_POINT('Ctrl Pts',(-15.58828368907,19.6872914573788,-0.170000000000003));
#7080=CARTESIAN_POINT('Ctrl Pts',(-15.5595012226952,19.6948747751805,-0.170000000000003));
#7081=CARTESIAN_POINT('Ctrl Pts',(-15.5306401276631,19.7022518502964,-0.170000000000003));
#7082=CARTESIAN_POINT('Ctrl Pts',(-15.5017790326309,19.7096289254123,-0.170000000000003));
#7083=CARTESIAN_POINT('Ctrl Pts',(-15.4729061883837,19.7167826092301,-0.170000000000003));
#7084=CARTESIAN_POINT('Ctrl Pts',(-15.4440162054388,19.7237198725067,-0.170000000000003));
#7085=CARTESIAN_POINT('Ctrl Pts',(-15.4151262224939,19.7306571357834,-0.170000000000003));
#7086=CARTESIAN_POINT('Ctrl Pts',(-15.3862211391554,19.7373774599845,-0.17));
#7087=CARTESIAN_POINT('Ctrl Pts',(-15.3573016609908,19.7438862514673,-0.170000000000002));
#7088=CARTESIAN_POINT('Ctrl Pts',(-15.3283821828262,19.7503950429502,-0.170000000000003));
#7089=CARTESIAN_POINT('Ctrl Pts',(-15.2994483097106,19.7566923019483,-0.170000000000003));
#7090=CARTESIAN_POINT('Ctrl Pts',(-15.2705007276852,19.7627834247684,-0.170000000000003));
#7091=CARTESIAN_POINT('Ctrl Pts',(-15.2126055636342,19.7749656704086,-0.170000000000004));
#7092=CARTESIAN_POINT('Ctrl Pts',(-15.1546555790539,19.7863233876681,-0.170000000000003));
#7093=CARTESIAN_POINT('Ctrl Pts',(-15.0966560312031,19.7968995981481,-0.170000000000003));
#7094=CARTESIAN_POINT('Ctrl Pts',(-14.9806569355014,19.8180520191081,-0.170000000000003));
#7095=CARTESIAN_POINT('Ctrl Pts',(-14.8644599061153,19.8360787211711,-0.170000000000003));
#7096=CARTESIAN_POINT('Ctrl Pts',(-14.7481031039524,19.8513210019589,-0.170000000000003));
#7097=CARTESIAN_POINT('Ctrl Pts',(-14.6317463017895,19.8665632827467,-0.170000000000003));
#7098=CARTESIAN_POINT('Ctrl Pts',(-14.5152314305846,19.8790216385021,-0.170000000000003));
#7099=CARTESIAN_POINT('Ctrl Pts',(-14.3985876504555,19.8890313262321,-0.170000000000003));
#7100=CARTESIAN_POINT('Ctrl Pts',(-14.1653000901974,19.909050701692,-0.170000000000004));
#7101=CARTESIAN_POINT('Ctrl Pts',(-13.9318243632899,19.919239282311,-0.170000000000004));
#7102=CARTESIAN_POINT('Ctrl Pts',(-13.6985937642856,19.9244777100962,-0.170000000000003));
#7103=CARTESIAN_POINT('Ctrl Pts',(-13.4653631652813,19.9297161378814,-0.170000000000003));
#7104=CARTESIAN_POINT('Ctrl Pts',(-13.2323666994197,19.9299967811082,-0.170000000000004));
#7105=CARTESIAN_POINT('Ctrl Pts',(-13.,19.93,-0.170000000000003));
#7106=CARTESIAN_POINT('',(-13.,19.93,-0.87));
#7107=CARTESIAN_POINT('Origin',(13.,19.93,-2.07));
#7108=CARTESIAN_POINT('',(13.,19.93,-0.170000000000003));
#7109=CARTESIAN_POINT('',(-13.,19.93,-0.170000000000003));
#7110=CARTESIAN_POINT('',(13.,19.93,-0.87));
#7111=CARTESIAN_POINT('Ctrl Pts',(19.93,13.,-0.87));
#7112=CARTESIAN_POINT('Ctrl Pts',(19.93,13.,-0.0299999999999997));
#7113=CARTESIAN_POINT('Ctrl Pts',(19.93,13.4694478834967,-0.87));
#7114=CARTESIAN_POINT('Ctrl Pts',(19.93,13.4694478834967,-0.0299999999999997));
#7115=CARTESIAN_POINT('Ctrl Pts',(19.9280163303704,14.1737264501672,-0.87));
#7116=CARTESIAN_POINT('Ctrl Pts',(19.9280163303704,14.1737264501672,-0.0299999999999997));
#7117=CARTESIAN_POINT('Ctrl Pts',(19.8090777464157,15.0984231926097,-0.87));
#7118=CARTESIAN_POINT('Ctrl Pts',(19.8090777464157,15.0984231926097,-0.0299999999999997));
#7119=CARTESIAN_POINT('Ctrl Pts',(19.6457844925866,15.7869365194665,-0.87));
#7120=CARTESIAN_POINT('Ctrl Pts',(19.6457844925866,15.7869365194665,-0.03));
#7121=CARTESIAN_POINT('Ctrl Pts',(19.3981792440205,16.4535071981254,-0.87));
#7122=CARTESIAN_POINT('Ctrl Pts',(19.3981792440205,16.4535071981254,-0.0299999999999997));
#7123=CARTESIAN_POINT('Ctrl Pts',(18.9667085900053,17.2856828023097,-0.87));
#7124=CARTESIAN_POINT('Ctrl Pts',(18.9667085900053,17.2856828023097,-0.03));
#7125=CARTESIAN_POINT('Ctrl Pts',(18.3764719937738,18.0399592467895,-0.87));
#7126=CARTESIAN_POINT('Ctrl Pts',(18.3764719937738,18.0399592467895,-0.0299999999999999));
#7127=CARTESIAN_POINT('Ctrl Pts',(17.6767899962386,18.6614263151366,-0.87));
#7128=CARTESIAN_POINT('Ctrl Pts',(17.6767899962386,18.6614263151366,-0.0299999999999997));
#7129=CARTESIAN_POINT('Ctrl Pts',(16.8919390611761,19.203747322612,-0.87));
#7130=CARTESIAN_POINT('Ctrl Pts',(16.8919390611761,19.203747322612,-0.0299999999999999));
#7131=CARTESIAN_POINT('Ctrl Pts',(16.0356037810128,19.5844776155947,-0.87));
#7132=CARTESIAN_POINT('Ctrl Pts',(16.0356037810128,19.5844776155947,-0.03));
#7133=CARTESIAN_POINT('Ctrl Pts',(15.1089800996434,19.8078838884432,-0.87));
#7134=CARTESIAN_POINT('Ctrl Pts',(15.1089800996434,19.8078838884432,-0.0299999999999996));
#7135=CARTESIAN_POINT('Ctrl Pts',(14.1782766386666,19.9277563448723,-0.87));
#7136=CARTESIAN_POINT('Ctrl Pts',(14.1782766386666,19.9277563448723,-0.0299999999999999));
#7137=CARTESIAN_POINT('Ctrl Pts',(13.4712353617578,19.93,-0.87));
#7138=CARTESIAN_POINT('Ctrl Pts',(13.4712353617578,19.93,-0.0299999999999997));
#7139=CARTESIAN_POINT('Ctrl Pts',(13.,19.93,-0.87));
#7140=CARTESIAN_POINT('Ctrl Pts',(13.,19.93,-0.0299999999999997));
#7141=CARTESIAN_POINT('',(19.93,13.,-0.170000000000003));
#7142=CARTESIAN_POINT('Ctrl Pts',(13.,19.93,-0.170000000000003));
#7143=CARTESIAN_POINT('Ctrl Pts',(13.2315783426107,19.9299974979801,-0.170000000000003));
#7144=CARTESIAN_POINT('Ctrl Pts',(13.4637804189942,19.9297223638806,-0.170000000000003));
#7145=CARTESIAN_POINT('Ctrl Pts',(13.6961128530842,19.9245383155373,-0.170000000000003));
#7146=CARTESIAN_POINT('Ctrl Pts',(13.8122790701293,19.9219462913656,-0.170000000000003));
#7147=CARTESIAN_POINT('Ctrl Pts',(13.9284783540988,19.9181253196865,-0.170000000000003));
#7148=CARTESIAN_POINT('Ctrl Pts',(14.044647377869,19.9124849803046,-0.170000000000003));
#7149=CARTESIAN_POINT('Ctrl Pts',(14.1608164016391,19.9068446409226,-0.170000000000003));
#7150=CARTESIAN_POINT('Ctrl Pts',(14.2769645926997,19.8993866496059,-0.170000000000003));
#7151=CARTESIAN_POINT('Ctrl Pts',(14.3929986736855,19.8895082910234,-0.170000000000003));
#7152=CARTESIAN_POINT('Ctrl Pts',(14.4510157141784,19.8845691117322,-0.170000000000003));
#7153=CARTESIAN_POINT('Ctrl Pts',(14.5089775682577,19.8790386365239,-0.170000000000003));
#7154=CARTESIAN_POINT('Ctrl Pts',(14.5669037258063,19.8728712525774,-0.170000000000003));
#7155=CARTESIAN_POINT('Ctrl Pts',(14.6248298833549,19.8667038686308,-0.170000000000004));
#7156=CARTESIAN_POINT('Ctrl Pts',(14.6827093402567,19.859899053352,-0.170000000000003));
#7157=CARTESIAN_POINT('Ctrl Pts',(14.7405403527755,19.8524097001327,-0.170000000000003));
#7158=CARTESIAN_POINT('Ctrl Pts',(14.7983713652943,19.8449203469134,-0.170000000000003));
#7159=CARTESIAN_POINT('Ctrl Pts',(14.8561525441102,19.8367464463656,-0.170000000000003));
#7160=CARTESIAN_POINT('Ctrl Pts',(14.9138776970974,19.8278409855457,-0.170000000000003));
#7161=CARTESIAN_POINT('Ctrl Pts',(14.9716028500846,19.8189355247259,-0.170000000000003));
#7162=CARTESIAN_POINT('Ctrl Pts',(15.0292688680566,19.8092977643773,-0.170000000000003));
#7163=CARTESIAN_POINT('Ctrl Pts',(15.086878597369,19.7988830548507,-0.170000000000003));
#7164=CARTESIAN_POINT('Ctrl Pts',(15.1444883266815,19.7884683453241,-0.170000000000003));
#7165=CARTESIAN_POINT('Ctrl Pts',(15.2020474410203,19.7772589484235,-0.170000000000003));
#7166=CARTESIAN_POINT('Ctrl Pts',(15.2595067256208,19.765240490054,-0.170000000000003));
#7167=CARTESIAN_POINT('Ctrl Pts',(15.3169660102214,19.7532220316845,-0.170000000000003));
#7168=CARTESIAN_POINT('Ctrl Pts',(15.3743473688422,19.7403941223541,-0.170000000000003));
#7169=CARTESIAN_POINT('Ctrl Pts',(15.4316461797985,19.7267306053558,-0.170000000000003));
#7170=CARTESIAN_POINT('Ctrl Pts',(15.4889449907547,19.7130670883574,-0.170000000000003));
#7171=CARTESIAN_POINT('Ctrl Pts',(15.5461635495409,19.6985679641514,-0.170000000000003));
#7172=CARTESIAN_POINT('Ctrl Pts',(15.6033029972059,19.6831935625432,-0.170000000000003));
#7173=CARTESIAN_POINT('Ctrl Pts',(15.660442444871,19.667819160935,-0.170000000000003));
#7174=CARTESIAN_POINT('Ctrl Pts',(15.7175037594252,19.6515699856827,-0.170000000000004));
#7175=CARTESIAN_POINT('Ctrl Pts',(15.774484035641,19.6343906855117,-0.170000000000003));
#7176=CARTESIAN_POINT('Ctrl Pts',(15.8029741737489,19.6258010354262,-0.170000000000003));
#7177=CARTESIAN_POINT('Ctrl Pts',(15.8314489877868,19.6169773809317,-0.170000000000005));
#7178=CARTESIAN_POINT('Ctrl Pts',(15.8598586980803,19.6079370451534,-0.170000000000002));
#7179=CARTESIAN_POINT('Ctrl Pts',(15.8882684083738,19.598896709375,-0.17));
#7180=CARTESIAN_POINT('Ctrl Pts',(15.9165612710688,19.5896546576544,-0.170000000000003));
#7181=CARTESIAN_POINT('Ctrl Pts',(15.9447569155783,19.5802054431452,-0.170000000000003));
#7182=CARTESIAN_POINT('Ctrl Pts',(15.9729525600877,19.5707562286361,-0.170000000000003));
#7183=CARTESIAN_POINT('Ctrl Pts',(16.0010444185681,19.5611017408574,-0.170000000000003));
#7184=CARTESIAN_POINT('Ctrl Pts',(16.0290324172652,19.5512422131081,-0.170000000000003));
#7185=CARTESIAN_POINT('Ctrl Pts',(16.0570204159623,19.5413826853586,-0.170000000000003));
#7186=CARTESIAN_POINT('Ctrl Pts',(16.0849045547534,19.5313181176957,-0.170000000000003));
#7187=CARTESIAN_POINT('Ctrl Pts',(16.1126847608447,19.5210487548753,-0.170000000000003));
#7188=CARTESIAN_POINT('Ctrl Pts',(16.1682451730272,19.5005100292343,-0.170000000000003));
#7189=CARTESIAN_POINT('Ctrl Pts',(16.2233898512393,19.4791521120613,-0.170000000000003));
#7190=CARTESIAN_POINT('Ctrl Pts',(16.2781182335751,19.4569771032246,-0.170000000000003));
#7191=CARTESIAN_POINT('Ctrl Pts',(16.3328466159108,19.434802094388,-0.170000000000003));
#7192=CARTESIAN_POINT('Ctrl Pts',(16.387158698716,19.4118099960211,-0.170000000000003));
#7193=CARTESIAN_POINT('Ctrl Pts',(16.4410539711089,19.3880030895867,-0.170000000000003));
#7194=CARTESIAN_POINT('Ctrl Pts',(16.5488445158947,19.3403892767179,-0.170000000000003));
#7195=CARTESIAN_POINT('Ctrl Pts',(16.6549677030747,19.2895160821212,-0.170000000000003));
#7196=CARTESIAN_POINT('Ctrl Pts',(16.7594203369705,19.2354039250402,-0.170000000000003));
#7197=CARTESIAN_POINT('Ctrl Pts',(16.8116466539184,19.2083478464997,-0.170000000000003));
#7198=CARTESIAN_POINT('Ctrl Pts',(16.8634553471719,19.1804820728535,-0.170000000000003));
#7199=CARTESIAN_POINT('Ctrl Pts',(16.9148461763371,19.1518094004059,-0.170000000000003));
#7200=CARTESIAN_POINT('Ctrl Pts',(16.9662370055023,19.1231367279582,-0.170000000000004));
#7201=CARTESIAN_POINT('Ctrl Pts',(17.0172053734162,19.0936584832609,-0.170000000000004));
#7202=CARTESIAN_POINT('Ctrl Pts',(17.0677649394133,19.0633736319044,-0.170000000000002));
#7203=CARTESIAN_POINT('Ctrl Pts',(17.1183245054103,19.0330887805479,-0.17));
#7204=CARTESIAN_POINT('Ctrl Pts',(17.1684793992968,19.0019737970559,-0.170000000000005));
#7205=CARTESIAN_POINT('Ctrl Pts',(17.2181943391039,18.970058119488,-0.170000000000002));
#7206=CARTESIAN_POINT('Ctrl Pts',(17.267909278911,18.93814244192,-0.17));
#7207=CARTESIAN_POINT('Ctrl Pts',(17.3172034018668,18.9054178488741,-0.170000000000004));
#7208=CARTESIAN_POINT('Ctrl Pts',(17.3660769286791,18.8718841737448,-0.170000000000002));
#7209=CARTESIAN_POINT('Ctrl Pts',(17.4149504554914,18.8383504986156,-0.17));
#7210=CARTESIAN_POINT('Ctrl Pts',(17.4634078225463,18.8040044829424,-0.17));
#7211=CARTESIAN_POINT('Ctrl Pts',(17.5114400340249,18.7688378965812,-0.170000000000002));
#7212=CARTESIAN_POINT('Ctrl Pts',(17.5354561397642,18.7512546034006,-0.170000000000003));
#7213=CARTESIAN_POINT('Ctrl Pts',(17.5593834707322,18.7334519345119,-0.170000000000003));
#7214=CARTESIAN_POINT('Ctrl Pts',(17.583167994907,18.7154677096359,-0.170000000000003));
#7215=CARTESIAN_POINT('Ctrl Pts',(17.6069525190818,18.6974834847598,-0.170000000000003));
#7216=CARTESIAN_POINT('Ctrl Pts',(17.6305599804411,18.6793444338985,-0.170000000000004));
#7217=CARTESIAN_POINT('Ctrl Pts',(17.6540041880017,18.6610383066552,-0.170000000000004));
#7218=CARTESIAN_POINT('Ctrl Pts',(17.6774483955624,18.6427321794119,-0.170000000000004));
#7219=CARTESIAN_POINT('Ctrl Pts',(17.7007121781364,18.6242759233856,-0.170000000000004));
#7220=CARTESIAN_POINT('Ctrl Pts',(17.7238167322929,18.6056583815807,-0.170000000000003));
#7221=CARTESIAN_POINT('Ctrl Pts',(17.7469212864494,18.5870408397758,-0.170000000000003));
#7222=CARTESIAN_POINT('Ctrl Pts',(17.7698578934785,18.5682671639698,-0.170000000000003));
#7223=CARTESIAN_POINT('Ctrl Pts',(17.7926313954607,18.5493354889524,-0.170000000000003));
#7224=CARTESIAN_POINT('Ctrl Pts',(17.8381783994251,18.5114721389177,-0.170000000000003));
#7225=CARTESIAN_POINT('Ctrl Pts',(17.8830638587521,18.4729827426761,-0.170000000000003));
#7226=CARTESIAN_POINT('Ctrl Pts',(17.9272954927777,18.4338723810615,-0.170000000000003));
#7227=CARTESIAN_POINT('Ctrl Pts',(17.9715271268033,18.3947620194469,-0.170000000000003));
#7228=CARTESIAN_POINT('Ctrl Pts',(18.0151040581282,18.3550312777179,-0.170000000000003));
#7229=CARTESIAN_POINT('Ctrl Pts',(18.0580314477708,18.3146870203419,-0.170000000000003));
#7230=CARTESIAN_POINT('Ctrl Pts',(18.1009588374134,18.274342762966,-0.170000000000003));
#7231=CARTESIAN_POINT('Ctrl Pts',(18.1432302360975,18.2333894706699,-0.17));
#7232=CARTESIAN_POINT('Ctrl Pts',(18.1848702296501,18.1918205874793,-0.17));
#7233=CARTESIAN_POINT('Ctrl Pts',(18.2056902264264,18.171036145884,-0.17));
#7234=CARTESIAN_POINT('Ctrl Pts',(18.2263570969172,18.150085063841,-0.170000000000003));
#7235=CARTESIAN_POINT('Ctrl Pts',(18.2468523913324,18.1289855603132,-0.170000000000003));
#7236=CARTESIAN_POINT('Ctrl Pts',(18.2673476857476,18.1078860567854,-0.170000000000004));
#7237=CARTESIAN_POINT('Ctrl Pts',(18.2876806975026,18.0866301503034,-0.170000000000003));
#7238=CARTESIAN_POINT('Ctrl Pts',(18.307848205415,18.0652228961617,-0.170000000000003));
#7239=CARTESIAN_POINT('Ctrl Pts',(18.3481832212399,18.0224083878782,-0.170000000000004));
#7240=CARTESIAN_POINT('Ctrl Pts',(18.3878661245202,17.9789800457643,-0.170000000000004));
#7241=CARTESIAN_POINT('Ctrl Pts',(18.4269008167308,17.9349444759885,-0.170000000000004));
#7242=CARTESIAN_POINT('Ctrl Pts',(18.504970201152,17.8468733364369,-0.170000000000005));
#7243=CARTESIAN_POINT('Ctrl Pts',(18.580459099332,17.7563708011242,-0.17));
#7244=CARTESIAN_POINT('Ctrl Pts',(18.6533613683371,17.6634081384923,-0.170000000000002));
#7245=CARTESIAN_POINT('Ctrl Pts',(18.6898125028397,17.6169268071763,-0.170000000000004));
#7246=CARTESIAN_POINT('Ctrl Pts',(18.7256160411,17.5698292257594,-0.170000000000004));
#7247=CARTESIAN_POINT('Ctrl Pts',(18.7607635655032,17.5221039845537,-0.170000000000003));
#7248=CARTESIAN_POINT('Ctrl Pts',(18.7959110899065,17.4743787433481,-0.170000000000003));
#7249=CARTESIAN_POINT('Ctrl Pts',(18.8304040240684,17.4260232604965,-0.170000000000004));
#7250=CARTESIAN_POINT('Ctrl Pts',(18.8642245492531,17.3770289638571,-0.170000000000003));
#7251=CARTESIAN_POINT('Ctrl Pts',(18.8811348118455,17.3525318155373,-0.170000000000003));
#7252=CARTESIAN_POINT('Ctrl Pts',(18.8978895422912,17.3278548287869,-0.170000000000003));
#7253=CARTESIAN_POINT('Ctrl Pts',(18.914444917918,17.3030588248838,-0.170000000000003));
#7254=CARTESIAN_POINT('Ctrl Pts',(18.9310002935448,17.2782628209807,-0.170000000000003));
#7255=CARTESIAN_POINT('Ctrl Pts',(18.9473366923416,17.2533778754053,-0.170000000000003));
#7256=CARTESIAN_POINT('Ctrl Pts',(18.963462544678,17.2283909267377,-0.170000000000003));
#7257=CARTESIAN_POINT('Ctrl Pts',(18.9795883970145,17.2034039780701,-0.170000000000003));
#7258=CARTESIAN_POINT('Ctrl Pts',(18.9955009079113,17.178319269935,-0.170000000000003));
#7259=CARTESIAN_POINT('Ctrl Pts',(19.0111997058165,17.1531362802271,-0.170000000000003));
#7260=CARTESIAN_POINT('Ctrl Pts',(19.0268985037217,17.1279532905192,-0.170000000000003));
#7261=CARTESIAN_POINT('Ctrl Pts',(19.0423850466495,17.1026699780502,-0.170000000000003));
#7262=CARTESIAN_POINT('Ctrl Pts',(19.0576541719862,17.0772917522579,-0.170000000000003));
#7263=CARTESIAN_POINT('Ctrl Pts',(19.0881924226594,17.0265353006735,-0.170000000000003));
#7264=CARTESIAN_POINT('Ctrl Pts',(19.1178672459497,16.9754236624424,-0.170000000000003));
#7265=CARTESIAN_POINT('Ctrl Pts',(19.1467110130605,16.9239242907619,-0.170000000000003));
#7266=CARTESIAN_POINT('Ctrl Pts',(19.1755547801713,16.8724249190813,-0.170000000000003));
#7267=CARTESIAN_POINT('Ctrl Pts',(19.2035580256716,16.8205513132143,-0.170000000000003));
#7268=CARTESIAN_POINT('Ctrl Pts',(19.2307278353411,16.7683040866646,-0.170000000000003));
#7269=CARTESIAN_POINT('Ctrl Pts',(19.2850674546801,16.6638096335653,-0.170000000000003));
#7270=CARTESIAN_POINT('Ctrl Pts',(19.3360711604057,16.5578263020887,-0.170000000000003));
#7271=CARTESIAN_POINT('Ctrl Pts',(19.3837673017816,16.4503708388389,-0.170000000000003));
#7272=CARTESIAN_POINT('Ctrl Pts',(19.4314634431576,16.3429153755892,-0.170000000000003));
#7273=CARTESIAN_POINT('Ctrl Pts',(19.4758516725037,16.2339881835943,-0.170000000000003));
#7274=CARTESIAN_POINT('Ctrl Pts',(19.5169391881316,16.1235979716542,-0.170000000000003));
#7275=CARTESIAN_POINT('Ctrl Pts',(19.5374829459456,16.0684028656841,-0.170000000000003));
#7276=CARTESIAN_POINT('Ctrl Pts',(19.5572012344873,16.0128418718762,-0.170000000000003));
#7277=CARTESIAN_POINT('Ctrl Pts',(19.5760930740202,15.9569152089612,-0.170000000000003));
#7278=CARTESIAN_POINT('Ctrl Pts',(19.5949849135531,15.9009885460462,-0.170000000000003));
#7279=CARTESIAN_POINT('Ctrl Pts',(19.6130492008736,15.8446991640919,-0.170000000000004));
#7280=CARTESIAN_POINT('Ctrl Pts',(19.6302870696057,15.7880378767024,-0.170000000000003));
#7281=CARTESIAN_POINT('Ctrl Pts',(19.6475249383379,15.7313765893127,-0.170000000000003));
#7282=CARTESIAN_POINT('Ctrl Pts',(19.6639289481656,15.6743403086222,-0.170000000000003));
#7283=CARTESIAN_POINT('Ctrl Pts',(19.6795039543077,15.6169692289206,-0.170000000000003));
#7284=CARTESIAN_POINT('Ctrl Pts',(19.6872914573788,15.5882836890699,-0.170000000000003));
#7285=CARTESIAN_POINT('Ctrl Pts',(19.6948747751805,15.5595012226951,-0.170000000000004));
#7286=CARTESIAN_POINT('Ctrl Pts',(19.7022518502964,15.5306401276629,-0.170000000000004));
#7287=CARTESIAN_POINT('Ctrl Pts',(19.7096289254123,15.5017790326308,-0.170000000000004));
#7288=CARTESIAN_POINT('Ctrl Pts',(19.7167826092301,15.4729061883835,-0.170000000000003));
#7289=CARTESIAN_POINT('Ctrl Pts',(19.7237198725067,15.4440162054386,-0.170000000000003));
#7290=CARTESIAN_POINT('Ctrl Pts',(19.7306571357834,15.4151262224938,-0.170000000000003));
#7291=CARTESIAN_POINT('Ctrl Pts',(19.7373774599845,15.3862211391552,-0.170000000000003));
#7292=CARTESIAN_POINT('Ctrl Pts',(19.7438862514674,15.3573016609907,-0.170000000000003));
#7293=CARTESIAN_POINT('Ctrl Pts',(19.7503950429503,15.3283821828261,-0.170000000000003));
#7294=CARTESIAN_POINT('Ctrl Pts',(19.7566923019483,15.2994483097105,-0.170000000000003));
#7295=CARTESIAN_POINT('Ctrl Pts',(19.7627834247684,15.270500727685,-0.170000000000003));
#7296=CARTESIAN_POINT('Ctrl Pts',(19.7749656704087,15.2126055636341,-0.170000000000003));
#7297=CARTESIAN_POINT('Ctrl Pts',(19.7863233876681,15.1546555790538,-0.170000000000003));
#7298=CARTESIAN_POINT('Ctrl Pts',(19.7968995981481,15.096656031203,-0.170000000000003));
#7299=CARTESIAN_POINT('Ctrl Pts',(19.8180520191081,14.9806569355013,-0.170000000000003));
#7300=CARTESIAN_POINT('Ctrl Pts',(19.8360787211711,14.8644599061152,-0.170000000000003));
#7301=CARTESIAN_POINT('Ctrl Pts',(19.8513210019589,14.7481031039523,-0.170000000000003));
#7302=CARTESIAN_POINT('Ctrl Pts',(19.8665632827467,14.6317463017894,-0.170000000000003));
#7303=CARTESIAN_POINT('Ctrl Pts',(19.8790216385021,14.5152314305845,-0.170000000000003));
#7304=CARTESIAN_POINT('Ctrl Pts',(19.8890313262321,14.3985876504554,-0.170000000000003));
#7305=CARTESIAN_POINT('Ctrl Pts',(19.909050701692,14.1653000901973,-0.170000000000003));
#7306=CARTESIAN_POINT('Ctrl Pts',(19.919239282311,13.9318243632898,-0.170000000000003));
#7307=CARTESIAN_POINT('Ctrl Pts',(19.9244777100962,13.6985937642856,-0.170000000000003));
#7308=CARTESIAN_POINT('Ctrl Pts',(19.9297161378814,13.4653631652813,-0.170000000000003));
#7309=CARTESIAN_POINT('Ctrl Pts',(19.9299967811082,13.2323666994197,-0.170000000000003));
#7310=CARTESIAN_POINT('Ctrl Pts',(19.93,13.,-0.170000000000003));
#7311=CARTESIAN_POINT('',(19.93,13.,-0.87));
#7312=CARTESIAN_POINT('Origin',(19.93,-13.,-2.07));
#7313=CARTESIAN_POINT('',(19.93,13.,-0.170000000000003));
#7314=CARTESIAN_POINT('Origin',(18.1842585658653,-18.1924310442813,-0.07));
#7315=CARTESIAN_POINT('',(19.83,-13.,-0.07));
#7316=CARTESIAN_POINT('',(19.83,13.,-0.07));
#7317=CARTESIAN_POINT('',(19.83,-13.,-0.07));
#7318=CARTESIAN_POINT('',(13.,19.83,-0.07));
#7319=CARTESIAN_POINT('Ctrl Pts',(19.83,13.,-0.07));
#7320=CARTESIAN_POINT('Ctrl Pts',(19.8299982305404,13.2322805934958,-0.07));
#7321=CARTESIAN_POINT('Ctrl Pts',(19.8297094421923,13.4645354057462,-0.07));
#7322=CARTESIAN_POINT('Ctrl Pts',(19.824502919633,13.6963484866109,-0.07));
#7323=CARTESIAN_POINT('Ctrl Pts',(19.8192963970736,13.9281615674756,-0.07));
#7324=CARTESIAN_POINT('Ctrl Pts',(19.8091784902505,14.1595334872807,-0.07));
#7325=CARTESIAN_POINT('Ctrl Pts',(19.7893975280014,14.3900374311525,-0.07));
#7326=CARTESIAN_POINT('Ctrl Pts',(19.7795070468768,14.5052894030885,-0.07));
#7327=CARTESIAN_POINT('Ctrl Pts',(19.7672051196905,14.6203247688681,-0.07));
#7328=CARTESIAN_POINT('Ctrl Pts',(19.7521681145064,14.7351144585331,-0.07));
#7329=CARTESIAN_POINT('Ctrl Pts',(19.7371311093223,14.8499041481981,-0.07));
#7330=CARTESIAN_POINT('Ctrl Pts',(19.7193587205399,14.9644481342938,-0.07));
#7331=CARTESIAN_POINT('Ctrl Pts',(19.6985218267126,15.0787168537587,-0.07));
#7332=CARTESIAN_POINT('Ctrl Pts',(19.6881033797989,15.1358512134911,-0.07));
#7333=CARTESIAN_POINT('Ctrl Pts',(19.6769187400066,15.192916750582,-0.07));
#7334=CARTESIAN_POINT('Ctrl Pts',(19.6649263308348,15.2499097304564,-0.07));
#7335=CARTESIAN_POINT('Ctrl Pts',(19.6589301262489,15.2784062203937,-0.07));
#7336=CARTESIAN_POINT('Ctrl Pts',(19.6527319755491,15.3068845706883,-0.07));
#7337=CARTESIAN_POINT('Ctrl Pts',(19.6463266551617,15.335344312137,-0.07));
#7338=CARTESIAN_POINT('Ctrl Pts',(19.6399213347743,15.3638040535858,-0.07));
#7339=CARTESIAN_POINT('Ctrl Pts',(19.6333088447897,15.3922451861969,-0.07));
#7340=CARTESIAN_POINT('Ctrl Pts',(19.6264839440895,15.4206672391911,-0.07));
#7341=CARTESIAN_POINT('Ctrl Pts',(19.6196590433892,15.4490892921853,-0.07));
#7342=CARTESIAN_POINT('Ctrl Pts',(19.6126222421524,15.4774902609308,-0.07));
#7343=CARTESIAN_POINT('Ctrl Pts',(19.6053667509466,15.5058756869472,-0.07));
#7344=CARTESIAN_POINT('Ctrl Pts',(19.5981112597407,15.5342611129637,-0.07));
#7345=CARTESIAN_POINT('Ctrl Pts',(19.5906539623676,15.5625651631039,-0.07));
#7346=CARTESIAN_POINT('Ctrl Pts',(19.5829968703357,15.5907703216301,-0.07));
#7347=CARTESIAN_POINT('Ctrl Pts',(19.5676826862718,15.6471806386826,-0.07));
#7348=CARTESIAN_POINT('Ctrl Pts',(19.5515586108083,15.7032430415431,-0.07));
#7349=CARTESIAN_POINT('Ctrl Pts',(19.5346163496034,15.7589326652405,-0.07));
#7350=CARTESIAN_POINT('Ctrl Pts',(19.5176740883985,15.8146222889379,-0.07));
#7351=CARTESIAN_POINT('Ctrl Pts',(19.499918880616,15.8699485278373,-0.07));
#7352=CARTESIAN_POINT('Ctrl Pts',(19.481352365017,15.9249121144612,-0.07));
#7353=CARTESIAN_POINT('Ctrl Pts',(19.4627858494181,15.9798757010851,-0.07));
#7354=CARTESIAN_POINT('Ctrl Pts',(19.4434082025208,16.0344767143359,-0.07));
#7355=CARTESIAN_POINT('Ctrl Pts',(19.4232203623786,16.0887155735217,-0.07));
#7356=CARTESIAN_POINT('Ctrl Pts',(19.3828446820942,16.1971932918933,-0.07));
#7357=CARTESIAN_POINT('Ctrl Pts',(19.3392294262022,16.3042229292228,-0.07));
#7358=CARTESIAN_POINT('Ctrl Pts',(19.2923666331292,16.4098009267133,-0.07));
#7359=CARTESIAN_POINT('Ctrl Pts',(19.2455038400562,16.5153789242038,-0.07));
#7360=CARTESIAN_POINT('Ctrl Pts',(19.1953935977049,16.6195053211434,-0.07));
#7361=CARTESIAN_POINT('Ctrl Pts',(19.142006996562,16.7221671950666,-0.07));
#7362=CARTESIAN_POINT('Ctrl Pts',(19.1153136959906,16.7734981320282,-0.07));
#7363=CARTESIAN_POINT('Ctrl Pts',(19.0878010622419,16.8244628293998,-0.07));
#7364=CARTESIAN_POINT('Ctrl Pts',(19.059463344541,16.8750587166027,-0.07));
#7365=CARTESIAN_POINT('Ctrl Pts',(19.03112562684,16.9256546038056,-0.07));
#7366=CARTESIAN_POINT('Ctrl Pts',(19.0019638654595,16.9758821458342,-0.07));
#7367=CARTESIAN_POINT('Ctrl Pts',(18.9719681308582,17.0257369042238,-0.07));
#7368=CARTESIAN_POINT('Ctrl Pts',(18.9569702635575,17.0506642834187,-0.07));
#7369=CARTESIAN_POINT('Ctrl Pts',(18.9417599147311,17.0754966839746,-0.07));
#7370=CARTESIAN_POINT('Ctrl Pts',(18.9263384877939,17.1002347332201,-0.07));
#7371=CARTESIAN_POINT('Ctrl Pts',(18.9109170608568,17.1249727824657,-0.07));
#7372=CARTESIAN_POINT('Ctrl Pts',(18.8952843774807,17.1496164006867,-0.07));
#7373=CARTESIAN_POINT('Ctrl Pts',(18.8794409080164,17.1741657981285,-0.07));
#7374=CARTESIAN_POINT('Ctrl Pts',(18.8635974385521,17.1987151955703,-0.07));
#7375=CARTESIAN_POINT('Ctrl Pts',(18.847545929291,17.2231662026201,-0.07));
#7376=CARTESIAN_POINT('Ctrl Pts',(18.8312782136844,17.2475313604457,-0.07));
#7377=CARTESIAN_POINT('Ctrl Pts',(18.8150104980778,17.2718965182711,-0.07));
#7378=CARTESIAN_POINT('Ctrl Pts',(18.7985458560702,17.2961462756415,-0.07));
#7379=CARTESIAN_POINT('Ctrl Pts',(18.7819274891256,17.3202205675201,-0.07));
#7380=CARTESIAN_POINT('Ctrl Pts',(18.7486907552366,17.3683691512773,-0.07));
#7381=CARTESIAN_POINT('Ctrl Pts',(18.7147897195717,17.4158949834062,-0.07));
#7382=CARTESIAN_POINT('Ctrl Pts',(18.6802431291201,17.4628042431995,-0.0700000000000004));
#7383=CARTESIAN_POINT('Ctrl Pts',(18.6456965386685,17.5097135029928,-0.0700000000000008));
#7384=CARTESIAN_POINT('Ctrl Pts',(18.6105029945639,17.5560087339745,-0.07));
#7385=CARTESIAN_POINT('Ctrl Pts',(18.5746721454457,17.6016990937683,-0.0699999999999996));
#7386=CARTESIAN_POINT('Ctrl Pts',(18.5030104472093,17.6930798133558,-0.0699999999999987));
#7387=CARTESIAN_POINT('Ctrl Pts',(18.4288037445991,17.7820450492187,-0.0700000000000022));
#7388=CARTESIAN_POINT('Ctrl Pts',(18.3520687968713,17.8686107077874,-0.0700000000000013));
#7389=CARTESIAN_POINT('Ctrl Pts',(18.3137013230075,17.9118935370718,-0.0700000000000008));
#7390=CARTESIAN_POINT('Ctrl Pts',(18.274700577641,17.9545753233757,-0.070000000000002));
#7391=CARTESIAN_POINT('Ctrl Pts',(18.2350614031358,17.9966511715665,-0.0700000000000007));
#7392=CARTESIAN_POINT('Ctrl Pts',(18.2152418158832,18.0176890956618,-0.07));
#7393=CARTESIAN_POINT('Ctrl Pts',(18.1952624390185,18.0385753621789,-0.07));
#7394=CARTESIAN_POINT('Ctrl Pts',(18.1751223810995,18.0593091250428,-0.0699999999999996));
#7395=CARTESIAN_POINT('Ctrl Pts',(18.1549823231804,18.0800428879068,-0.0699999999999992));
#7396=CARTESIAN_POINT('Ctrl Pts',(18.1346809260676,18.1006235224666,-0.0699999999999985));
#7397=CARTESIAN_POINT('Ctrl Pts',(18.1142183391762,18.1210511705503,-0.0699999999999986));
#7398=CARTESIAN_POINT('Ctrl Pts',(18.0732931653934,18.1619064667179,-0.0699999999999989));
#7399=CARTESIAN_POINT('Ctrl Pts',(18.0317391020606,18.2021648788415,-0.07));
#7400=CARTESIAN_POINT('Ctrl Pts',(17.9895471962418,18.2418179096535,-0.07));
#7401=CARTESIAN_POINT('Ctrl Pts',(17.947355290423,18.2814709404655,-0.07));
#7402=CARTESIAN_POINT('Ctrl Pts',(17.9045265245452,18.3205195223836,-0.07));
#7403=CARTESIAN_POINT('Ctrl Pts',(17.8610548501344,18.3589579147536,-0.07));
#7404=CARTESIAN_POINT('Ctrl Pts',(17.8175831757236,18.3973963071235,-0.07));
#7405=CARTESIAN_POINT('Ctrl Pts',(17.7734686511169,18.4352245653136,-0.07));
#7406=CARTESIAN_POINT('Ctrl Pts',(17.7287050101969,18.4724367421024,-0.07));
#7407=CARTESIAN_POINT('Ctrl Pts',(17.7063231897368,18.4910428304968,-0.07));
#7408=CARTESIAN_POINT('Ctrl Pts',(17.6837792579242,18.5094950577302,-0.07));
#7409=CARTESIAN_POINT('Ctrl Pts',(17.6610721193881,18.5277923841787,-0.07));
#7410=CARTESIAN_POINT('Ctrl Pts',(17.638364980852,18.5460897106272,-0.07));
#7411=CARTESIAN_POINT('Ctrl Pts',(17.6154955794333,18.5642330320936,-0.0700000000000011));
#7412=CARTESIAN_POINT('Ctrl Pts',(17.5924608363608,18.5822194265008,-0.0700000000000012));
#7413=CARTESIAN_POINT('Ctrl Pts',(17.5694260932883,18.600205820908,-0.0700000000000014));
#7414=CARTESIAN_POINT('Ctrl Pts',(17.5462283767363,18.6180300719374,-0.07));
#7415=CARTESIAN_POINT('Ctrl Pts',(17.5228555189334,18.6357030229511,-0.07));
#7416=CARTESIAN_POINT('Ctrl Pts',(17.4994826611305,18.6533759739647,-0.07));
#7417=CARTESIAN_POINT('Ctrl Pts',(17.4759680577627,18.6708715743985,-0.07));
#7418=CARTESIAN_POINT('Ctrl Pts',(17.4523654289917,18.6881521417035,-0.0699999999999993));
#7419=CARTESIAN_POINT('Ctrl Pts',(17.4051601714497,18.7227132763137,-0.0699999999999979));
#7420=CARTESIAN_POINT('Ctrl Pts',(17.3575339709028,18.7564701855911,-0.0699999999999987));
#7421=CARTESIAN_POINT('Ctrl Pts',(17.3095006928231,18.7894273393624,-0.07));
#7422=CARTESIAN_POINT('Ctrl Pts',(17.2614674147434,18.8223844931336,-0.0700000000000012));
#7423=CARTESIAN_POINT('Ctrl Pts',(17.2130243425662,18.8545441094509,-0.069999999999999));
#7424=CARTESIAN_POINT('Ctrl Pts',(17.1641715158373,18.8859062652819,-0.0700000000000006));
#7425=CARTESIAN_POINT('Ctrl Pts',(17.1153186891085,18.917268421113,-0.0700000000000023));
#7426=CARTESIAN_POINT('Ctrl Pts',(17.0660548519832,18.9478306723155,-0.069999999999999));
#7427=CARTESIAN_POINT('Ctrl Pts',(17.0163770848858,18.9775873369205,-0.0699999999999999));
#7428=CARTESIAN_POINT('Ctrl Pts',(16.9666993177885,19.0073440015254,-0.0700000000000009));
#7429=CARTESIAN_POINT('Ctrl Pts',(16.9166156006563,19.0363106099034,-0.070000000000001));
#7430=CARTESIAN_POINT('Ctrl Pts',(16.8661232705086,19.0644819794681,-0.0700000000000005));
#7431=CARTESIAN_POINT('Ctrl Pts',(16.815630940361,19.0926533490328,-0.07));
#7432=CARTESIAN_POINT('Ctrl Pts',(16.7647305461581,19.120030548138,-0.07));
#7433=CARTESIAN_POINT('Ctrl Pts',(16.7134210935401,19.1466116415701,-0.07));
#7434=CARTESIAN_POINT('Ctrl Pts',(16.6108021883042,19.1997738284343,-0.07));
#7435=CARTESIAN_POINT('Ctrl Pts',(16.5065470267351,19.24975154848,-0.07));
#7436=CARTESIAN_POINT('Ctrl Pts',(16.4006479309044,19.2965298589944,-0.07));
#7437=CARTESIAN_POINT('Ctrl Pts',(16.3476983829891,19.3199190142515,-0.07));
#7438=CARTESIAN_POINT('Ctrl Pts',(16.2943378569475,19.3425083277117,-0.07));
#7439=CARTESIAN_POINT('Ctrl Pts',(16.2405654284128,19.3642960003803,-0.07));
#7440=CARTESIAN_POINT('Ctrl Pts',(16.1867929998781,19.3860836730489,-0.07));
#7441=CARTESIAN_POINT('Ctrl Pts',(16.1326086687285,19.4070697046892,-0.07));
#7442=CARTESIAN_POINT('Ctrl Pts',(16.0780115334375,19.4272523407585,-0.07));
#7443=CARTESIAN_POINT('Ctrl Pts',(16.0507129657919,19.4373436587931,-0.07));
#7444=CARTESIAN_POINT('Ctrl Pts',(16.023311197452,19.4472341285988,-0.07));
#7445=CARTESIAN_POINT('Ctrl Pts',(15.9958061178844,19.4569235350561,-0.07));
#7446=CARTESIAN_POINT('Ctrl Pts',(15.9683010383167,19.4666129415135,-0.07));
#7447=CARTESIAN_POINT('Ctrl Pts',(15.9406926475169,19.4761012846142,-0.07));
#7448=CARTESIAN_POINT('Ctrl Pts',(15.912980836331,19.4853883519239,-0.07));
#7449=CARTESIAN_POINT('Ctrl Pts',(15.8852690251451,19.4946754192336,-0.07));
#7450=CARTESIAN_POINT('Ctrl Pts',(15.8574595408909,19.5037595670815,-0.0699999999999975));
#7451=CARTESIAN_POINT('Ctrl Pts',(15.8295350338457,19.5126455167398,-0.07));
#7452=CARTESIAN_POINT('Ctrl Pts',(15.8016105268005,19.5215314663982,-0.0700000000000025));
#7453=CARTESIAN_POINT('Ctrl Pts',(15.7736171912266,19.5302059088385,-0.07));
#7454=CARTESIAN_POINT('Ctrl Pts',(15.7456187397698,19.538647306136,-0.07));
#7455=CARTESIAN_POINT('Ctrl Pts',(15.6896218368563,19.5555301007311,-0.07));
#7456=CARTESIAN_POINT('Ctrl Pts',(15.6335166417322,19.5715074028774,-0.07));
#7457=CARTESIAN_POINT('Ctrl Pts',(15.5773203286099,19.5866280359168,-0.07));
#7458=CARTESIAN_POINT('Ctrl Pts',(15.5211240154876,19.6017486689562,-0.07));
#7459=CARTESIAN_POINT('Ctrl Pts',(15.4648327117045,19.6160130530853,-0.07));
#7460=CARTESIAN_POINT('Ctrl Pts',(15.4084505006699,19.6294579963142,-0.07));
#7461=CARTESIAN_POINT('Ctrl Pts',(15.3520682896353,19.6429029395431,-0.07));
#7462=CARTESIAN_POINT('Ctrl Pts',(15.2955951277313,19.6555280486781,-0.07));
#7463=CARTESIAN_POINT('Ctrl Pts',(15.2390338214437,19.667358621485,-0.07));
#7464=CARTESIAN_POINT('Ctrl Pts',(15.182472515156,19.6791891942919,-0.07));
#7465=CARTESIAN_POINT('Ctrl Pts',(15.1258226813626,19.6902217771697,-0.07));
#7466=CARTESIAN_POINT('Ctrl Pts',(15.0690867780306,19.7004785266793,-0.07));
#7467=CARTESIAN_POINT('Ctrl Pts',(15.0123508746986,19.710735276189,-0.07));
#7468=CARTESIAN_POINT('Ctrl Pts',(14.9555306577497,19.7202320197789,-0.07));
#7469=CARTESIAN_POINT('Ctrl Pts',(14.8986307215792,19.729010171841,-0.07));
#7470=CARTESIAN_POINT('Ctrl Pts',(14.8417307854086,19.7377883239031,-0.07));
#7471=CARTESIAN_POINT('Ctrl Pts',(14.7847512678007,19.7458491263085,-0.07));
#7472=CARTESIAN_POINT('Ctrl Pts',(14.7276971924977,19.7532378632329,-0.07));
#7473=CARTESIAN_POINT('Ctrl Pts',(14.6706431171947,19.7606266001574,-0.07));
#7474=CARTESIAN_POINT('Ctrl Pts',(14.613514497775,19.7673433939965,-0.0700000000000008));
#7475=CARTESIAN_POINT('Ctrl Pts',(14.5563163322026,19.7734332965611,-0.0699999999999999));
#7476=CARTESIAN_POINT('Ctrl Pts',(14.4991181666302,19.7795231991258,-0.0699999999999991));
#7477=CARTESIAN_POINT('Ctrl Pts',(14.4418506126008,19.7849876318157,-0.07));
#7478=CARTESIAN_POINT('Ctrl Pts',(14.3845183214044,19.7898685217283,-0.0699999999999997));
#7479=CARTESIAN_POINT('Ctrl Pts',(14.2698537390116,19.7996303015533,-0.069999999999999));
#7480=CARTESIAN_POINT('Ctrl Pts',(14.1549252118011,19.807012873944,-0.07));
#7481=CARTESIAN_POINT('Ctrl Pts',(14.0397977941764,19.8126026418357,-0.07));
#7482=CARTESIAN_POINT('Ctrl Pts',(13.9246703765516,19.8181924097275,-0.07));
#7483=CARTESIAN_POINT('Ctrl Pts',(13.8093437982683,19.8219869369831,-0.07));
#7484=CARTESIAN_POINT('Ctrl Pts',(13.6938820680857,19.8245632006421,-0.07));
#7485=CARTESIAN_POINT('Ctrl Pts',(13.4629586077206,19.8297157279602,-0.07));
#7486=CARTESIAN_POINT('Ctrl Pts',(13.231494953421,19.8299989296244,-0.07));
#7487=CARTESIAN_POINT('Ctrl Pts',(13.,19.83,-0.07));
#7488=CARTESIAN_POINT('',(-13.,19.83,-0.07));
#7489=CARTESIAN_POINT('',(13.,19.83,-0.07));
#7490=CARTESIAN_POINT('',(-19.83,13.,-0.07));
#7491=CARTESIAN_POINT('Ctrl Pts',(-13.,19.83,-0.07));
#7492=CARTESIAN_POINT('Ctrl Pts',(-13.2322805934958,19.8299982305404,-0.07));
#7493=CARTESIAN_POINT('Ctrl Pts',(-13.4645354057462,19.8297094421923,-0.07));
#7494=CARTESIAN_POINT('Ctrl Pts',(-13.696348486611,19.824502919633,-0.0700000000000005));
#7495=CARTESIAN_POINT('Ctrl Pts',(-13.9281615674757,19.8192963970736,-0.070000000000001));
#7496=CARTESIAN_POINT('Ctrl Pts',(-14.1595334872807,19.8091784902505,-0.0700000000000008));
#7497=CARTESIAN_POINT('Ctrl Pts',(-14.3900374311526,19.7893975280014,-0.0700000000000003));
#7498=CARTESIAN_POINT('Ctrl Pts',(-14.5052894030885,19.7795070468768,-0.07));
#7499=CARTESIAN_POINT('Ctrl Pts',(-14.6203247688682,19.7672051196905,-0.07));
#7500=CARTESIAN_POINT('Ctrl Pts',(-14.7351144585332,19.7521681145064,-0.07));
#7501=CARTESIAN_POINT('Ctrl Pts',(-14.8499041481982,19.7371311093223,-0.07));
#7502=CARTESIAN_POINT('Ctrl Pts',(-14.9644481342939,19.7193587205399,-0.07));
#7503=CARTESIAN_POINT('Ctrl Pts',(-15.0787168537588,19.6985218267125,-0.07));
#7504=CARTESIAN_POINT('Ctrl Pts',(-15.1358512134913,19.6881033797989,-0.07));
#7505=CARTESIAN_POINT('Ctrl Pts',(-15.1929167505821,19.6769187400065,-0.0700000000000015));
#7506=CARTESIAN_POINT('Ctrl Pts',(-15.2499097304566,19.6649263308348,-0.0700000000000005));
#7507=CARTESIAN_POINT('Ctrl Pts',(-15.2784062203938,19.6589301262489,-0.07));
#7508=CARTESIAN_POINT('Ctrl Pts',(-15.3068845706884,19.6527319755491,-0.07));
#7509=CARTESIAN_POINT('Ctrl Pts',(-15.3353443121372,19.6463266551617,-0.0699999999999993));
#7510=CARTESIAN_POINT('Ctrl Pts',(-15.3638040535859,19.6399213347743,-0.0699999999999986));
#7511=CARTESIAN_POINT('Ctrl Pts',(-15.392245186197,19.6333088447897,-0.07));
#7512=CARTESIAN_POINT('Ctrl Pts',(-15.4206672391912,19.6264839440894,-0.07));
#7513=CARTESIAN_POINT('Ctrl Pts',(-15.4490892921854,19.6196590433891,-0.07));
#7514=CARTESIAN_POINT('Ctrl Pts',(-15.4774902609309,19.6126222421523,-0.07));
#7515=CARTESIAN_POINT('Ctrl Pts',(-15.5058756869474,19.6053667509465,-0.07));
#7516=CARTESIAN_POINT('Ctrl Pts',(-15.5342611129639,19.5981112597407,-0.07));
#7517=CARTESIAN_POINT('Ctrl Pts',(-15.5625651631041,19.5906539623676,-0.07));
#7518=CARTESIAN_POINT('Ctrl Pts',(-15.5907703216303,19.5829968703357,-0.07));
#7519=CARTESIAN_POINT('Ctrl Pts',(-15.6471806386827,19.5676826862718,-0.07));
#7520=CARTESIAN_POINT('Ctrl Pts',(-15.7032430415432,19.5515586108083,-0.07));
#7521=CARTESIAN_POINT('Ctrl Pts',(-15.7589326652406,19.5346163496034,-0.07));
#7522=CARTESIAN_POINT('Ctrl Pts',(-15.8146222889381,19.5176740883984,-0.07));
#7523=CARTESIAN_POINT('Ctrl Pts',(-15.8699485278374,19.499918880616,-0.07));
#7524=CARTESIAN_POINT('Ctrl Pts',(-15.9249121144613,19.481352365017,-0.07));
#7525=CARTESIAN_POINT('Ctrl Pts',(-15.9798757010853,19.4627858494181,-0.07));
#7526=CARTESIAN_POINT('Ctrl Pts',(-16.034476714336,19.4434082025207,-0.07));
#7527=CARTESIAN_POINT('Ctrl Pts',(-16.0887155735219,19.4232203623785,-0.07));
#7528=CARTESIAN_POINT('Ctrl Pts',(-16.1971932918935,19.3828446820942,-0.07));
#7529=CARTESIAN_POINT('Ctrl Pts',(-16.3042229292229,19.3392294262022,-0.07));
#7530=CARTESIAN_POINT('Ctrl Pts',(-16.4098009267134,19.2923666331292,-0.07));
#7531=CARTESIAN_POINT('Ctrl Pts',(-16.5153789242039,19.2455038400562,-0.07));
#7532=CARTESIAN_POINT('Ctrl Pts',(-16.6195053211435,19.1953935977049,-0.07));
#7533=CARTESIAN_POINT('Ctrl Pts',(-16.7221671950667,19.142006996562,-0.07));
#7534=CARTESIAN_POINT('Ctrl Pts',(-16.7734981320283,19.1153136959906,-0.07));
#7535=CARTESIAN_POINT('Ctrl Pts',(-16.8244628294,19.0878010622419,-0.07));
#7536=CARTESIAN_POINT('Ctrl Pts',(-16.8750587166029,19.059463344541,-0.07));
#7537=CARTESIAN_POINT('Ctrl Pts',(-16.9256546038058,19.03112562684,-0.07));
#7538=CARTESIAN_POINT('Ctrl Pts',(-16.9758821458343,19.0019638654595,-0.0700000000000028));
#7539=CARTESIAN_POINT('Ctrl Pts',(-17.025736904224,18.9719681308582,-0.0700000000000009));
#7540=CARTESIAN_POINT('Ctrl Pts',(-17.0506642834188,18.9569702635575,-0.07));
#7541=CARTESIAN_POINT('Ctrl Pts',(-17.0754966839748,18.941759914731,-0.07));
#7542=CARTESIAN_POINT('Ctrl Pts',(-17.1002347332203,18.9263384877939,-0.07));
#7543=CARTESIAN_POINT('Ctrl Pts',(-17.1249727824659,18.9109170608568,-0.07));
#7544=CARTESIAN_POINT('Ctrl Pts',(-17.1496164006868,18.8952843774807,-0.07));
#7545=CARTESIAN_POINT('Ctrl Pts',(-17.1741657981286,18.8794409080163,-0.07));
#7546=CARTESIAN_POINT('Ctrl Pts',(-17.1987151955704,18.863597438552,-0.07));
#7547=CARTESIAN_POINT('Ctrl Pts',(-17.2231662026203,18.847545929291,-0.07));
#7548=CARTESIAN_POINT('Ctrl Pts',(-17.2475313604458,18.8312782136844,-0.07));
#7549=CARTESIAN_POINT('Ctrl Pts',(-17.2718965182713,18.8150104980777,-0.07));
#7550=CARTESIAN_POINT('Ctrl Pts',(-17.2961462756417,18.7985458560701,-0.07));
#7551=CARTESIAN_POINT('Ctrl Pts',(-17.3202205675203,18.7819274891256,-0.07));
#7552=CARTESIAN_POINT('Ctrl Pts',(-17.3683691512775,18.7486907552366,-0.07));
#7553=CARTESIAN_POINT('Ctrl Pts',(-17.4158949834063,18.7147897195716,-0.07));
#7554=CARTESIAN_POINT('Ctrl Pts',(-17.4628042431997,18.6802431291201,-0.07));
#7555=CARTESIAN_POINT('Ctrl Pts',(-17.509713502993,18.6456965386685,-0.07));
#7556=CARTESIAN_POINT('Ctrl Pts',(-17.5560087339747,18.6105029945638,-0.07));
#7557=CARTESIAN_POINT('Ctrl Pts',(-17.6016990937684,18.5746721454457,-0.0699999999999996));
#7558=CARTESIAN_POINT('Ctrl Pts',(-17.6930798133559,18.5030104472093,-0.0699999999999988));
#7559=CARTESIAN_POINT('Ctrl Pts',(-17.7820450492188,18.4288037445991,-0.0700000000000017));
#7560=CARTESIAN_POINT('Ctrl Pts',(-17.8686107077875,18.3520687968713,-0.0700000000000006));
#7561=CARTESIAN_POINT('Ctrl Pts',(-17.9118935370719,18.3137013230074,-0.07));
#7562=CARTESIAN_POINT('Ctrl Pts',(-17.9545753233759,18.2747005776409,-0.07));
#7563=CARTESIAN_POINT('Ctrl Pts',(-17.9966511715666,18.2350614031358,-0.07));
#7564=CARTESIAN_POINT('Ctrl Pts',(-18.017689095662,18.2152418158832,-0.07));
#7565=CARTESIAN_POINT('Ctrl Pts',(-18.038575362179,18.1952624390185,-0.07));
#7566=CARTESIAN_POINT('Ctrl Pts',(-18.059309125043,18.1751223810994,-0.07));
#7567=CARTESIAN_POINT('Ctrl Pts',(-18.0800428879069,18.1549823231803,-0.07));
#7568=CARTESIAN_POINT('Ctrl Pts',(-18.1006235224667,18.1346809260675,-0.07));
#7569=CARTESIAN_POINT('Ctrl Pts',(-18.1210511705505,18.1142183391762,-0.07));
#7570=CARTESIAN_POINT('Ctrl Pts',(-18.161906466718,18.0732931653933,-0.07));
#7571=CARTESIAN_POINT('Ctrl Pts',(-18.2021648788417,18.0317391020605,-0.07));
#7572=CARTESIAN_POINT('Ctrl Pts',(-18.2418179096537,17.9895471962417,-0.07));
#7573=CARTESIAN_POINT('Ctrl Pts',(-18.2814709404656,17.9473552904229,-0.07));
#7574=CARTESIAN_POINT('Ctrl Pts',(-18.3205195223837,17.9045265245451,-0.07));
#7575=CARTESIAN_POINT('Ctrl Pts',(-18.3589579147537,17.8610548501343,-0.07));
#7576=CARTESIAN_POINT('Ctrl Pts',(-18.3973963071237,17.8175831757235,-0.07));
#7577=CARTESIAN_POINT('Ctrl Pts',(-18.4352245653137,17.7734686511169,-0.07));
#7578=CARTESIAN_POINT('Ctrl Pts',(-18.4724367421025,17.7287050101968,-0.07));
#7579=CARTESIAN_POINT('Ctrl Pts',(-18.4910428304969,17.7063231897368,-0.07));
#7580=CARTESIAN_POINT('Ctrl Pts',(-18.5094950577304,17.6837792579241,-0.07));
#7581=CARTESIAN_POINT('Ctrl Pts',(-18.5277923841788,17.661072119388,-0.07));
#7582=CARTESIAN_POINT('Ctrl Pts',(-18.5460897106273,17.6383649808519,-0.07));
#7583=CARTESIAN_POINT('Ctrl Pts',(-18.5642330320937,17.6154955794332,-0.0700000000000008));
#7584=CARTESIAN_POINT('Ctrl Pts',(-18.5822194265009,17.5924608363607,-0.0699999999999999));
#7585=CARTESIAN_POINT('Ctrl Pts',(-18.6002058209081,17.5694260932882,-0.0699999999999991));
#7586=CARTESIAN_POINT('Ctrl Pts',(-18.6180300719376,17.5462283767361,-0.07));
#7587=CARTESIAN_POINT('Ctrl Pts',(-18.6357030229512,17.5228555189332,-0.07));
#7588=CARTESIAN_POINT('Ctrl Pts',(-18.6533759739648,17.4994826611303,-0.07));
#7589=CARTESIAN_POINT('Ctrl Pts',(-18.6708715743987,17.4759680577626,-0.07));
#7590=CARTESIAN_POINT('Ctrl Pts',(-18.6881521417037,17.4523654289916,-0.07));
#7591=CARTESIAN_POINT('Ctrl Pts',(-18.7227132763139,17.4051601714496,-0.07));
#7592=CARTESIAN_POINT('Ctrl Pts',(-18.7564701855913,17.3575339709027,-0.07));
#7593=CARTESIAN_POINT('Ctrl Pts',(-18.7894273393625,17.3095006928231,-0.07));
#7594=CARTESIAN_POINT('Ctrl Pts',(-18.8223844931337,17.2614674147434,-0.07));
#7595=CARTESIAN_POINT('Ctrl Pts',(-18.8545441094511,17.2130243425661,-0.07));
#7596=CARTESIAN_POINT('Ctrl Pts',(-18.8859062652821,17.1641715158373,-0.07));
#7597=CARTESIAN_POINT('Ctrl Pts',(-18.9172684211131,17.1153186891084,-0.07));
#7598=CARTESIAN_POINT('Ctrl Pts',(-18.9478306723156,17.0660548519831,-0.070000000000001));
#7599=CARTESIAN_POINT('Ctrl Pts',(-18.9775873369206,17.0163770848858,-0.07));
#7600=CARTESIAN_POINT('Ctrl Pts',(-19.0073440015255,16.9666993177884,-0.069999999999999));
#7601=CARTESIAN_POINT('Ctrl Pts',(-19.0363106099035,16.9166156006561,-0.07));
#7602=CARTESIAN_POINT('Ctrl Pts',(-19.0644819794682,16.8661232705085,-0.07));
#7603=CARTESIAN_POINT('Ctrl Pts',(-19.0926533490329,16.8156309403609,-0.07));
#7604=CARTESIAN_POINT('Ctrl Pts',(-19.1200305481381,16.7647305461579,-0.07));
#7605=CARTESIAN_POINT('Ctrl Pts',(-19.1466116415702,16.71342109354,-0.0699999999999996));
#7606=CARTESIAN_POINT('Ctrl Pts',(-19.1997738284344,16.6108021883041,-0.0699999999999988));
#7607=CARTESIAN_POINT('Ctrl Pts',(-19.24975154848,16.506547026735,-0.07));
#7608=CARTESIAN_POINT('Ctrl Pts',(-19.2965298589945,16.4006479309043,-0.07));
#7609=CARTESIAN_POINT('Ctrl Pts',(-19.3199190142516,16.347698382989,-0.07));
#7610=CARTESIAN_POINT('Ctrl Pts',(-19.3425083277118,16.2943378569475,-0.0699999999999991));
#7611=CARTESIAN_POINT('Ctrl Pts',(-19.3642960003804,16.2405654284127,-0.07));
#7612=CARTESIAN_POINT('Ctrl Pts',(-19.3860836730489,16.186792999878,-0.0700000000000009));
#7613=CARTESIAN_POINT('Ctrl Pts',(-19.4070697046893,16.1326086687284,-0.07));
#7614=CARTESIAN_POINT('Ctrl Pts',(-19.4272523407586,16.0780115334373,-0.07));
#7615=CARTESIAN_POINT('Ctrl Pts',(-19.4373436587932,16.0507129657918,-0.07));
#7616=CARTESIAN_POINT('Ctrl Pts',(-19.4472341285989,16.0233111974519,-0.0700000000000011));
#7617=CARTESIAN_POINT('Ctrl Pts',(-19.4569235350562,15.9958061178842,-0.07));
#7618=CARTESIAN_POINT('Ctrl Pts',(-19.4666129415136,15.9683010383166,-0.0699999999999988));
#7619=CARTESIAN_POINT('Ctrl Pts',(-19.4761012846144,15.9406926475168,-0.07));
#7620=CARTESIAN_POINT('Ctrl Pts',(-19.485388351924,15.9129808363309,-0.07));
#7621=CARTESIAN_POINT('Ctrl Pts',(-19.4946754192337,15.885269025145,-0.07));
#7622=CARTESIAN_POINT('Ctrl Pts',(-19.5037595670816,15.8574595408907,-0.0699999999999988));
#7623=CARTESIAN_POINT('Ctrl Pts',(-19.51264551674,15.8295350338456,-0.0699999999999994));
#7624=CARTESIAN_POINT('Ctrl Pts',(-19.5215314663984,15.8016105268004,-0.07));
#7625=CARTESIAN_POINT('Ctrl Pts',(-19.5302059088386,15.7736171912264,-0.07));
#7626=CARTESIAN_POINT('Ctrl Pts',(-19.5386473061361,15.7456187397697,-0.07));
#7627=CARTESIAN_POINT('Ctrl Pts',(-19.5555301007312,15.6896218368561,-0.07));
#7628=CARTESIAN_POINT('Ctrl Pts',(-19.5715074028775,15.633516641732,-0.069999999999999));
#7629=CARTESIAN_POINT('Ctrl Pts',(-19.5866280359169,15.5773203286098,-0.0699999999999995));
#7630=CARTESIAN_POINT('Ctrl Pts',(-19.6017486689563,15.5211240154875,-0.07));
#7631=CARTESIAN_POINT('Ctrl Pts',(-19.6160130530853,15.4648327117044,-0.0699999999999991));
#7632=CARTESIAN_POINT('Ctrl Pts',(-19.6294579963142,15.4084505006698,-0.07));
#7633=CARTESIAN_POINT('Ctrl Pts',(-19.6429029395432,15.3520682896353,-0.0700000000000009));
#7634=CARTESIAN_POINT('Ctrl Pts',(-19.6555280486781,15.2955951277312,-0.07));
#7635=CARTESIAN_POINT('Ctrl Pts',(-19.6673586214851,15.2390338214436,-0.07));
#7636=CARTESIAN_POINT('Ctrl Pts',(-19.679189194292,15.1824725151559,-0.07));
#7637=CARTESIAN_POINT('Ctrl Pts',(-19.6902217771698,15.1258226813625,-0.07));
#7638=CARTESIAN_POINT('Ctrl Pts',(-19.7004785266794,15.0690867780305,-0.07));
#7639=CARTESIAN_POINT('Ctrl Pts',(-19.710735276189,15.0123508746985,-0.07));
#7640=CARTESIAN_POINT('Ctrl Pts',(-19.7202320197789,14.9555306577497,-0.07));
#7641=CARTESIAN_POINT('Ctrl Pts',(-19.729010171841,14.8986307215791,-0.07));
#7642=CARTESIAN_POINT('Ctrl Pts',(-19.7377883239031,14.8417307854085,-0.07));
#7643=CARTESIAN_POINT('Ctrl Pts',(-19.7458491263085,14.7847512678006,-0.07));
#7644=CARTESIAN_POINT('Ctrl Pts',(-19.7532378632329,14.7276971924976,-0.07));
#7645=CARTESIAN_POINT('Ctrl Pts',(-19.7606266001574,14.6706431171946,-0.07));
#7646=CARTESIAN_POINT('Ctrl Pts',(-19.7673433939965,14.613514497775,-0.07));
#7647=CARTESIAN_POINT('Ctrl Pts',(-19.7734332965611,14.5563163322025,-0.07));
#7648=CARTESIAN_POINT('Ctrl Pts',(-19.7795231991258,14.4991181666301,-0.07));
#7649=CARTESIAN_POINT('Ctrl Pts',(-19.7849876318157,14.4418506126008,-0.07));
#7650=CARTESIAN_POINT('Ctrl Pts',(-19.7898685217283,14.3845183214044,-0.07));
#7651=CARTESIAN_POINT('Ctrl Pts',(-19.7996303015533,14.2698537390116,-0.07));
#7652=CARTESIAN_POINT('Ctrl Pts',(-19.807012873944,14.1549252118011,-0.07));
#7653=CARTESIAN_POINT('Ctrl Pts',(-19.8126026418357,14.0397977941763,-0.07));
#7654=CARTESIAN_POINT('Ctrl Pts',(-19.8181924097275,13.9246703765515,-0.07));
#7655=CARTESIAN_POINT('Ctrl Pts',(-19.8219869369831,13.8093437982683,-0.07));
#7656=CARTESIAN_POINT('Ctrl Pts',(-19.8245632006421,13.6938820680857,-0.07));
#7657=CARTESIAN_POINT('Ctrl Pts',(-19.8297157279602,13.4629586077206,-0.07));
#7658=CARTESIAN_POINT('Ctrl Pts',(-19.8299989296244,13.231494953421,-0.07));
#7659=CARTESIAN_POINT('Ctrl Pts',(-19.83,13.,-0.07));
#7660=CARTESIAN_POINT('',(-19.83,-13.,-0.07));
#7661=CARTESIAN_POINT('',(-19.83,13.,-0.07));
#7662=CARTESIAN_POINT('',(-13.,-19.83,-0.07));
#7663=CARTESIAN_POINT('Ctrl Pts',(-19.83,-13.,-0.07));
#7664=CARTESIAN_POINT('Ctrl Pts',(-19.8299982305404,-13.2322805934958,-0.07));
#7665=CARTESIAN_POINT('Ctrl Pts',(-19.8297094421923,-13.4645354057462,-0.07));
#7666=CARTESIAN_POINT('Ctrl Pts',(-19.824502919633,-13.6963484866109,-0.0699999999999996));
#7667=CARTESIAN_POINT('Ctrl Pts',(-19.8192963970736,-13.9281615674756,-0.0699999999999992));
#7668=CARTESIAN_POINT('Ctrl Pts',(-19.8091784902505,-14.1595334872807,-0.0699999999999962));
#7669=CARTESIAN_POINT('Ctrl Pts',(-19.7893975280014,-14.3900374311526,-0.0699999999999987));
#7670=CARTESIAN_POINT('Ctrl Pts',(-19.7795070468768,-14.5052894030885,-0.07));
#7671=CARTESIAN_POINT('Ctrl Pts',(-19.7672051196905,-14.6203247688681,-0.0699999999999988));
#7672=CARTESIAN_POINT('Ctrl Pts',(-19.7521681145064,-14.7351144585331,-0.07));
#7673=CARTESIAN_POINT('Ctrl Pts',(-19.7371311093223,-14.8499041481981,-0.0700000000000011));
#7674=CARTESIAN_POINT('Ctrl Pts',(-19.7193587205398,-14.9644481342938,-0.07));
#7675=CARTESIAN_POINT('Ctrl Pts',(-19.6985218267125,-15.0787168537587,-0.07));
#7676=CARTESIAN_POINT('Ctrl Pts',(-19.6881033797989,-15.1358512134912,-0.07));
#7677=CARTESIAN_POINT('Ctrl Pts',(-19.6769187400066,-15.1929167505821,-0.070000000000001));
#7678=CARTESIAN_POINT('Ctrl Pts',(-19.6649263308348,-15.2499097304565,-0.0700000000000003));
#7679=CARTESIAN_POINT('Ctrl Pts',(-19.6589301262489,-15.2784062203937,-0.07));
#7680=CARTESIAN_POINT('Ctrl Pts',(-19.6527319755491,-15.3068845706884,-0.07));
#7681=CARTESIAN_POINT('Ctrl Pts',(-19.6463266551617,-15.3353443121371,-0.07));
#7682=CARTESIAN_POINT('Ctrl Pts',(-19.6399213347743,-15.3638040535859,-0.07));
#7683=CARTESIAN_POINT('Ctrl Pts',(-19.6333088447897,-15.3922451861969,-0.07));
#7684=CARTESIAN_POINT('Ctrl Pts',(-19.6264839440894,-15.4206672391911,-0.07));
#7685=CARTESIAN_POINT('Ctrl Pts',(-19.6196590433891,-15.4490892921854,-0.07));
#7686=CARTESIAN_POINT('Ctrl Pts',(-19.6126222421523,-15.4774902609308,-0.07));
#7687=CARTESIAN_POINT('Ctrl Pts',(-19.6053667509465,-15.5058756869473,-0.07));
#7688=CARTESIAN_POINT('Ctrl Pts',(-19.5981112597407,-15.5342611129638,-0.07));
#7689=CARTESIAN_POINT('Ctrl Pts',(-19.5906539623676,-15.562565163104,-0.07));
#7690=CARTESIAN_POINT('Ctrl Pts',(-19.5829968703357,-15.5907703216302,-0.07));
#7691=CARTESIAN_POINT('Ctrl Pts',(-19.5676826862718,-15.6471806386826,-0.07));
#7692=CARTESIAN_POINT('Ctrl Pts',(-19.5515586108083,-15.7032430415431,-0.07));
#7693=CARTESIAN_POINT('Ctrl Pts',(-19.5346163496034,-15.7589326652406,-0.07));
#7694=CARTESIAN_POINT('Ctrl Pts',(-19.5176740883985,-15.814622288938,-0.07));
#7695=CARTESIAN_POINT('Ctrl Pts',(-19.499918880616,-15.8699485278374,-0.07));
#7696=CARTESIAN_POINT('Ctrl Pts',(-19.481352365017,-15.9249121144613,-0.07));
#7697=CARTESIAN_POINT('Ctrl Pts',(-19.4627858494181,-15.9798757010852,-0.07));
#7698=CARTESIAN_POINT('Ctrl Pts',(-19.4434082025207,-16.034476714336,-0.07));
#7699=CARTESIAN_POINT('Ctrl Pts',(-19.4232203623785,-16.0887155735218,-0.07));
#7700=CARTESIAN_POINT('Ctrl Pts',(-19.3828446820942,-16.1971932918934,-0.07));
#7701=CARTESIAN_POINT('Ctrl Pts',(-19.3392294262022,-16.3042229292229,-0.0700000000000008));
#7702=CARTESIAN_POINT('Ctrl Pts',(-19.2923666331292,-16.4098009267133,-0.0699999999999999));
#7703=CARTESIAN_POINT('Ctrl Pts',(-19.2455038400562,-16.5153789242039,-0.0699999999999991));
#7704=CARTESIAN_POINT('Ctrl Pts',(-19.1953935977049,-16.6195053211435,-0.07));
#7705=CARTESIAN_POINT('Ctrl Pts',(-19.142006996562,-16.7221671950667,-0.07));
#7706=CARTESIAN_POINT('Ctrl Pts',(-19.1153136959906,-16.7734981320283,-0.07));
#7707=CARTESIAN_POINT('Ctrl Pts',(-19.0878010622419,-16.8244628294,-0.07));
#7708=CARTESIAN_POINT('Ctrl Pts',(-19.059463344541,-16.8750587166028,-0.07));
#7709=CARTESIAN_POINT('Ctrl Pts',(-19.03112562684,-16.9256546038057,-0.07));
#7710=CARTESIAN_POINT('Ctrl Pts',(-19.0019638654595,-16.9758821458343,-0.0700000000000008));
#7711=CARTESIAN_POINT('Ctrl Pts',(-18.9719681308582,-17.025736904224,-0.0700000000000003));
#7712=CARTESIAN_POINT('Ctrl Pts',(-18.9569702635575,-17.0506642834188,-0.07));
#7713=CARTESIAN_POINT('Ctrl Pts',(-18.9417599147311,-17.0754966839748,-0.07));
#7714=CARTESIAN_POINT('Ctrl Pts',(-18.9263384877939,-17.1002347332203,-0.07));
#7715=CARTESIAN_POINT('Ctrl Pts',(-18.9109170608568,-17.1249727824658,-0.07));
#7716=CARTESIAN_POINT('Ctrl Pts',(-18.8952843774807,-17.1496164006868,-0.07));
#7717=CARTESIAN_POINT('Ctrl Pts',(-18.8794409080164,-17.1741657981286,-0.07));
#7718=CARTESIAN_POINT('Ctrl Pts',(-18.8635974385521,-17.1987151955704,-0.07));
#7719=CARTESIAN_POINT('Ctrl Pts',(-18.847545929291,-17.2231662026203,-0.07));
#7720=CARTESIAN_POINT('Ctrl Pts',(-18.8312782136844,-17.2475313604458,-0.07));
#7721=CARTESIAN_POINT('Ctrl Pts',(-18.8150104980778,-17.2718965182712,-0.07));
#7722=CARTESIAN_POINT('Ctrl Pts',(-18.7985458560702,-17.2961462756417,-0.07));
#7723=CARTESIAN_POINT('Ctrl Pts',(-18.7819274891256,-17.3202205675203,-0.07));
#7724=CARTESIAN_POINT('Ctrl Pts',(-18.7486907552366,-17.3683691512774,-0.07));
#7725=CARTESIAN_POINT('Ctrl Pts',(-18.7147897195717,-17.4158949834063,-0.0699999999999992));
#7726=CARTESIAN_POINT('Ctrl Pts',(-18.6802431291202,-17.4628042431997,-0.0699999999999996));
#7727=CARTESIAN_POINT('Ctrl Pts',(-18.6456965386685,-17.509713502993,-0.07));
#7728=CARTESIAN_POINT('Ctrl Pts',(-18.6105029945639,-17.5560087339747,-0.07));
#7729=CARTESIAN_POINT('Ctrl Pts',(-18.5746721454457,-17.6016990937684,-0.0699999999999996));
#7730=CARTESIAN_POINT('Ctrl Pts',(-18.5030104472093,-17.6930798133559,-0.0699999999999989));
#7731=CARTESIAN_POINT('Ctrl Pts',(-18.4288037445991,-17.7820450492189,-0.0699999999999977));
#7732=CARTESIAN_POINT('Ctrl Pts',(-18.3520687968713,-17.8686107077875,-0.0699999999999987));
#7733=CARTESIAN_POINT('Ctrl Pts',(-18.3137013230075,-17.9118935370719,-0.0699999999999992));
#7734=CARTESIAN_POINT('Ctrl Pts',(-18.274700577641,-17.9545753233759,-0.07));
#7735=CARTESIAN_POINT('Ctrl Pts',(-18.2350614031358,-17.9966511715666,-0.07));
#7736=CARTESIAN_POINT('Ctrl Pts',(-18.2152418158832,-18.017689095662,-0.07));
#7737=CARTESIAN_POINT('Ctrl Pts',(-18.1952624390185,-18.038575362179,-0.07));
#7738=CARTESIAN_POINT('Ctrl Pts',(-18.1751223810995,-18.0593091250429,-0.07));
#7739=CARTESIAN_POINT('Ctrl Pts',(-18.1549823231804,-18.0800428879069,-0.07));
#7740=CARTESIAN_POINT('Ctrl Pts',(-18.1346809260676,-18.1006235224667,-0.07));
#7741=CARTESIAN_POINT('Ctrl Pts',(-18.1142183391762,-18.1210511705505,-0.0699999999999991));
#7742=CARTESIAN_POINT('Ctrl Pts',(-18.0732931653935,-18.161906466718,-0.0699999999999974));
#7743=CARTESIAN_POINT('Ctrl Pts',(-18.0317391020606,-18.2021648788417,-0.07));
#7744=CARTESIAN_POINT('Ctrl Pts',(-17.9895471962418,-18.2418179096537,-0.07));
#7745=CARTESIAN_POINT('Ctrl Pts',(-17.947355290423,-18.2814709404656,-0.07));
#7746=CARTESIAN_POINT('Ctrl Pts',(-17.9045265245452,-18.3205195223838,-0.07));
#7747=CARTESIAN_POINT('Ctrl Pts',(-17.8610548501344,-18.3589579147538,-0.07));
#7748=CARTESIAN_POINT('Ctrl Pts',(-17.8175831757236,-18.3973963071237,-0.07));
#7749=CARTESIAN_POINT('Ctrl Pts',(-17.7734686511169,-18.4352245653137,-0.07));
#7750=CARTESIAN_POINT('Ctrl Pts',(-17.7287050101969,-18.4724367421025,-0.07));
#7751=CARTESIAN_POINT('Ctrl Pts',(-17.7063231897368,-18.4910428304969,-0.07));
#7752=CARTESIAN_POINT('Ctrl Pts',(-17.6837792579242,-18.5094950577304,-0.07));
#7753=CARTESIAN_POINT('Ctrl Pts',(-17.6610721193881,-18.5277923841788,-0.07));
#7754=CARTESIAN_POINT('Ctrl Pts',(-17.638364980852,-18.5460897106273,-0.07));
#7755=CARTESIAN_POINT('Ctrl Pts',(-17.6154955794333,-18.5642330320937,-0.07));
#7756=CARTESIAN_POINT('Ctrl Pts',(-17.5924608363608,-18.5822194265009,-0.07));
#7757=CARTESIAN_POINT('Ctrl Pts',(-17.5694260932883,-18.6002058209081,-0.07));
#7758=CARTESIAN_POINT('Ctrl Pts',(-17.5462283767363,-18.6180300719376,-0.07));
#7759=CARTESIAN_POINT('Ctrl Pts',(-17.5228555189334,-18.6357030229512,-0.07));
#7760=CARTESIAN_POINT('Ctrl Pts',(-17.4994826611305,-18.6533759739648,-0.07));
#7761=CARTESIAN_POINT('Ctrl Pts',(-17.4759680577627,-18.6708715743987,-0.07));
#7762=CARTESIAN_POINT('Ctrl Pts',(-17.4523654289917,-18.6881521417038,-0.0700000000000005));
#7763=CARTESIAN_POINT('Ctrl Pts',(-17.4051601714497,-18.7227132763139,-0.0700000000000016));
#7764=CARTESIAN_POINT('Ctrl Pts',(-17.3575339709028,-18.7564701855913,-0.07));
#7765=CARTESIAN_POINT('Ctrl Pts',(-17.3095006928232,-18.7894273393625,-0.07));
#7766=CARTESIAN_POINT('Ctrl Pts',(-17.2614674147435,-18.8223844931337,-0.07));
#7767=CARTESIAN_POINT('Ctrl Pts',(-17.2130243425662,-18.8545441094511,-0.07));
#7768=CARTESIAN_POINT('Ctrl Pts',(-17.1641715158373,-18.8859062652821,-0.07));
#7769=CARTESIAN_POINT('Ctrl Pts',(-17.1153186891085,-18.9172684211131,-0.07));
#7770=CARTESIAN_POINT('Ctrl Pts',(-17.0660548519832,-18.9478306723156,-0.07));
#7771=CARTESIAN_POINT('Ctrl Pts',(-17.0163770848858,-18.9775873369206,-0.07));
#7772=CARTESIAN_POINT('Ctrl Pts',(-16.9666993177885,-19.0073440015255,-0.07));
#7773=CARTESIAN_POINT('Ctrl Pts',(-16.9166156006562,-19.0363106099036,-0.07));
#7774=CARTESIAN_POINT('Ctrl Pts',(-16.8661232705086,-19.0644819794683,-0.07));
#7775=CARTESIAN_POINT('Ctrl Pts',(-16.815630940361,-19.092653349033,-0.07));
#7776=CARTESIAN_POINT('Ctrl Pts',(-16.7647305461581,-19.1200305481381,-0.07));
#7777=CARTESIAN_POINT('Ctrl Pts',(-16.7134210935401,-19.1466116415703,-0.07));
#7778=CARTESIAN_POINT('Ctrl Pts',(-16.6108021883042,-19.1997738284345,-0.07));
#7779=CARTESIAN_POINT('Ctrl Pts',(-16.5065470267351,-19.2497515484801,-0.0700000000000013));
#7780=CARTESIAN_POINT('Ctrl Pts',(-16.4006479309044,-19.2965298589945,-0.0700000000000004));
#7781=CARTESIAN_POINT('Ctrl Pts',(-16.3476983829891,-19.3199190142517,-0.07));
#7782=CARTESIAN_POINT('Ctrl Pts',(-16.2943378569475,-19.3425083277118,-0.07));
#7783=CARTESIAN_POINT('Ctrl Pts',(-16.2405654284128,-19.3642960003804,-0.07));
#7784=CARTESIAN_POINT('Ctrl Pts',(-16.1867929998781,-19.386083673049,-0.07));
#7785=CARTESIAN_POINT('Ctrl Pts',(-16.1326086687285,-19.4070697046894,-0.0699999999999987));
#7786=CARTESIAN_POINT('Ctrl Pts',(-16.0780115334374,-19.4272523407586,-0.0699999999999996));
#7787=CARTESIAN_POINT('Ctrl Pts',(-16.0507129657919,-19.4373436587932,-0.07));
#7788=CARTESIAN_POINT('Ctrl Pts',(-16.023311197452,-19.4472341285989,-0.07));
#7789=CARTESIAN_POINT('Ctrl Pts',(-15.9958061178843,-19.4569235350563,-0.07));
#7790=CARTESIAN_POINT('Ctrl Pts',(-15.9683010383167,-19.4666129415137,-0.07));
#7791=CARTESIAN_POINT('Ctrl Pts',(-15.9406926475169,-19.4761012846144,-0.07));
#7792=CARTESIAN_POINT('Ctrl Pts',(-15.912980836331,-19.485388351924,-0.07));
#7793=CARTESIAN_POINT('Ctrl Pts',(-15.8852690251451,-19.4946754192337,-0.07));
#7794=CARTESIAN_POINT('Ctrl Pts',(-15.8574595408908,-19.5037595670816,-0.07));
#7795=CARTESIAN_POINT('Ctrl Pts',(-15.8295350338456,-19.51264551674,-0.07));
#7796=CARTESIAN_POINT('Ctrl Pts',(-15.8016105268005,-19.5215314663984,-0.07));
#7797=CARTESIAN_POINT('Ctrl Pts',(-15.7736171912265,-19.5302059088386,-0.07));
#7798=CARTESIAN_POINT('Ctrl Pts',(-15.7456187397698,-19.5386473061362,-0.07));
#7799=CARTESIAN_POINT('Ctrl Pts',(-15.6896218368562,-19.5555301007312,-0.07));
#7800=CARTESIAN_POINT('Ctrl Pts',(-15.6335166417321,-19.5715074028775,-0.07));
#7801=CARTESIAN_POINT('Ctrl Pts',(-15.5773203286098,-19.5866280359169,-0.07));
#7802=CARTESIAN_POINT('Ctrl Pts',(-15.5211240154875,-19.6017486689563,-0.07));
#7803=CARTESIAN_POINT('Ctrl Pts',(-15.4648327117044,-19.6160130530854,-0.07));
#7804=CARTESIAN_POINT('Ctrl Pts',(-15.4084505006699,-19.6294579963143,-0.07));
#7805=CARTESIAN_POINT('Ctrl Pts',(-15.3520682896353,-19.6429029395432,-0.07));
#7806=CARTESIAN_POINT('Ctrl Pts',(-15.2955951277313,-19.6555280486781,-0.07));
#7807=CARTESIAN_POINT('Ctrl Pts',(-15.2390338214436,-19.6673586214851,-0.07));
#7808=CARTESIAN_POINT('Ctrl Pts',(-15.1824725151559,-19.679189194292,-0.07));
#7809=CARTESIAN_POINT('Ctrl Pts',(-15.1258226813625,-19.6902217771697,-0.07));
#7810=CARTESIAN_POINT('Ctrl Pts',(-15.0690867780305,-19.7004785266794,-0.07));
#7811=CARTESIAN_POINT('Ctrl Pts',(-15.0123508746985,-19.710735276189,-0.07));
#7812=CARTESIAN_POINT('Ctrl Pts',(-14.9555306577497,-19.7202320197789,-0.07));
#7813=CARTESIAN_POINT('Ctrl Pts',(-14.8986307215791,-19.729010171841,-0.07));
#7814=CARTESIAN_POINT('Ctrl Pts',(-14.8417307854086,-19.7377883239031,-0.07));
#7815=CARTESIAN_POINT('Ctrl Pts',(-14.7847512678006,-19.7458491263085,-0.07));
#7816=CARTESIAN_POINT('Ctrl Pts',(-14.7276971924976,-19.753237863233,-0.07));
#7817=CARTESIAN_POINT('Ctrl Pts',(-14.6706431171946,-19.7606266001574,-0.07));
#7818=CARTESIAN_POINT('Ctrl Pts',(-14.613514497775,-19.7673433939965,-0.0699999999999992));
#7819=CARTESIAN_POINT('Ctrl Pts',(-14.5563163322026,-19.7734332965611,-0.0699999999999996));
#7820=CARTESIAN_POINT('Ctrl Pts',(-14.4991181666302,-19.7795231991258,-0.07));
#7821=CARTESIAN_POINT('Ctrl Pts',(-14.4418506126008,-19.7849876318158,-0.07));
#7822=CARTESIAN_POINT('Ctrl Pts',(-14.3845183214044,-19.7898685217283,-0.07));
#7823=CARTESIAN_POINT('Ctrl Pts',(-14.2698537390116,-19.7996303015533,-0.07));
#7824=CARTESIAN_POINT('Ctrl Pts',(-14.1549252118011,-19.807012873944,-0.07));
#7825=CARTESIAN_POINT('Ctrl Pts',(-14.0397977941763,-19.8126026418357,-0.07));
#7826=CARTESIAN_POINT('Ctrl Pts',(-13.9246703765515,-19.8181924097275,-0.07));
#7827=CARTESIAN_POINT('Ctrl Pts',(-13.8093437982683,-19.8219869369831,-0.07));
#7828=CARTESIAN_POINT('Ctrl Pts',(-13.6938820680857,-19.8245632006421,-0.07));
#7829=CARTESIAN_POINT('Ctrl Pts',(-13.4629586077205,-19.8297157279602,-0.07));
#7830=CARTESIAN_POINT('Ctrl Pts',(-13.231494953421,-19.8299989296244,-0.07));
#7831=CARTESIAN_POINT('Ctrl Pts',(-13.,-19.83,-0.07));
#7832=CARTESIAN_POINT('',(13.,-19.83,-0.07));
#7833=CARTESIAN_POINT('',(-13.,-19.83,-0.07));
#7834=CARTESIAN_POINT('Ctrl Pts',(13.,-19.83,-0.07));
#7835=CARTESIAN_POINT('Ctrl Pts',(13.2322805934958,-19.8299982305404,-0.07));
#7836=CARTESIAN_POINT('Ctrl Pts',(13.4645354057462,-19.8297094421923,-0.07));
#7837=CARTESIAN_POINT('Ctrl Pts',(13.6963484866109,-19.824502919633,-0.07));
#7838=CARTESIAN_POINT('Ctrl Pts',(13.9281615674756,-19.8192963970736,-0.07));
#7839=CARTESIAN_POINT('Ctrl Pts',(14.1595334872806,-19.8091784902505,-0.07));
#7840=CARTESIAN_POINT('Ctrl Pts',(14.3900374311525,-19.7893975280014,-0.07));
#7841=CARTESIAN_POINT('Ctrl Pts',(14.5052894030885,-19.7795070468769,-0.07));
#7842=CARTESIAN_POINT('Ctrl Pts',(14.6203247688681,-19.7672051196905,-0.07));
#7843=CARTESIAN_POINT('Ctrl Pts',(14.7351144585331,-19.7521681145064,-0.07));
#7844=CARTESIAN_POINT('Ctrl Pts',(14.8499041481981,-19.7371311093223,-0.07));
#7845=CARTESIAN_POINT('Ctrl Pts',(14.9644481342938,-19.7193587205399,-0.07));
#7846=CARTESIAN_POINT('Ctrl Pts',(15.0787168537587,-19.6985218267126,-0.07));
#7847=CARTESIAN_POINT('Ctrl Pts',(15.1358512134911,-19.6881033797989,-0.07));
#7848=CARTESIAN_POINT('Ctrl Pts',(15.192916750582,-19.6769187400066,-0.07));
#7849=CARTESIAN_POINT('Ctrl Pts',(15.2499097304564,-19.6649263308348,-0.07));
#7850=CARTESIAN_POINT('Ctrl Pts',(15.2784062203937,-19.658930126249,-0.07));
#7851=CARTESIAN_POINT('Ctrl Pts',(15.3068845706883,-19.6527319755491,-0.07));
#7852=CARTESIAN_POINT('Ctrl Pts',(15.335344312137,-19.6463266551617,-0.07));
#7853=CARTESIAN_POINT('Ctrl Pts',(15.3638040535858,-19.6399213347743,-0.07));
#7854=CARTESIAN_POINT('Ctrl Pts',(15.3922451861969,-19.6333088447897,-0.07));
#7855=CARTESIAN_POINT('Ctrl Pts',(15.4206672391911,-19.6264839440895,-0.07));
#7856=CARTESIAN_POINT('Ctrl Pts',(15.4490892921853,-19.6196590433892,-0.07));
#7857=CARTESIAN_POINT('Ctrl Pts',(15.4774902609308,-19.6126222421524,-0.07));
#7858=CARTESIAN_POINT('Ctrl Pts',(15.5058756869472,-19.6053667509466,-0.07));
#7859=CARTESIAN_POINT('Ctrl Pts',(15.5342611129637,-19.5981112597407,-0.07));
#7860=CARTESIAN_POINT('Ctrl Pts',(15.5625651631039,-19.5906539623676,-0.07));
#7861=CARTESIAN_POINT('Ctrl Pts',(15.5907703216301,-19.5829968703357,-0.07));
#7862=CARTESIAN_POINT('Ctrl Pts',(15.6471806386826,-19.5676826862719,-0.07));
#7863=CARTESIAN_POINT('Ctrl Pts',(15.7032430415431,-19.5515586108083,-0.07));
#7864=CARTESIAN_POINT('Ctrl Pts',(15.7589326652405,-19.5346163496034,-0.07));
#7865=CARTESIAN_POINT('Ctrl Pts',(15.8146222889379,-19.5176740883985,-0.07));
#7866=CARTESIAN_POINT('Ctrl Pts',(15.8699485278373,-19.499918880616,-0.07));
#7867=CARTESIAN_POINT('Ctrl Pts',(15.9249121144612,-19.481352365017,-0.07));
#7868=CARTESIAN_POINT('Ctrl Pts',(15.9798757010851,-19.4627858494181,-0.07));
#7869=CARTESIAN_POINT('Ctrl Pts',(16.0344767143359,-19.4434082025208,-0.07));
#7870=CARTESIAN_POINT('Ctrl Pts',(16.0887155735217,-19.4232203623786,-0.07));
#7871=CARTESIAN_POINT('Ctrl Pts',(16.1971932918933,-19.3828446820942,-0.07));
#7872=CARTESIAN_POINT('Ctrl Pts',(16.3042229292228,-19.3392294262022,-0.07));
#7873=CARTESIAN_POINT('Ctrl Pts',(16.4098009267133,-19.2923666331292,-0.07));
#7874=CARTESIAN_POINT('Ctrl Pts',(16.5153789242038,-19.2455038400562,-0.07));
#7875=CARTESIAN_POINT('Ctrl Pts',(16.6195053211434,-19.1953935977049,-0.07));
#7876=CARTESIAN_POINT('Ctrl Pts',(16.7221671950666,-19.1420069965621,-0.07));
#7877=CARTESIAN_POINT('Ctrl Pts',(16.7734981320282,-19.1153136959906,-0.07));
#7878=CARTESIAN_POINT('Ctrl Pts',(16.8244628293998,-19.087801062242,-0.07));
#7879=CARTESIAN_POINT('Ctrl Pts',(16.8750587166027,-19.059463344541,-0.07));
#7880=CARTESIAN_POINT('Ctrl Pts',(16.9256546038056,-19.0311256268401,-0.07));
#7881=CARTESIAN_POINT('Ctrl Pts',(16.9758821458342,-19.0019638654596,-0.07));
#7882=CARTESIAN_POINT('Ctrl Pts',(17.0257369042239,-18.9719681308582,-0.07));
#7883=CARTESIAN_POINT('Ctrl Pts',(17.0506642834187,-18.9569702635576,-0.07));
#7884=CARTESIAN_POINT('Ctrl Pts',(17.0754966839747,-18.9417599147311,-0.07));
#7885=CARTESIAN_POINT('Ctrl Pts',(17.1002347332202,-18.926338487794,-0.07));
#7886=CARTESIAN_POINT('Ctrl Pts',(17.1249727824658,-18.9109170608568,-0.07));
#7887=CARTESIAN_POINT('Ctrl Pts',(17.1496164006867,-18.8952843774807,-0.07));
#7888=CARTESIAN_POINT('Ctrl Pts',(17.1741657981285,-18.8794409080164,-0.07));
#7889=CARTESIAN_POINT('Ctrl Pts',(17.1987151955703,-18.8635974385521,-0.07));
#7890=CARTESIAN_POINT('Ctrl Pts',(17.2231662026202,-18.8475459292911,-0.07));
#7891=CARTESIAN_POINT('Ctrl Pts',(17.2475313604457,-18.8312782136845,-0.07));
#7892=CARTESIAN_POINT('Ctrl Pts',(17.2718965182711,-18.8150104980779,-0.07));
#7893=CARTESIAN_POINT('Ctrl Pts',(17.2961462756416,-18.7985458560702,-0.07));
#7894=CARTESIAN_POINT('Ctrl Pts',(17.3202205675202,-18.7819274891257,-0.07));
#7895=CARTESIAN_POINT('Ctrl Pts',(17.3683691512774,-18.7486907552367,-0.07));
#7896=CARTESIAN_POINT('Ctrl Pts',(17.4158949834063,-18.7147897195718,-0.07));
#7897=CARTESIAN_POINT('Ctrl Pts',(17.4628042431996,-18.6802431291202,-0.07));
#7898=CARTESIAN_POINT('Ctrl Pts',(17.5097135029929,-18.6456965386686,-0.07));
#7899=CARTESIAN_POINT('Ctrl Pts',(17.5560087339746,-18.6105029945639,-0.07));
#7900=CARTESIAN_POINT('Ctrl Pts',(17.6016990937683,-18.5746721454458,-0.07));
#7901=CARTESIAN_POINT('Ctrl Pts',(17.6930798133559,-18.5030104472094,-0.07));
#7902=CARTESIAN_POINT('Ctrl Pts',(17.7820450492188,-18.4288037445991,-0.0699999999999984));
#7903=CARTESIAN_POINT('Ctrl Pts',(17.8686107077875,-18.3520687968714,-0.0699999999999995));
#7904=CARTESIAN_POINT('Ctrl Pts',(17.9118935370718,-18.3137013230075,-0.07));
#7905=CARTESIAN_POINT('Ctrl Pts',(17.9545753233758,-18.274700577641,-0.07));
#7906=CARTESIAN_POINT('Ctrl Pts',(17.9966511715665,-18.2350614031359,-0.07));
#7907=CARTESIAN_POINT('Ctrl Pts',(18.0176890956619,-18.2152418158833,-0.07));
#7908=CARTESIAN_POINT('Ctrl Pts',(18.0385753621789,-18.1952624390186,-0.0700000000000011));
#7909=CARTESIAN_POINT('Ctrl Pts',(18.0593091250429,-18.1751223810995,-0.07));
#7910=CARTESIAN_POINT('Ctrl Pts',(18.0800428879068,-18.1549823231804,-0.0699999999999988));
#7911=CARTESIAN_POINT('Ctrl Pts',(18.1006235224666,-18.1346809260677,-0.070000000000001));
#7912=CARTESIAN_POINT('Ctrl Pts',(18.1210511705504,-18.1142183391763,-0.0699999999999999));
#7913=CARTESIAN_POINT('Ctrl Pts',(18.1619064667179,-18.0732931653935,-0.0699999999999978));
#7914=CARTESIAN_POINT('Ctrl Pts',(18.2021648788416,-18.0317391020607,-0.069999999999999));
#7915=CARTESIAN_POINT('Ctrl Pts',(18.2418179096536,-17.9895471962418,-0.0699999999999995));
#7916=CARTESIAN_POINT('Ctrl Pts',(18.2814709404655,-17.947355290423,-0.07));
#7917=CARTESIAN_POINT('Ctrl Pts',(18.3205195223837,-17.9045265245452,-0.07));
#7918=CARTESIAN_POINT('Ctrl Pts',(18.3589579147537,-17.8610548501344,-0.07));
#7919=CARTESIAN_POINT('Ctrl Pts',(18.3973963071236,-17.8175831757236,-0.07));
#7920=CARTESIAN_POINT('Ctrl Pts',(18.4352245653136,-17.773468651117,-0.07));
#7921=CARTESIAN_POINT('Ctrl Pts',(18.4724367421024,-17.7287050101969,-0.07));
#7922=CARTESIAN_POINT('Ctrl Pts',(18.4910428304968,-17.7063231897369,-0.07));
#7923=CARTESIAN_POINT('Ctrl Pts',(18.5094950577303,-17.6837792579243,-0.07));
#7924=CARTESIAN_POINT('Ctrl Pts',(18.5277923841787,-17.6610721193881,-0.07));
#7925=CARTESIAN_POINT('Ctrl Pts',(18.5460897106272,-17.638364980852,-0.07));
#7926=CARTESIAN_POINT('Ctrl Pts',(18.5642330320937,-17.6154955794333,-0.07));
#7927=CARTESIAN_POINT('Ctrl Pts',(18.5822194265009,-17.5924608363608,-0.07));
#7928=CARTESIAN_POINT('Ctrl Pts',(18.6002058209081,-17.5694260932883,-0.07));
#7929=CARTESIAN_POINT('Ctrl Pts',(18.6180300719375,-17.5462283767363,-0.07));
#7930=CARTESIAN_POINT('Ctrl Pts',(18.6357030229511,-17.5228555189334,-0.07));
#7931=CARTESIAN_POINT('Ctrl Pts',(18.6533759739647,-17.4994826611305,-0.07));
#7932=CARTESIAN_POINT('Ctrl Pts',(18.6708715743986,-17.4759680577627,-0.07));
#7933=CARTESIAN_POINT('Ctrl Pts',(18.6881521417036,-17.4523654289917,-0.07));
#7934=CARTESIAN_POINT('Ctrl Pts',(18.7227132763137,-17.4051601714498,-0.07));
#7935=CARTESIAN_POINT('Ctrl Pts',(18.7564701855911,-17.3575339709029,-0.07));
#7936=CARTESIAN_POINT('Ctrl Pts',(18.7894273393624,-17.3095006928232,-0.07));
#7937=CARTESIAN_POINT('Ctrl Pts',(18.8223844931336,-17.2614674147435,-0.07));
#7938=CARTESIAN_POINT('Ctrl Pts',(18.8545441094509,-17.2130243425662,-0.07));
#7939=CARTESIAN_POINT('Ctrl Pts',(18.885906265282,-17.1641715158374,-0.07));
#7940=CARTESIAN_POINT('Ctrl Pts',(18.9172684211131,-17.1153186891086,-0.07));
#7941=CARTESIAN_POINT('Ctrl Pts',(18.9478306723156,-17.0660548519833,-0.07));
#7942=CARTESIAN_POINT('Ctrl Pts',(18.9775873369205,-17.0163770848859,-0.07));
#7943=CARTESIAN_POINT('Ctrl Pts',(19.0073440015255,-16.9666993177886,-0.07));
#7944=CARTESIAN_POINT('Ctrl Pts',(19.0363106099035,-16.9166156006563,-0.07));
#7945=CARTESIAN_POINT('Ctrl Pts',(19.0644819794682,-16.8661232705087,-0.07));
#7946=CARTESIAN_POINT('Ctrl Pts',(19.0926533490329,-16.815630940361,-0.07));
#7947=CARTESIAN_POINT('Ctrl Pts',(19.1200305481381,-16.7647305461581,-0.07));
#7948=CARTESIAN_POINT('Ctrl Pts',(19.1466116415702,-16.7134210935402,-0.07));
#7949=CARTESIAN_POINT('Ctrl Pts',(19.1997738284344,-16.6108021883042,-0.07));
#7950=CARTESIAN_POINT('Ctrl Pts',(19.24975154848,-16.5065470267352,-0.07));
#7951=CARTESIAN_POINT('Ctrl Pts',(19.2965298589944,-16.4006479309045,-0.07));
#7952=CARTESIAN_POINT('Ctrl Pts',(19.3199190142516,-16.3476983829892,-0.07));
#7953=CARTESIAN_POINT('Ctrl Pts',(19.3425083277118,-16.2943378569476,-0.07));
#7954=CARTESIAN_POINT('Ctrl Pts',(19.3642960003803,-16.2405654284128,-0.07));
#7955=CARTESIAN_POINT('Ctrl Pts',(19.3860836730489,-16.1867929998781,-0.07));
#7956=CARTESIAN_POINT('Ctrl Pts',(19.4070697046893,-16.1326086687286,-0.0700000000000011));
#7957=CARTESIAN_POINT('Ctrl Pts',(19.4272523407585,-16.0780115334375,-0.0700000000000004));
#7958=CARTESIAN_POINT('Ctrl Pts',(19.4373436587931,-16.0507129657919,-0.07));
#7959=CARTESIAN_POINT('Ctrl Pts',(19.4472341285988,-16.0233111974521,-0.07));
#7960=CARTESIAN_POINT('Ctrl Pts',(19.4569235350562,-15.9958061178844,-0.07));
#7961=CARTESIAN_POINT('Ctrl Pts',(19.4666129415136,-15.9683010383167,-0.07));
#7962=CARTESIAN_POINT('Ctrl Pts',(19.4761012846143,-15.940692647517,-0.07));
#7963=CARTESIAN_POINT('Ctrl Pts',(19.4853883519239,-15.9129808363311,-0.07));
#7964=CARTESIAN_POINT('Ctrl Pts',(19.4946754192336,-15.8852690251452,-0.07));
#7965=CARTESIAN_POINT('Ctrl Pts',(19.5037595670815,-15.8574595408909,-0.07));
#7966=CARTESIAN_POINT('Ctrl Pts',(19.5126455167399,-15.8295350338457,-0.0700000000000004));
#7967=CARTESIAN_POINT('Ctrl Pts',(19.5215314663983,-15.8016105268005,-0.0700000000000008));
#7968=CARTESIAN_POINT('Ctrl Pts',(19.5302059088386,-15.7736171912267,-0.0700000000000009));
#7969=CARTESIAN_POINT('Ctrl Pts',(19.5386473061361,-15.7456187397699,-0.0700000000000013));
#7970=CARTESIAN_POINT('Ctrl Pts',(19.5555301007311,-15.6896218368563,-0.070000000000002));
#7971=CARTESIAN_POINT('Ctrl Pts',(19.5715074028774,-15.6335166417322,-0.07));
#7972=CARTESIAN_POINT('Ctrl Pts',(19.5866280359168,-15.5773203286099,-0.0699999999999996));
#7973=CARTESIAN_POINT('Ctrl Pts',(19.6017486689562,-15.5211240154877,-0.0699999999999992));
#7974=CARTESIAN_POINT('Ctrl Pts',(19.6160130530853,-15.4648327117045,-0.0700000000000009));
#7975=CARTESIAN_POINT('Ctrl Pts',(19.6294579963142,-15.4084505006699,-0.0700000000000005));
#7976=CARTESIAN_POINT('Ctrl Pts',(19.6429029395431,-15.3520682896353,-0.07));
#7977=CARTESIAN_POINT('Ctrl Pts',(19.6555280486781,-15.2955951277313,-0.0700000000000011));
#7978=CARTESIAN_POINT('Ctrl Pts',(19.6673586214851,-15.2390338214437,-0.0700000000000005));
#7979=CARTESIAN_POINT('Ctrl Pts',(19.679189194292,-15.182472515156,-0.07));
#7980=CARTESIAN_POINT('Ctrl Pts',(19.6902217771697,-15.1258226813626,-0.0699999999999992));
#7981=CARTESIAN_POINT('Ctrl Pts',(19.7004785266793,-15.0690867780306,-0.07));
#7982=CARTESIAN_POINT('Ctrl Pts',(19.710735276189,-15.0123508746986,-0.0700000000000008));
#7983=CARTESIAN_POINT('Ctrl Pts',(19.7202320197789,-14.9555306577498,-0.0700000000000008));
#7984=CARTESIAN_POINT('Ctrl Pts',(19.729010171841,-14.8986307215792,-0.0700000000000004));
#7985=CARTESIAN_POINT('Ctrl Pts',(19.7377883239031,-14.8417307854086,-0.07));
#7986=CARTESIAN_POINT('Ctrl Pts',(19.7458491263085,-14.7847512678007,-0.07));
#7987=CARTESIAN_POINT('Ctrl Pts',(19.7532378632329,-14.7276971924977,-0.07));
#7988=CARTESIAN_POINT('Ctrl Pts',(19.7606266001573,-14.6706431171947,-0.07));
#7989=CARTESIAN_POINT('Ctrl Pts',(19.7673433939965,-14.613514497775,-0.07));
#7990=CARTESIAN_POINT('Ctrl Pts',(19.7734332965611,-14.5563163322026,-0.0700000000000005));
#7991=CARTESIAN_POINT('Ctrl Pts',(19.7795231991257,-14.4991181666302,-0.0700000000000009));
#7992=CARTESIAN_POINT('Ctrl Pts',(19.7849876318157,-14.4418506126008,-0.07));
#7993=CARTESIAN_POINT('Ctrl Pts',(19.7898685217283,-14.3845183214044,-0.07));
#7994=CARTESIAN_POINT('Ctrl Pts',(19.7996303015533,-14.2698537390116,-0.07));
#7995=CARTESIAN_POINT('Ctrl Pts',(19.807012873944,-14.1549252118012,-0.07));
#7996=CARTESIAN_POINT('Ctrl Pts',(19.8126026418357,-14.0397977941764,-0.07));
#7997=CARTESIAN_POINT('Ctrl Pts',(19.8181924097275,-13.9246703765516,-0.07));
#7998=CARTESIAN_POINT('Ctrl Pts',(19.8219869369831,-13.8093437982684,-0.07));
#7999=CARTESIAN_POINT('Ctrl Pts',(19.8245632006421,-13.6938820680858,-0.07));
#8000=CARTESIAN_POINT('Ctrl Pts',(19.8297157279602,-13.4629586077205,-0.07));
#8001=CARTESIAN_POINT('Ctrl Pts',(19.8299989296244,-13.231494953421,-0.07));
#8002=CARTESIAN_POINT('Ctrl Pts',(19.83,-13.,-0.07));
#8003=CARTESIAN_POINT('Ctrl Pts',(-19.83,-13.,-0.07));
#8004=CARTESIAN_POINT('Ctrl Pts',(-19.8299982305404,-13.2322805934958,-0.07));
#8005=CARTESIAN_POINT('Ctrl Pts',(-19.8297094421923,-13.4645354057462,-0.07));
#8006=CARTESIAN_POINT('Ctrl Pts',(-19.8192963970736,-13.9281615674756,-0.0699999999999992));
#8007=CARTESIAN_POINT('Ctrl Pts',(-19.8091784902505,-14.1595334872807,-0.0699999999999962));
#8008=CARTESIAN_POINT('Ctrl Pts',(-19.7795070468768,-14.5052894030885,-0.07));
#8009=CARTESIAN_POINT('Ctrl Pts',(-19.7672051196905,-14.6203247688681,-0.0699999999999988));
#8010=CARTESIAN_POINT('Ctrl Pts',(-19.7371311093223,-14.8499041481981,-0.0700000000000011));
#8011=CARTESIAN_POINT('Ctrl Pts',(-19.7193587205398,-14.9644481342938,-0.07));
#8012=CARTESIAN_POINT('Ctrl Pts',(-19.6881033797989,-15.1358512134912,-0.07));
#8013=CARTESIAN_POINT('Ctrl Pts',(-19.6769187400066,-15.1929167505821,-0.070000000000001));
#8014=CARTESIAN_POINT('Ctrl Pts',(-19.6589301262489,-15.2784062203937,-0.07));
#8015=CARTESIAN_POINT('Ctrl Pts',(-19.6527319755491,-15.3068845706884,-0.07));
#8016=CARTESIAN_POINT('Ctrl Pts',(-19.6399213347743,-15.3638040535859,-0.07));
#8017=CARTESIAN_POINT('Ctrl Pts',(-19.6333088447897,-15.3922451861969,-0.07));
#8018=CARTESIAN_POINT('Ctrl Pts',(-19.6196590433891,-15.4490892921854,-0.07));
#8019=CARTESIAN_POINT('Ctrl Pts',(-19.6126222421523,-15.4774902609308,-0.07));
#8020=CARTESIAN_POINT('Ctrl Pts',(-19.5981112597407,-15.5342611129638,-0.07));
#8021=CARTESIAN_POINT('Ctrl Pts',(-19.5906539623676,-15.562565163104,-0.07));
#8022=CARTESIAN_POINT('Ctrl Pts',(-19.5676826862718,-15.6471806386826,-0.07));
#8023=CARTESIAN_POINT('Ctrl Pts',(-19.5515586108083,-15.7032430415431,-0.07));
#8024=CARTESIAN_POINT('Ctrl Pts',(-19.5176740883985,-15.814622288938,-0.07));
#8025=CARTESIAN_POINT('Ctrl Pts',(-19.499918880616,-15.8699485278374,-0.07));
#8026=CARTESIAN_POINT('Ctrl Pts',(-19.4627858494181,-15.9798757010852,-0.07));
#8027=CARTESIAN_POINT('Ctrl Pts',(-19.4434082025207,-16.034476714336,-0.07));
#8028=CARTESIAN_POINT('Ctrl Pts',(-19.3828446820942,-16.1971932918934,-0.07));
#8029=CARTESIAN_POINT('Ctrl Pts',(-19.3392294262022,-16.3042229292229,-0.0700000000000008));
#8030=CARTESIAN_POINT('Ctrl Pts',(-19.2455038400562,-16.5153789242039,-0.0699999999999991));
#8031=CARTESIAN_POINT('Ctrl Pts',(-19.1953935977049,-16.6195053211435,-0.07));
#8032=CARTESIAN_POINT('Ctrl Pts',(-19.1153136959906,-16.7734981320283,-0.07));
#8033=CARTESIAN_POINT('Ctrl Pts',(-19.0878010622419,-16.8244628294,-0.07));
#8034=CARTESIAN_POINT('Ctrl Pts',(-19.03112562684,-16.9256546038057,-0.07));
#8035=CARTESIAN_POINT('Ctrl Pts',(-19.0019638654595,-16.9758821458343,-0.0700000000000008));
#8036=CARTESIAN_POINT('Ctrl Pts',(-18.9569702635575,-17.0506642834188,-0.07));
#8037=CARTESIAN_POINT('Ctrl Pts',(-18.9417599147311,-17.0754966839748,-0.07));
#8038=CARTESIAN_POINT('Ctrl Pts',(-18.9109170608568,-17.1249727824658,-0.07));
#8039=CARTESIAN_POINT('Ctrl Pts',(-18.8952843774807,-17.1496164006868,-0.07));
#8040=CARTESIAN_POINT('Ctrl Pts',(-18.8635974385521,-17.1987151955704,-0.07));
#8041=CARTESIAN_POINT('Ctrl Pts',(-18.847545929291,-17.2231662026203,-0.07));
#8042=CARTESIAN_POINT('Ctrl Pts',(-18.8150104980778,-17.2718965182712,-0.07));
#8043=CARTESIAN_POINT('Ctrl Pts',(-18.7985458560702,-17.2961462756417,-0.07));
#8044=CARTESIAN_POINT('Ctrl Pts',(-18.7486907552366,-17.3683691512774,-0.07));
#8045=CARTESIAN_POINT('Ctrl Pts',(-18.7147897195717,-17.4158949834063,-0.0699999999999992));
#8046=CARTESIAN_POINT('Ctrl Pts',(-18.6456965386685,-17.509713502993,-0.07));
#8047=CARTESIAN_POINT('Ctrl Pts',(-18.6105029945639,-17.5560087339747,-0.07));
#8048=CARTESIAN_POINT('Ctrl Pts',(-18.5030104472093,-17.6930798133559,-0.0699999999999989));
#8049=CARTESIAN_POINT('Ctrl Pts',(-18.4288037445991,-17.7820450492189,-0.0699999999999977));
#8050=CARTESIAN_POINT('Ctrl Pts',(-18.3137013230075,-17.9118935370719,-0.0699999999999992));
#8051=CARTESIAN_POINT('Ctrl Pts',(-18.274700577641,-17.9545753233759,-0.07));
#8052=CARTESIAN_POINT('Ctrl Pts',(-18.2152418158832,-18.017689095662,-0.07));
#8053=CARTESIAN_POINT('Ctrl Pts',(-18.1952624390185,-18.038575362179,-0.07));
#8054=CARTESIAN_POINT('Ctrl Pts',(-18.1549823231804,-18.0800428879069,-0.07));
#8055=CARTESIAN_POINT('Ctrl Pts',(-18.1346809260676,-18.1006235224667,-0.07));
#8056=CARTESIAN_POINT('Ctrl Pts',(-18.0732931653935,-18.161906466718,-0.0699999999999974));
#8057=CARTESIAN_POINT('Ctrl Pts',(-18.0317391020606,-18.2021648788417,-0.07));
#8058=CARTESIAN_POINT('Ctrl Pts',(-17.947355290423,-18.2814709404656,-0.07));
#8059=CARTESIAN_POINT('Ctrl Pts',(-17.9045265245452,-18.3205195223838,-0.07));
#8060=CARTESIAN_POINT('Ctrl Pts',(-17.8175831757236,-18.3973963071237,-0.07));
#8061=CARTESIAN_POINT('Ctrl Pts',(-17.7734686511169,-18.4352245653137,-0.07));
#8062=CARTESIAN_POINT('Ctrl Pts',(-17.7063231897368,-18.4910428304969,-0.07));
#8063=CARTESIAN_POINT('Ctrl Pts',(-17.6837792579242,-18.5094950577304,-0.07));
#8064=CARTESIAN_POINT('Ctrl Pts',(-17.638364980852,-18.5460897106273,-0.07));
#8065=CARTESIAN_POINT('Ctrl Pts',(-17.6154955794333,-18.5642330320937,-0.07));
#8066=CARTESIAN_POINT('Ctrl Pts',(-17.5694260932883,-18.6002058209081,-0.07));
#8067=CARTESIAN_POINT('Ctrl Pts',(-17.5462283767363,-18.6180300719376,-0.07));
#8068=CARTESIAN_POINT('Ctrl Pts',(-17.4994826611305,-18.6533759739648,-0.07));
#8069=CARTESIAN_POINT('Ctrl Pts',(-17.4759680577627,-18.6708715743987,-0.07));
#8070=CARTESIAN_POINT('Ctrl Pts',(-17.4051601714497,-18.7227132763139,-0.0700000000000016));
#8071=CARTESIAN_POINT('Ctrl Pts',(-17.3575339709028,-18.7564701855913,-0.07));
#8072=CARTESIAN_POINT('Ctrl Pts',(-17.2614674147435,-18.8223844931337,-0.07));
#8073=CARTESIAN_POINT('Ctrl Pts',(-17.2130243425662,-18.8545441094511,-0.07));
#8074=CARTESIAN_POINT('Ctrl Pts',(-17.1153186891085,-18.9172684211131,-0.07));
#8075=CARTESIAN_POINT('Ctrl Pts',(-17.0660548519832,-18.9478306723156,-0.07));
#8076=CARTESIAN_POINT('Ctrl Pts',(-16.9666993177885,-19.0073440015255,-0.07));
#8077=CARTESIAN_POINT('Ctrl Pts',(-16.9166156006562,-19.0363106099036,-0.07));
#8078=CARTESIAN_POINT('Ctrl Pts',(-16.815630940361,-19.092653349033,-0.07));
#8079=CARTESIAN_POINT('Ctrl Pts',(-16.7647305461581,-19.1200305481381,-0.07));
#8080=CARTESIAN_POINT('Ctrl Pts',(-16.6108021883042,-19.1997738284345,-0.07));
#8081=CARTESIAN_POINT('Ctrl Pts',(-16.5065470267351,-19.2497515484801,-0.0700000000000013));
#8082=CARTESIAN_POINT('Ctrl Pts',(-16.3476983829891,-19.3199190142517,-0.07));
#8083=CARTESIAN_POINT('Ctrl Pts',(-16.2943378569475,-19.3425083277118,-0.07));
#8084=CARTESIAN_POINT('Ctrl Pts',(-16.1867929998781,-19.386083673049,-0.07));
#8085=CARTESIAN_POINT('Ctrl Pts',(-16.1326086687285,-19.4070697046894,-0.0699999999999987));
#8086=CARTESIAN_POINT('Ctrl Pts',(-16.0507129657919,-19.4373436587932,-0.07));
#8087=CARTESIAN_POINT('Ctrl Pts',(-16.023311197452,-19.4472341285989,-0.07));
#8088=CARTESIAN_POINT('Ctrl Pts',(-15.9683010383167,-19.4666129415137,-0.07));
#8089=CARTESIAN_POINT('Ctrl Pts',(-15.9406926475169,-19.4761012846144,-0.07));
#8090=CARTESIAN_POINT('Ctrl Pts',(-15.8852690251451,-19.4946754192337,-0.07));
#8091=CARTESIAN_POINT('Ctrl Pts',(-15.8574595408908,-19.5037595670816,-0.07));
#8092=CARTESIAN_POINT('Ctrl Pts',(-15.8016105268005,-19.5215314663984,-0.07));
#8093=CARTESIAN_POINT('Ctrl Pts',(-15.7736171912265,-19.5302059088386,-0.07));
#8094=CARTESIAN_POINT('Ctrl Pts',(-15.6896218368562,-19.5555301007312,-0.07));
#8095=CARTESIAN_POINT('Ctrl Pts',(-15.6335166417321,-19.5715074028775,-0.07));
#8096=CARTESIAN_POINT('Ctrl Pts',(-15.5211240154875,-19.6017486689563,-0.07));
#8097=CARTESIAN_POINT('Ctrl Pts',(-15.4648327117044,-19.6160130530854,-0.07));
#8098=CARTESIAN_POINT('Ctrl Pts',(-15.3520682896353,-19.6429029395432,-0.07));
#8099=CARTESIAN_POINT('Ctrl Pts',(-15.2955951277313,-19.6555280486781,-0.07));
#8100=CARTESIAN_POINT('Ctrl Pts',(-15.1824725151559,-19.679189194292,-0.07));
#8101=CARTESIAN_POINT('Ctrl Pts',(-15.1258226813625,-19.6902217771697,-0.07));
#8102=CARTESIAN_POINT('Ctrl Pts',(-15.0123508746985,-19.710735276189,-0.07));
#8103=CARTESIAN_POINT('Ctrl Pts',(-14.9555306577497,-19.7202320197789,-0.07));
#8104=CARTESIAN_POINT('Ctrl Pts',(-14.8417307854086,-19.7377883239031,-0.07));
#8105=CARTESIAN_POINT('Ctrl Pts',(-14.7847512678006,-19.7458491263085,-0.07));
#8106=CARTESIAN_POINT('Ctrl Pts',(-14.6706431171946,-19.7606266001574,-0.07));
#8107=CARTESIAN_POINT('Ctrl Pts',(-14.613514497775,-19.7673433939965,-0.0699999999999992));
#8108=CARTESIAN_POINT('Ctrl Pts',(-14.4991181666302,-19.7795231991258,-0.07));
#8109=CARTESIAN_POINT('Ctrl Pts',(-14.4418506126008,-19.7849876318158,-0.07));
#8110=CARTESIAN_POINT('Ctrl Pts',(-14.2698537390116,-19.7996303015533,-0.07));
#8111=CARTESIAN_POINT('Ctrl Pts',(-14.1549252118011,-19.807012873944,-0.07));
#8112=CARTESIAN_POINT('Ctrl Pts',(-13.9246703765515,-19.8181924097275,-0.07));
#8113=CARTESIAN_POINT('Ctrl Pts',(-13.8093437982683,-19.8219869369831,-0.07));
#8114=CARTESIAN_POINT('Ctrl Pts',(-13.4629586077205,-19.8297157279602,-0.07));
#8115=CARTESIAN_POINT('Ctrl Pts',(-13.231494953421,-19.8299989296244,-0.07));
#8116=CARTESIAN_POINT('Ctrl Pts',(-13.,-19.83,-0.07));
#8117=CARTESIAN_POINT('Ctrl Pts',(-19.93,-13.,-0.170000000000003));
#8118=CARTESIAN_POINT('Ctrl Pts',(-19.9299967811082,-13.2323666994197,-0.170000000000003));
#8119=CARTESIAN_POINT('Ctrl Pts',(-19.9297161378814,-13.4653631652813,-0.170000000000004));
#8120=CARTESIAN_POINT('Ctrl Pts',(-19.919239282311,-13.9318243632898,-0.170000000000003));
#8121=CARTESIAN_POINT('Ctrl Pts',(-19.909050701692,-14.1653000901973,-0.17));
#8122=CARTESIAN_POINT('Ctrl Pts',(-19.8790216385021,-14.5152314305846,-0.170000000000003));
#8123=CARTESIAN_POINT('Ctrl Pts',(-19.8665632827467,-14.6317463017895,-0.17));
#8124=CARTESIAN_POINT('Ctrl Pts',(-19.8360787211711,-14.8644599061153,-0.170000000000004));
#8125=CARTESIAN_POINT('Ctrl Pts',(-19.8180520191081,-14.9806569355014,-0.170000000000003));
#8126=CARTESIAN_POINT('Ctrl Pts',(-19.7863233876681,-15.1546555790538,-0.170000000000003));
#8127=CARTESIAN_POINT('Ctrl Pts',(-19.7749656704086,-15.2126055636341,-0.170000000000004));
#8128=CARTESIAN_POINT('Ctrl Pts',(-19.7566923019483,-15.2994483097106,-0.170000000000003));
#8129=CARTESIAN_POINT('Ctrl Pts',(-19.7503950429503,-15.3283821828262,-0.170000000000003));
#8130=CARTESIAN_POINT('Ctrl Pts',(-19.7373774599845,-15.3862211391552,-0.170000000000003));
#8131=CARTESIAN_POINT('Ctrl Pts',(-19.7306571357834,-15.4151262224939,-0.170000000000003));
#8132=CARTESIAN_POINT('Ctrl Pts',(-19.7167826092301,-15.4729061883836,-0.170000000000003));
#8133=CARTESIAN_POINT('Ctrl Pts',(-19.7096289254123,-15.5017790326308,-0.170000000000003));
#8134=CARTESIAN_POINT('Ctrl Pts',(-19.6948747751805,-15.5595012226952,-0.170000000000003));
#8135=CARTESIAN_POINT('Ctrl Pts',(-19.6872914573788,-15.58828368907,-0.170000000000003));
#8136=CARTESIAN_POINT('Ctrl Pts',(-19.6639289481656,-15.6743403086222,-0.170000000000003));
#8137=CARTESIAN_POINT('Ctrl Pts',(-19.6475249383379,-15.7313765893129,-0.170000000000003));
#8138=CARTESIAN_POINT('Ctrl Pts',(-19.6130492008736,-15.844699164092,-0.170000000000003));
#8139=CARTESIAN_POINT('Ctrl Pts',(-19.5949849135531,-15.9009885460463,-0.170000000000003));
#8140=CARTESIAN_POINT('Ctrl Pts',(-19.5572012344873,-16.0128418718762,-0.170000000000003));
#8141=CARTESIAN_POINT('Ctrl Pts',(-19.5374829459455,-16.0684028656842,-0.170000000000003));
#8142=CARTESIAN_POINT('Ctrl Pts',(-19.4758516725036,-16.2339881835944,-0.170000000000003));
#8143=CARTESIAN_POINT('Ctrl Pts',(-19.4314634431576,-16.3429153755893,-0.170000000000004));
#8144=CARTESIAN_POINT('Ctrl Pts',(-19.3360711604057,-16.5578263020888,-0.170000000000003));
#8145=CARTESIAN_POINT('Ctrl Pts',(-19.2850674546802,-16.6638096335654,-0.170000000000003));
#8146=CARTESIAN_POINT('Ctrl Pts',(-19.2035580256716,-16.8205513132145,-0.170000000000003));
#8147=CARTESIAN_POINT('Ctrl Pts',(-19.1755547801713,-16.8724249190814,-0.170000000000003));
#8148=CARTESIAN_POINT('Ctrl Pts',(-19.1178672459497,-16.9754236624425,-0.170000000000003));
#8149=CARTESIAN_POINT('Ctrl Pts',(-19.0881924226595,-17.0265353006736,-0.170000000000004));
#8150=CARTESIAN_POINT('Ctrl Pts',(-19.0423850466495,-17.1026699780503,-0.170000000000003));
#8151=CARTESIAN_POINT('Ctrl Pts',(-19.0268985037217,-17.1279532905194,-0.170000000000003));
#8152=CARTESIAN_POINT('Ctrl Pts',(-18.9955009079113,-17.1783192699351,-0.170000000000003));
#8153=CARTESIAN_POINT('Ctrl Pts',(-18.9795883970145,-17.2034039780702,-0.170000000000003));
#8154=CARTESIAN_POINT('Ctrl Pts',(-18.9473366923416,-17.2533778754055,-0.170000000000003));
#8155=CARTESIAN_POINT('Ctrl Pts',(-18.9310002935448,-17.2782628209808,-0.170000000000003));
#8156=CARTESIAN_POINT('Ctrl Pts',(-18.8978895422912,-17.327854828787,-0.170000000000003));
#8157=CARTESIAN_POINT('Ctrl Pts',(-18.8811348118455,-17.3525318155374,-0.170000000000003));
#8158=CARTESIAN_POINT('Ctrl Pts',(-18.8304040240684,-17.4260232604965,-0.170000000000003));
#8159=CARTESIAN_POINT('Ctrl Pts',(-18.7959110899065,-17.4743787433483,-0.170000000000003));
#8160=CARTESIAN_POINT('Ctrl Pts',(-18.7256160411,-17.5698292257595,-0.170000000000003));
#8161=CARTESIAN_POINT('Ctrl Pts',(-18.6898125028397,-17.6169268071764,-0.170000000000003));
#8162=CARTESIAN_POINT('Ctrl Pts',(-18.580459099332,-17.7563708011244,-0.17));
#8163=CARTESIAN_POINT('Ctrl Pts',(-18.504970201152,-17.846873336437,-0.17));
#8164=CARTESIAN_POINT('Ctrl Pts',(-18.3878661245202,-17.9789800457645,-0.170000000000003));
#8165=CARTESIAN_POINT('Ctrl Pts',(-18.3481832212399,-18.0224083878784,-0.170000000000003));
#8166=CARTESIAN_POINT('Ctrl Pts',(-18.2876806975027,-18.0866301503035,-0.170000000000003));
#8167=CARTESIAN_POINT('Ctrl Pts',(-18.2673476857476,-18.1078860567856,-0.170000000000003));
#8168=CARTESIAN_POINT('Ctrl Pts',(-18.2263570969172,-18.1500850638411,-0.170000000000003));
#8169=CARTESIAN_POINT('Ctrl Pts',(-18.2056902264264,-18.1710361458841,-0.170000000000003));
#8170=CARTESIAN_POINT('Ctrl Pts',(-18.1432302360975,-18.2333894706701,-0.17));
#8171=CARTESIAN_POINT('Ctrl Pts',(-18.1009588374134,-18.2743427629661,-0.170000000000003));
#8172=CARTESIAN_POINT('Ctrl Pts',(-18.0151040581282,-18.355031277718,-0.170000000000003));
#8173=CARTESIAN_POINT('Ctrl Pts',(-17.9715271268033,-18.3947620194471,-0.170000000000003));
#8174=CARTESIAN_POINT('Ctrl Pts',(-17.8830638587521,-18.4729827426763,-0.170000000000003));
#8175=CARTESIAN_POINT('Ctrl Pts',(-17.8381783994251,-18.5114721389179,-0.170000000000003));
#8176=CARTESIAN_POINT('Ctrl Pts',(-17.7698578934785,-18.56826716397,-0.170000000000003));
#8177=CARTESIAN_POINT('Ctrl Pts',(-17.7469212864494,-18.5870408397761,-0.170000000000003));
#8178=CARTESIAN_POINT('Ctrl Pts',(-17.7007121781364,-18.6242759233858,-0.170000000000003));
#8179=CARTESIAN_POINT('Ctrl Pts',(-17.6774483955624,-18.6427321794121,-0.170000000000003));
#8180=CARTESIAN_POINT('Ctrl Pts',(-17.6305599804411,-18.6793444338986,-0.170000000000003));
#8181=CARTESIAN_POINT('Ctrl Pts',(-17.6069525190818,-18.69748348476,-0.170000000000003));
#8182=CARTESIAN_POINT('Ctrl Pts',(-17.5593834707322,-18.733451934512,-0.170000000000003));
#8183=CARTESIAN_POINT('Ctrl Pts',(-17.5354561397642,-18.7512546034007,-0.170000000000003));
#8184=CARTESIAN_POINT('Ctrl Pts',(-17.4634078225463,-18.8040044829425,-0.170000000000004));
#8185=CARTESIAN_POINT('Ctrl Pts',(-17.4149504554914,-18.8383504986157,-0.170000000000003));
#8186=CARTESIAN_POINT('Ctrl Pts',(-17.3172034018668,-18.9054178488742,-0.170000000000003));
#8187=CARTESIAN_POINT('Ctrl Pts',(-17.267909278911,-18.9381424419202,-0.170000000000003));
#8188=CARTESIAN_POINT('Ctrl Pts',(-17.1684793992968,-19.0019737970561,-0.170000000000003));
#8189=CARTESIAN_POINT('Ctrl Pts',(-17.1183245054103,-19.0330887805481,-0.170000000000003));
#8190=CARTESIAN_POINT('Ctrl Pts',(-17.0172053734162,-19.0936584832611,-0.170000000000003));
#8191=CARTESIAN_POINT('Ctrl Pts',(-16.9662370055022,-19.1231367279584,-0.170000000000003));
#8192=CARTESIAN_POINT('Ctrl Pts',(-16.8634553471719,-19.1804820728536,-0.170000000000003));
#8193=CARTESIAN_POINT('Ctrl Pts',(-16.8116466539183,-19.2083478464998,-0.170000000000003));
#8194=CARTESIAN_POINT('Ctrl Pts',(-16.6549677030747,-19.2895160821214,-0.170000000000003));
#8195=CARTESIAN_POINT('Ctrl Pts',(-16.5488445158947,-19.3403892767179,-0.170000000000004));
#8196=CARTESIAN_POINT('Ctrl Pts',(-16.387158698716,-19.4118099960213,-0.170000000000003));
#8197=CARTESIAN_POINT('Ctrl Pts',(-16.3328466159107,-19.4348020943881,-0.170000000000003));
#8198=CARTESIAN_POINT('Ctrl Pts',(-16.2233898512392,-19.4791521120615,-0.170000000000003));
#8199=CARTESIAN_POINT('Ctrl Pts',(-16.1682451730272,-19.5005100292345,-0.17));
#8200=CARTESIAN_POINT('Ctrl Pts',(-16.0849045547534,-19.5313181176959,-0.170000000000003));
#8201=CARTESIAN_POINT('Ctrl Pts',(-16.0570204159623,-19.5413826853588,-0.170000000000003));
#8202=CARTESIAN_POINT('Ctrl Pts',(-16.0010444185681,-19.5611017408575,-0.170000000000003));
#8203=CARTESIAN_POINT('Ctrl Pts',(-15.9729525600877,-19.5707562286362,-0.170000000000003));
#8204=CARTESIAN_POINT('Ctrl Pts',(-15.9165612710687,-19.5896546576545,-0.170000000000003));
#8205=CARTESIAN_POINT('Ctrl Pts',(-15.8882684083737,-19.5988967093752,-0.170000000000003));
#8206=CARTESIAN_POINT('Ctrl Pts',(-15.8314489877867,-19.6169773809318,-0.170000000000003));
#8207=CARTESIAN_POINT('Ctrl Pts',(-15.8029741737488,-19.6258010354263,-0.170000000000003));
#8208=CARTESIAN_POINT('Ctrl Pts',(-15.7175037594252,-19.6515699856828,-0.170000000000003));
#8209=CARTESIAN_POINT('Ctrl Pts',(-15.6604424448708,-19.6678191609351,-0.170000000000003));
#8210=CARTESIAN_POINT('Ctrl Pts',(-15.5461635495408,-19.6985679641515,-0.170000000000003));
#8211=CARTESIAN_POINT('Ctrl Pts',(-15.4889449907546,-19.7130670883576,-0.170000000000003));
#8212=CARTESIAN_POINT('Ctrl Pts',(-15.3743473688421,-19.7403941223542,-0.170000000000003));
#8213=CARTESIAN_POINT('Ctrl Pts',(-15.3169660102213,-19.7532220316846,-0.170000000000003));
#8214=CARTESIAN_POINT('Ctrl Pts',(-15.2020474410202,-19.7772589484235,-0.170000000000003));
#8215=CARTESIAN_POINT('Ctrl Pts',(-15.1444883266815,-19.7884683453241,-0.170000000000003));
#8216=CARTESIAN_POINT('Ctrl Pts',(-15.0292688680566,-19.8092977643774,-0.170000000000003));
#8217=CARTESIAN_POINT('Ctrl Pts',(-14.9716028500846,-19.818935524726,-0.170000000000003));
#8218=CARTESIAN_POINT('Ctrl Pts',(-14.8561525441102,-19.8367464463656,-0.170000000000003));
#8219=CARTESIAN_POINT('Ctrl Pts',(-14.7983713652943,-19.8449203469135,-0.170000000000003));
#8220=CARTESIAN_POINT('Ctrl Pts',(-14.6827093402567,-19.8598990533521,-0.170000000000003));
#8221=CARTESIAN_POINT('Ctrl Pts',(-14.6248298833549,-19.8667038686308,-0.170000000000003));
#8222=CARTESIAN_POINT('Ctrl Pts',(-14.5089775682577,-19.8790386365239,-0.170000000000004));
#8223=CARTESIAN_POINT('Ctrl Pts',(-14.4510157141784,-19.8845691117322,-0.170000000000003));
#8224=CARTESIAN_POINT('Ctrl Pts',(-14.2769645926997,-19.8993866496059,-0.170000000000003));
#8225=CARTESIAN_POINT('Ctrl Pts',(-14.1608164016391,-19.9068446409226,-0.170000000000003));
#8226=CARTESIAN_POINT('Ctrl Pts',(-13.9284783540987,-19.9181253196865,-0.170000000000003));
#8227=CARTESIAN_POINT('Ctrl Pts',(-13.8122790701293,-19.9219462913656,-0.170000000000003));
#8228=CARTESIAN_POINT('Ctrl Pts',(-13.4637804189942,-19.9297223638806,-0.170000000000003));
#8229=CARTESIAN_POINT('Ctrl Pts',(-13.2315783426107,-19.9299974979801,-0.170000000000003));
#8230=CARTESIAN_POINT('Ctrl Pts',(-13.,-19.93,-0.170000000000003));
#8231=CARTESIAN_POINT('',(-19.93,-13.,-0.170000000000003));
#8232=CARTESIAN_POINT('',(-13.,-19.83,-0.07));
#8233=CARTESIAN_POINT('Origin',(18.1842585658653,-19.83,-0.07));
#8234=CARTESIAN_POINT('',(13.,-19.83,-0.07));
#8235=CARTESIAN_POINT('Origin',(-19.83,-18.1924310442813,-0.07));
#8236=CARTESIAN_POINT('',(-19.93,13.,-0.170000000000003));
#8237=CARTESIAN_POINT('Ctrl Pts',(13.,-19.83,-0.07));
#8238=CARTESIAN_POINT('Ctrl Pts',(13.2322805934958,-19.8299982305404,-0.07));
#8239=CARTESIAN_POINT('Ctrl Pts',(13.4645354057462,-19.8297094421923,-0.07));
#8240=CARTESIAN_POINT('Ctrl Pts',(13.9281615674756,-19.8192963970736,-0.07));
#8241=CARTESIAN_POINT('Ctrl Pts',(14.1595334872806,-19.8091784902505,-0.07));
#8242=CARTESIAN_POINT('Ctrl Pts',(14.5052894030885,-19.7795070468769,-0.07));
#8243=CARTESIAN_POINT('Ctrl Pts',(14.6203247688681,-19.7672051196905,-0.07));
#8244=CARTESIAN_POINT('Ctrl Pts',(14.8499041481981,-19.7371311093223,-0.07));
#8245=CARTESIAN_POINT('Ctrl Pts',(14.9644481342938,-19.7193587205399,-0.07));
#8246=CARTESIAN_POINT('Ctrl Pts',(15.1358512134911,-19.6881033797989,-0.07));
#8247=CARTESIAN_POINT('Ctrl Pts',(15.192916750582,-19.6769187400066,-0.07));
#8248=CARTESIAN_POINT('Ctrl Pts',(15.2784062203937,-19.658930126249,-0.07));
#8249=CARTESIAN_POINT('Ctrl Pts',(15.3068845706883,-19.6527319755491,-0.07));
#8250=CARTESIAN_POINT('Ctrl Pts',(15.3638040535858,-19.6399213347743,-0.07));
#8251=CARTESIAN_POINT('Ctrl Pts',(15.3922451861969,-19.6333088447897,-0.07));
#8252=CARTESIAN_POINT('Ctrl Pts',(15.4490892921853,-19.6196590433892,-0.07));
#8253=CARTESIAN_POINT('Ctrl Pts',(15.4774902609308,-19.6126222421524,-0.07));
#8254=CARTESIAN_POINT('Ctrl Pts',(15.5342611129637,-19.5981112597407,-0.07));
#8255=CARTESIAN_POINT('Ctrl Pts',(15.5625651631039,-19.5906539623676,-0.07));
#8256=CARTESIAN_POINT('Ctrl Pts',(15.6471806386826,-19.5676826862719,-0.07));
#8257=CARTESIAN_POINT('Ctrl Pts',(15.7032430415431,-19.5515586108083,-0.07));
#8258=CARTESIAN_POINT('Ctrl Pts',(15.8146222889379,-19.5176740883985,-0.07));
#8259=CARTESIAN_POINT('Ctrl Pts',(15.8699485278373,-19.499918880616,-0.07));
#8260=CARTESIAN_POINT('Ctrl Pts',(15.9798757010851,-19.4627858494181,-0.07));
#8261=CARTESIAN_POINT('Ctrl Pts',(16.0344767143359,-19.4434082025208,-0.07));
#8262=CARTESIAN_POINT('Ctrl Pts',(16.1971932918933,-19.3828446820942,-0.07));
#8263=CARTESIAN_POINT('Ctrl Pts',(16.3042229292228,-19.3392294262022,-0.07));
#8264=CARTESIAN_POINT('Ctrl Pts',(16.5153789242038,-19.2455038400562,-0.07));
#8265=CARTESIAN_POINT('Ctrl Pts',(16.6195053211434,-19.1953935977049,-0.07));
#8266=CARTESIAN_POINT('Ctrl Pts',(16.7734981320282,-19.1153136959906,-0.07));
#8267=CARTESIAN_POINT('Ctrl Pts',(16.8244628293998,-19.087801062242,-0.07));
#8268=CARTESIAN_POINT('Ctrl Pts',(16.9256546038056,-19.0311256268401,-0.07));
#8269=CARTESIAN_POINT('Ctrl Pts',(16.9758821458342,-19.0019638654596,-0.07));
#8270=CARTESIAN_POINT('Ctrl Pts',(17.0506642834187,-18.9569702635576,-0.07));
#8271=CARTESIAN_POINT('Ctrl Pts',(17.0754966839747,-18.9417599147311,-0.07));
#8272=CARTESIAN_POINT('Ctrl Pts',(17.1249727824658,-18.9109170608568,-0.07));
#8273=CARTESIAN_POINT('Ctrl Pts',(17.1496164006867,-18.8952843774807,-0.07));
#8274=CARTESIAN_POINT('Ctrl Pts',(17.1987151955703,-18.8635974385521,-0.07));
#8275=CARTESIAN_POINT('Ctrl Pts',(17.2231662026202,-18.8475459292911,-0.07));
#8276=CARTESIAN_POINT('Ctrl Pts',(17.2718965182711,-18.8150104980779,-0.07));
#8277=CARTESIAN_POINT('Ctrl Pts',(17.2961462756416,-18.7985458560702,-0.07));
#8278=CARTESIAN_POINT('Ctrl Pts',(17.3683691512774,-18.7486907552367,-0.07));
#8279=CARTESIAN_POINT('Ctrl Pts',(17.4158949834063,-18.7147897195718,-0.07));
#8280=CARTESIAN_POINT('Ctrl Pts',(17.5097135029929,-18.6456965386686,-0.07));
#8281=CARTESIAN_POINT('Ctrl Pts',(17.5560087339746,-18.6105029945639,-0.07));
#8282=CARTESIAN_POINT('Ctrl Pts',(17.6930798133559,-18.5030104472094,-0.07));
#8283=CARTESIAN_POINT('Ctrl Pts',(17.7820450492188,-18.4288037445991,-0.0699999999999984));
#8284=CARTESIAN_POINT('Ctrl Pts',(17.9118935370718,-18.3137013230075,-0.07));
#8285=CARTESIAN_POINT('Ctrl Pts',(17.9545753233758,-18.274700577641,-0.07));
#8286=CARTESIAN_POINT('Ctrl Pts',(18.0176890956619,-18.2152418158833,-0.07));
#8287=CARTESIAN_POINT('Ctrl Pts',(18.0385753621789,-18.1952624390186,-0.0700000000000011));
#8288=CARTESIAN_POINT('Ctrl Pts',(18.0800428879068,-18.1549823231804,-0.0699999999999988));
#8289=CARTESIAN_POINT('Ctrl Pts',(18.1006235224666,-18.1346809260677,-0.070000000000001));
#8290=CARTESIAN_POINT('Ctrl Pts',(18.1619064667179,-18.0732931653935,-0.0699999999999978));
#8291=CARTESIAN_POINT('Ctrl Pts',(18.2021648788416,-18.0317391020607,-0.069999999999999));
#8292=CARTESIAN_POINT('Ctrl Pts',(18.2814709404655,-17.947355290423,-0.07));
#8293=CARTESIAN_POINT('Ctrl Pts',(18.3205195223837,-17.9045265245452,-0.07));
#8294=CARTESIAN_POINT('Ctrl Pts',(18.3973963071236,-17.8175831757236,-0.07));
#8295=CARTESIAN_POINT('Ctrl Pts',(18.4352245653136,-17.773468651117,-0.07));
#8296=CARTESIAN_POINT('Ctrl Pts',(18.4910428304968,-17.7063231897369,-0.07));
#8297=CARTESIAN_POINT('Ctrl Pts',(18.5094950577303,-17.6837792579243,-0.07));
#8298=CARTESIAN_POINT('Ctrl Pts',(18.5460897106272,-17.638364980852,-0.07));
#8299=CARTESIAN_POINT('Ctrl Pts',(18.5642330320937,-17.6154955794333,-0.07));
#8300=CARTESIAN_POINT('Ctrl Pts',(18.6002058209081,-17.5694260932883,-0.07));
#8301=CARTESIAN_POINT('Ctrl Pts',(18.6180300719375,-17.5462283767363,-0.07));
#8302=CARTESIAN_POINT('Ctrl Pts',(18.6533759739647,-17.4994826611305,-0.07));
#8303=CARTESIAN_POINT('Ctrl Pts',(18.6708715743986,-17.4759680577627,-0.07));
#8304=CARTESIAN_POINT('Ctrl Pts',(18.7227132763137,-17.4051601714498,-0.07));
#8305=CARTESIAN_POINT('Ctrl Pts',(18.7564701855911,-17.3575339709029,-0.07));
#8306=CARTESIAN_POINT('Ctrl Pts',(18.8223844931336,-17.2614674147435,-0.07));
#8307=CARTESIAN_POINT('Ctrl Pts',(18.8545441094509,-17.2130243425662,-0.07));
#8308=CARTESIAN_POINT('Ctrl Pts',(18.9172684211131,-17.1153186891086,-0.07));
#8309=CARTESIAN_POINT('Ctrl Pts',(18.9478306723156,-17.0660548519833,-0.07));
#8310=CARTESIAN_POINT('Ctrl Pts',(19.0073440015255,-16.9666993177886,-0.07));
#8311=CARTESIAN_POINT('Ctrl Pts',(19.0363106099035,-16.9166156006563,-0.07));
#8312=CARTESIAN_POINT('Ctrl Pts',(19.0926533490329,-16.815630940361,-0.07));
#8313=CARTESIAN_POINT('Ctrl Pts',(19.1200305481381,-16.7647305461581,-0.07));
#8314=CARTESIAN_POINT('Ctrl Pts',(19.1997738284344,-16.6108021883042,-0.07));
#8315=CARTESIAN_POINT('Ctrl Pts',(19.24975154848,-16.5065470267352,-0.07));
#8316=CARTESIAN_POINT('Ctrl Pts',(19.3199190142516,-16.3476983829892,-0.07));
#8317=CARTESIAN_POINT('Ctrl Pts',(19.3425083277118,-16.2943378569476,-0.07));
#8318=CARTESIAN_POINT('Ctrl Pts',(19.3860836730489,-16.1867929998781,-0.07));
#8319=CARTESIAN_POINT('Ctrl Pts',(19.4070697046893,-16.1326086687286,-0.0700000000000011));
#8320=CARTESIAN_POINT('Ctrl Pts',(19.4373436587931,-16.0507129657919,-0.07));
#8321=CARTESIAN_POINT('Ctrl Pts',(19.4472341285988,-16.0233111974521,-0.07));
#8322=CARTESIAN_POINT('Ctrl Pts',(19.4666129415136,-15.9683010383167,-0.07));
#8323=CARTESIAN_POINT('Ctrl Pts',(19.4761012846143,-15.940692647517,-0.07));
#8324=CARTESIAN_POINT('Ctrl Pts',(19.4946754192336,-15.8852690251452,-0.07));
#8325=CARTESIAN_POINT('Ctrl Pts',(19.5037595670815,-15.8574595408909,-0.07));
#8326=CARTESIAN_POINT('Ctrl Pts',(19.5215314663983,-15.8016105268005,-0.0700000000000008));
#8327=CARTESIAN_POINT('Ctrl Pts',(19.5302059088386,-15.7736171912267,-0.0700000000000009));
#8328=CARTESIAN_POINT('Ctrl Pts',(19.5555301007311,-15.6896218368563,-0.070000000000002));
#8329=CARTESIAN_POINT('Ctrl Pts',(19.5715074028774,-15.6335166417322,-0.07));
#8330=CARTESIAN_POINT('Ctrl Pts',(19.6017486689562,-15.5211240154877,-0.0699999999999992));
#8331=CARTESIAN_POINT('Ctrl Pts',(19.6160130530853,-15.4648327117045,-0.0700000000000009));
#8332=CARTESIAN_POINT('Ctrl Pts',(19.6429029395431,-15.3520682896353,-0.07));
#8333=CARTESIAN_POINT('Ctrl Pts',(19.6555280486781,-15.2955951277313,-0.0700000000000011));
#8334=CARTESIAN_POINT('Ctrl Pts',(19.679189194292,-15.182472515156,-0.07));
#8335=CARTESIAN_POINT('Ctrl Pts',(19.6902217771697,-15.1258226813626,-0.0699999999999992));
#8336=CARTESIAN_POINT('Ctrl Pts',(19.710735276189,-15.0123508746986,-0.0700000000000008));
#8337=CARTESIAN_POINT('Ctrl Pts',(19.7202320197789,-14.9555306577498,-0.0700000000000008));
#8338=CARTESIAN_POINT('Ctrl Pts',(19.7377883239031,-14.8417307854086,-0.07));
#8339=CARTESIAN_POINT('Ctrl Pts',(19.7458491263085,-14.7847512678007,-0.07));
#8340=CARTESIAN_POINT('Ctrl Pts',(19.7606266001573,-14.6706431171947,-0.07));
#8341=CARTESIAN_POINT('Ctrl Pts',(19.7673433939965,-14.613514497775,-0.07));
#8342=CARTESIAN_POINT('Ctrl Pts',(19.7795231991257,-14.4991181666302,-0.0700000000000009));
#8343=CARTESIAN_POINT('Ctrl Pts',(19.7849876318157,-14.4418506126008,-0.07));
#8344=CARTESIAN_POINT('Ctrl Pts',(19.7996303015533,-14.2698537390116,-0.07));
#8345=CARTESIAN_POINT('Ctrl Pts',(19.807012873944,-14.1549252118012,-0.07));
#8346=CARTESIAN_POINT('Ctrl Pts',(19.8181924097275,-13.9246703765516,-0.07));
#8347=CARTESIAN_POINT('Ctrl Pts',(19.8219869369831,-13.8093437982684,-0.07));
#8348=CARTESIAN_POINT('Ctrl Pts',(19.8297157279602,-13.4629586077205,-0.07));
#8349=CARTESIAN_POINT('Ctrl Pts',(19.8299989296244,-13.231494953421,-0.07));
#8350=CARTESIAN_POINT('Ctrl Pts',(19.83,-13.,-0.07));
#8351=CARTESIAN_POINT('Ctrl Pts',(13.,-19.93,-0.170000000000003));
#8352=CARTESIAN_POINT('Ctrl Pts',(13.2323666994197,-19.9299967811082,-0.170000000000003));
#8353=CARTESIAN_POINT('Ctrl Pts',(13.4653631652813,-19.9297161378814,-0.170000000000004));
#8354=CARTESIAN_POINT('Ctrl Pts',(13.9318243632898,-19.9192392823111,-0.170000000000004));
#8355=CARTESIAN_POINT('Ctrl Pts',(14.1653000901973,-19.909050701692,-0.170000000000004));
#8356=CARTESIAN_POINT('Ctrl Pts',(14.5152314305845,-19.8790216385021,-0.170000000000003));
#8357=CARTESIAN_POINT('Ctrl Pts',(14.6317463017894,-19.8665632827468,-0.170000000000003));
#8358=CARTESIAN_POINT('Ctrl Pts',(14.8644599061152,-19.8360787211712,-0.170000000000003));
#8359=CARTESIAN_POINT('Ctrl Pts',(14.9806569355013,-19.8180520191081,-0.170000000000003));
#8360=CARTESIAN_POINT('Ctrl Pts',(15.1546555790538,-19.7863233876681,-0.170000000000003));
#8361=CARTESIAN_POINT('Ctrl Pts',(15.2126055636341,-19.7749656704087,-0.170000000000003));
#8362=CARTESIAN_POINT('Ctrl Pts',(15.2994483097105,-19.7566923019483,-0.170000000000003));
#8363=CARTESIAN_POINT('Ctrl Pts',(15.3283821828261,-19.7503950429503,-0.170000000000003));
#8364=CARTESIAN_POINT('Ctrl Pts',(15.3862211391552,-19.7373774599845,-0.170000000000003));
#8365=CARTESIAN_POINT('Ctrl Pts',(15.4151262224938,-19.7306571357834,-0.170000000000003));
#8366=CARTESIAN_POINT('Ctrl Pts',(15.4729061883835,-19.7167826092301,-0.170000000000003));
#8367=CARTESIAN_POINT('Ctrl Pts',(15.5017790326307,-19.7096289254123,-0.170000000000003));
#8368=CARTESIAN_POINT('Ctrl Pts',(15.5595012226951,-19.6948747751805,-0.170000000000003));
#8369=CARTESIAN_POINT('Ctrl Pts',(15.5882836890699,-19.6872914573788,-0.170000000000003));
#8370=CARTESIAN_POINT('Ctrl Pts',(15.6743403086222,-19.6639289481656,-0.170000000000003));
#8371=CARTESIAN_POINT('Ctrl Pts',(15.7313765893127,-19.6475249383379,-0.170000000000003));
#8372=CARTESIAN_POINT('Ctrl Pts',(15.8446991640919,-19.6130492008736,-0.170000000000003));
#8373=CARTESIAN_POINT('Ctrl Pts',(15.9009885460462,-19.5949849135531,-0.170000000000003));
#8374=CARTESIAN_POINT('Ctrl Pts',(16.0128418718762,-19.5572012344873,-0.170000000000003));
#8375=CARTESIAN_POINT('Ctrl Pts',(16.068402865684,-19.5374829459456,-0.170000000000003));
#8376=CARTESIAN_POINT('Ctrl Pts',(16.2339881835943,-19.4758516725037,-0.170000000000003));
#8377=CARTESIAN_POINT('Ctrl Pts',(16.3429153755892,-19.4314634431576,-0.170000000000003));
#8378=CARTESIAN_POINT('Ctrl Pts',(16.5578263020887,-19.3360711604058,-0.170000000000003));
#8379=CARTESIAN_POINT('Ctrl Pts',(16.6638096335653,-19.2850674546802,-0.170000000000003));
#8380=CARTESIAN_POINT('Ctrl Pts',(16.8205513132144,-19.2035580256717,-0.170000000000003));
#8381=CARTESIAN_POINT('Ctrl Pts',(16.8724249190814,-19.1755547801714,-0.170000000000003));
#8382=CARTESIAN_POINT('Ctrl Pts',(16.9754236624424,-19.1178672459498,-0.170000000000003));
#8383=CARTESIAN_POINT('Ctrl Pts',(17.0265353006735,-19.0881924226596,-0.170000000000003));
#8384=CARTESIAN_POINT('Ctrl Pts',(17.1026699780502,-19.0423850466495,-0.170000000000003));
#8385=CARTESIAN_POINT('Ctrl Pts',(17.1279532905193,-19.0268985037217,-0.170000000000003));
#8386=CARTESIAN_POINT('Ctrl Pts',(17.178319269935,-18.9955009079114,-0.170000000000003));
#8387=CARTESIAN_POINT('Ctrl Pts',(17.2034039780702,-18.9795883970145,-0.170000000000003));
#8388=CARTESIAN_POINT('Ctrl Pts',(17.2533778754054,-18.9473366923417,-0.170000000000003));
#8389=CARTESIAN_POINT('Ctrl Pts',(17.2782628209807,-18.9310002935448,-0.170000000000003));
#8390=CARTESIAN_POINT('Ctrl Pts',(17.3278548287869,-18.8978895422913,-0.170000000000003));
#8391=CARTESIAN_POINT('Ctrl Pts',(17.3525318155373,-18.8811348118455,-0.170000000000003));
#8392=CARTESIAN_POINT('Ctrl Pts',(17.4260232604965,-18.8304040240685,-0.170000000000003));
#8393=CARTESIAN_POINT('Ctrl Pts',(17.4743787433482,-18.7959110899066,-0.170000000000003));
#8394=CARTESIAN_POINT('Ctrl Pts',(17.5698292257594,-18.7256160411,-0.170000000000003));
#8395=CARTESIAN_POINT('Ctrl Pts',(17.6169268071763,-18.6898125028398,-0.170000000000003));
#8396=CARTESIAN_POINT('Ctrl Pts',(17.7563708011243,-18.580459099332,-0.170000000000003));
#8397=CARTESIAN_POINT('Ctrl Pts',(17.8468733364369,-18.504970201152,-0.17));
#8398=CARTESIAN_POINT('Ctrl Pts',(17.9789800457643,-18.3878661245202,-0.170000000000003));
#8399=CARTESIAN_POINT('Ctrl Pts',(18.0224083878783,-18.34818322124,-0.170000000000003));
#8400=CARTESIAN_POINT('Ctrl Pts',(18.0866301503035,-18.2876806975027,-0.170000000000003));
#8401=CARTESIAN_POINT('Ctrl Pts',(18.1078860567855,-18.2673476857477,-0.170000000000004));
#8402=CARTESIAN_POINT('Ctrl Pts',(18.150085063841,-18.2263570969173,-0.17));
#8403=CARTESIAN_POINT('Ctrl Pts',(18.171036145884,-18.2056902264265,-0.170000000000004));
#8404=CARTESIAN_POINT('Ctrl Pts',(18.23338947067,-18.1432302360976,-0.17));
#8405=CARTESIAN_POINT('Ctrl Pts',(18.2743427629661,-18.1009588374134,-0.17));
#8406=CARTESIAN_POINT('Ctrl Pts',(18.3550312777179,-18.0151040581282,-0.170000000000003));
#8407=CARTESIAN_POINT('Ctrl Pts',(18.394762019447,-17.9715271268033,-0.170000000000003));
#8408=CARTESIAN_POINT('Ctrl Pts',(18.4729827426762,-17.8830638587522,-0.170000000000003));
#8409=CARTESIAN_POINT('Ctrl Pts',(18.5114721389177,-17.8381783994251,-0.170000000000003));
#8410=CARTESIAN_POINT('Ctrl Pts',(18.5682671639699,-17.7698578934785,-0.170000000000003));
#8411=CARTESIAN_POINT('Ctrl Pts',(18.587040839776,-17.7469212864495,-0.170000000000003));
#8412=CARTESIAN_POINT('Ctrl Pts',(18.6242759233857,-17.7007121781365,-0.170000000000003));
#8413=CARTESIAN_POINT('Ctrl Pts',(18.642732179412,-17.6774483955625,-0.170000000000003));
#8414=CARTESIAN_POINT('Ctrl Pts',(18.6793444338986,-17.6305599804411,-0.170000000000003));
#8415=CARTESIAN_POINT('Ctrl Pts',(18.6974834847599,-17.6069525190819,-0.170000000000003));
#8416=CARTESIAN_POINT('Ctrl Pts',(18.7334519345119,-17.5593834707323,-0.170000000000003));
#8417=CARTESIAN_POINT('Ctrl Pts',(18.7512546034006,-17.5354561397642,-0.170000000000003));
#8418=CARTESIAN_POINT('Ctrl Pts',(18.8040044829424,-17.4634078225464,-0.170000000000003));
#8419=CARTESIAN_POINT('Ctrl Pts',(18.8383504986156,-17.4149504554914,-0.170000000000003));
#8420=CARTESIAN_POINT('Ctrl Pts',(18.9054178488741,-17.3172034018669,-0.170000000000003));
#8421=CARTESIAN_POINT('Ctrl Pts',(18.93814244192,-17.267909278911,-0.170000000000003));
#8422=CARTESIAN_POINT('Ctrl Pts',(19.001973797056,-17.1684793992969,-0.170000000000003));
#8423=CARTESIAN_POINT('Ctrl Pts',(19.0330887805479,-17.1183245054104,-0.170000000000003));
#8424=CARTESIAN_POINT('Ctrl Pts',(19.093658483261,-17.0172053734163,-0.170000000000003));
#8425=CARTESIAN_POINT('Ctrl Pts',(19.1231367279583,-16.9662370055023,-0.170000000000003));
#8426=CARTESIAN_POINT('Ctrl Pts',(19.1804820728536,-16.8634553471719,-0.170000000000003));
#8427=CARTESIAN_POINT('Ctrl Pts',(19.2083478464998,-16.8116466539184,-0.170000000000003));
#8428=CARTESIAN_POINT('Ctrl Pts',(19.2895160821212,-16.6549677030747,-0.170000000000003));
#8429=CARTESIAN_POINT('Ctrl Pts',(19.3403892767179,-16.5488445158947,-0.170000000000003));
#8430=CARTESIAN_POINT('Ctrl Pts',(19.4118099960212,-16.387158698716,-0.170000000000003));
#8431=CARTESIAN_POINT('Ctrl Pts',(19.4348020943881,-16.3328466159109,-0.170000000000003));
#8432=CARTESIAN_POINT('Ctrl Pts',(19.4791521120614,-16.2233898512393,-0.170000000000003));
#8433=CARTESIAN_POINT('Ctrl Pts',(19.5005100292344,-16.1682451730272,-0.170000000000004));
#8434=CARTESIAN_POINT('Ctrl Pts',(19.5313181176958,-16.0849045547535,-0.170000000000003));
#8435=CARTESIAN_POINT('Ctrl Pts',(19.5413826853587,-16.0570204159623,-0.170000000000003));
#8436=CARTESIAN_POINT('Ctrl Pts',(19.5611017408575,-16.0010444185681,-0.170000000000003));
#8437=CARTESIAN_POINT('Ctrl Pts',(19.5707562286361,-15.9729525600878,-0.170000000000003));
#8438=CARTESIAN_POINT('Ctrl Pts',(19.5896546576544,-15.9165612710688,-0.170000000000003));
#8439=CARTESIAN_POINT('Ctrl Pts',(19.5988967093751,-15.8882684083738,-0.170000000000003));
#8440=CARTESIAN_POINT('Ctrl Pts',(19.6169773809318,-15.8314489877868,-0.170000000000004));
#8441=CARTESIAN_POINT('Ctrl Pts',(19.6258010354262,-15.802974173749,-0.170000000000004));
#8442=CARTESIAN_POINT('Ctrl Pts',(19.6515699856828,-15.7175037594252,-0.170000000000004));
#8443=CARTESIAN_POINT('Ctrl Pts',(19.667819160935,-15.660442444871,-0.170000000000004));
#8444=CARTESIAN_POINT('Ctrl Pts',(19.6985679641514,-15.5461635495409,-0.170000000000003));
#8445=CARTESIAN_POINT('Ctrl Pts',(19.7130670883575,-15.4889449907547,-0.170000000000004));
#8446=CARTESIAN_POINT('Ctrl Pts',(19.7403941223542,-15.3743473688422,-0.170000000000003));
#8447=CARTESIAN_POINT('Ctrl Pts',(19.7532220316845,-15.3169660102214,-0.170000000000004));
#8448=CARTESIAN_POINT('Ctrl Pts',(19.7772589484235,-15.2020474410203,-0.170000000000003));
#8449=CARTESIAN_POINT('Ctrl Pts',(19.7884683453241,-15.1444883266815,-0.170000000000003));
#8450=CARTESIAN_POINT('Ctrl Pts',(19.8092977643773,-15.0292688680566,-0.170000000000004));
#8451=CARTESIAN_POINT('Ctrl Pts',(19.8189355247259,-14.9716028500847,-0.170000000000004));
#8452=CARTESIAN_POINT('Ctrl Pts',(19.8367464463656,-14.8561525441102,-0.170000000000003));
#8453=CARTESIAN_POINT('Ctrl Pts',(19.8449203469134,-14.7983713652943,-0.170000000000003));
#8454=CARTESIAN_POINT('Ctrl Pts',(19.859899053352,-14.6827093402567,-0.170000000000003));
#8455=CARTESIAN_POINT('Ctrl Pts',(19.8667038686308,-14.624829883355,-0.170000000000003));
#8456=CARTESIAN_POINT('Ctrl Pts',(19.8790386365239,-14.5089775682577,-0.170000000000004));
#8457=CARTESIAN_POINT('Ctrl Pts',(19.8845691117322,-14.4510157141784,-0.170000000000003));
#8458=CARTESIAN_POINT('Ctrl Pts',(19.8993866496059,-14.2769645926997,-0.170000000000004));
#8459=CARTESIAN_POINT('Ctrl Pts',(19.9068446409226,-14.1608164016391,-0.170000000000003));
#8460=CARTESIAN_POINT('Ctrl Pts',(19.9181253196865,-13.9284783540988,-0.170000000000003));
#8461=CARTESIAN_POINT('Ctrl Pts',(19.9219462913656,-13.8122790701293,-0.170000000000003));
#8462=CARTESIAN_POINT('Ctrl Pts',(19.9297223638806,-13.4637804189941,-0.170000000000003));
#8463=CARTESIAN_POINT('Ctrl Pts',(19.9299974979801,-13.2315783426107,-0.170000000000003));
#8464=CARTESIAN_POINT('Ctrl Pts',(19.93,-13.,-0.170000000000003));
#8465=CARTESIAN_POINT('',(19.83,-13.,-0.07));
#8466=CARTESIAN_POINT('Ctrl Pts',(-13.,19.83,-0.07));
#8467=CARTESIAN_POINT('Ctrl Pts',(-13.2322805934958,19.8299982305404,-0.07));
#8468=CARTESIAN_POINT('Ctrl Pts',(-13.4645354057462,19.8297094421923,-0.07));
#8469=CARTESIAN_POINT('Ctrl Pts',(-13.9281615674757,19.8192963970736,-0.070000000000001));
#8470=CARTESIAN_POINT('Ctrl Pts',(-14.1595334872807,19.8091784902505,-0.0700000000000008));
#8471=CARTESIAN_POINT('Ctrl Pts',(-14.5052894030885,19.7795070468768,-0.07));
#8472=CARTESIAN_POINT('Ctrl Pts',(-14.6203247688682,19.7672051196905,-0.07));
#8473=CARTESIAN_POINT('Ctrl Pts',(-14.8499041481982,19.7371311093223,-0.07));
#8474=CARTESIAN_POINT('Ctrl Pts',(-14.9644481342939,19.7193587205399,-0.07));
#8475=CARTESIAN_POINT('Ctrl Pts',(-15.1358512134913,19.6881033797989,-0.07));
#8476=CARTESIAN_POINT('Ctrl Pts',(-15.1929167505821,19.6769187400065,-0.0700000000000015));
#8477=CARTESIAN_POINT('Ctrl Pts',(-15.2784062203938,19.6589301262489,-0.07));
#8478=CARTESIAN_POINT('Ctrl Pts',(-15.3068845706884,19.6527319755491,-0.07));
#8479=CARTESIAN_POINT('Ctrl Pts',(-15.3638040535859,19.6399213347743,-0.0699999999999986));
#8480=CARTESIAN_POINT('Ctrl Pts',(-15.392245186197,19.6333088447897,-0.07));
#8481=CARTESIAN_POINT('Ctrl Pts',(-15.4490892921854,19.6196590433891,-0.07));
#8482=CARTESIAN_POINT('Ctrl Pts',(-15.4774902609309,19.6126222421523,-0.07));
#8483=CARTESIAN_POINT('Ctrl Pts',(-15.5342611129639,19.5981112597407,-0.07));
#8484=CARTESIAN_POINT('Ctrl Pts',(-15.5625651631041,19.5906539623676,-0.07));
#8485=CARTESIAN_POINT('Ctrl Pts',(-15.6471806386827,19.5676826862718,-0.07));
#8486=CARTESIAN_POINT('Ctrl Pts',(-15.7032430415432,19.5515586108083,-0.07));
#8487=CARTESIAN_POINT('Ctrl Pts',(-15.8146222889381,19.5176740883984,-0.07));
#8488=CARTESIAN_POINT('Ctrl Pts',(-15.8699485278374,19.499918880616,-0.07));
#8489=CARTESIAN_POINT('Ctrl Pts',(-15.9798757010853,19.4627858494181,-0.07));
#8490=CARTESIAN_POINT('Ctrl Pts',(-16.034476714336,19.4434082025207,-0.07));
#8491=CARTESIAN_POINT('Ctrl Pts',(-16.1971932918935,19.3828446820942,-0.07));
#8492=CARTESIAN_POINT('Ctrl Pts',(-16.3042229292229,19.3392294262022,-0.07));
#8493=CARTESIAN_POINT('Ctrl Pts',(-16.5153789242039,19.2455038400562,-0.07));
#8494=CARTESIAN_POINT('Ctrl Pts',(-16.6195053211435,19.1953935977049,-0.07));
#8495=CARTESIAN_POINT('Ctrl Pts',(-16.7734981320283,19.1153136959906,-0.07));
#8496=CARTESIAN_POINT('Ctrl Pts',(-16.8244628294,19.0878010622419,-0.07));
#8497=CARTESIAN_POINT('Ctrl Pts',(-16.9256546038058,19.03112562684,-0.07));
#8498=CARTESIAN_POINT('Ctrl Pts',(-16.9758821458343,19.0019638654595,-0.0700000000000028));
#8499=CARTESIAN_POINT('Ctrl Pts',(-17.0506642834188,18.9569702635575,-0.07));
#8500=CARTESIAN_POINT('Ctrl Pts',(-17.0754966839748,18.941759914731,-0.07));
#8501=CARTESIAN_POINT('Ctrl Pts',(-17.1249727824659,18.9109170608568,-0.07));
#8502=CARTESIAN_POINT('Ctrl Pts',(-17.1496164006868,18.8952843774807,-0.07));
#8503=CARTESIAN_POINT('Ctrl Pts',(-17.1987151955704,18.863597438552,-0.07));
#8504=CARTESIAN_POINT('Ctrl Pts',(-17.2231662026203,18.847545929291,-0.07));
#8505=CARTESIAN_POINT('Ctrl Pts',(-17.2718965182713,18.8150104980777,-0.07));
#8506=CARTESIAN_POINT('Ctrl Pts',(-17.2961462756417,18.7985458560701,-0.07));
#8507=CARTESIAN_POINT('Ctrl Pts',(-17.3683691512775,18.7486907552366,-0.07));
#8508=CARTESIAN_POINT('Ctrl Pts',(-17.4158949834063,18.7147897195716,-0.07));
#8509=CARTESIAN_POINT('Ctrl Pts',(-17.509713502993,18.6456965386685,-0.07));
#8510=CARTESIAN_POINT('Ctrl Pts',(-17.5560087339747,18.6105029945638,-0.07));
#8511=CARTESIAN_POINT('Ctrl Pts',(-17.6930798133559,18.5030104472093,-0.0699999999999988));
#8512=CARTESIAN_POINT('Ctrl Pts',(-17.7820450492188,18.4288037445991,-0.0700000000000017));
#8513=CARTESIAN_POINT('Ctrl Pts',(-17.9118935370719,18.3137013230074,-0.07));
#8514=CARTESIAN_POINT('Ctrl Pts',(-17.9545753233759,18.2747005776409,-0.07));
#8515=CARTESIAN_POINT('Ctrl Pts',(-18.017689095662,18.2152418158832,-0.07));
#8516=CARTESIAN_POINT('Ctrl Pts',(-18.038575362179,18.1952624390185,-0.07));
#8517=CARTESIAN_POINT('Ctrl Pts',(-18.0800428879069,18.1549823231803,-0.07));
#8518=CARTESIAN_POINT('Ctrl Pts',(-18.1006235224667,18.1346809260675,-0.07));
#8519=CARTESIAN_POINT('Ctrl Pts',(-18.161906466718,18.0732931653933,-0.07));
#8520=CARTESIAN_POINT('Ctrl Pts',(-18.2021648788417,18.0317391020605,-0.07));
#8521=CARTESIAN_POINT('Ctrl Pts',(-18.2814709404656,17.9473552904229,-0.07));
#8522=CARTESIAN_POINT('Ctrl Pts',(-18.3205195223837,17.9045265245451,-0.07));
#8523=CARTESIAN_POINT('Ctrl Pts',(-18.3973963071237,17.8175831757235,-0.07));
#8524=CARTESIAN_POINT('Ctrl Pts',(-18.4352245653137,17.7734686511169,-0.07));
#8525=CARTESIAN_POINT('Ctrl Pts',(-18.4910428304969,17.7063231897368,-0.07));
#8526=CARTESIAN_POINT('Ctrl Pts',(-18.5094950577304,17.6837792579241,-0.07));
#8527=CARTESIAN_POINT('Ctrl Pts',(-18.5460897106273,17.6383649808519,-0.07));
#8528=CARTESIAN_POINT('Ctrl Pts',(-18.5642330320937,17.6154955794332,-0.0700000000000008));
#8529=CARTESIAN_POINT('Ctrl Pts',(-18.6002058209081,17.5694260932882,-0.0699999999999991));
#8530=CARTESIAN_POINT('Ctrl Pts',(-18.6180300719376,17.5462283767361,-0.07));
#8531=CARTESIAN_POINT('Ctrl Pts',(-18.6533759739648,17.4994826611303,-0.07));
#8532=CARTESIAN_POINT('Ctrl Pts',(-18.6708715743987,17.4759680577626,-0.07));
#8533=CARTESIAN_POINT('Ctrl Pts',(-18.7227132763139,17.4051601714496,-0.07));
#8534=CARTESIAN_POINT('Ctrl Pts',(-18.7564701855913,17.3575339709027,-0.07));
#8535=CARTESIAN_POINT('Ctrl Pts',(-18.8223844931337,17.2614674147434,-0.07));
#8536=CARTESIAN_POINT('Ctrl Pts',(-18.8545441094511,17.2130243425661,-0.07));
#8537=CARTESIAN_POINT('Ctrl Pts',(-18.9172684211131,17.1153186891084,-0.07));
#8538=CARTESIAN_POINT('Ctrl Pts',(-18.9478306723156,17.0660548519831,-0.070000000000001));
#8539=CARTESIAN_POINT('Ctrl Pts',(-19.0073440015255,16.9666993177884,-0.069999999999999));
#8540=CARTESIAN_POINT('Ctrl Pts',(-19.0363106099035,16.9166156006561,-0.07));
#8541=CARTESIAN_POINT('Ctrl Pts',(-19.0926533490329,16.8156309403609,-0.07));
#8542=CARTESIAN_POINT('Ctrl Pts',(-19.1200305481381,16.7647305461579,-0.07));
#8543=CARTESIAN_POINT('Ctrl Pts',(-19.1997738284344,16.6108021883041,-0.0699999999999988));
#8544=CARTESIAN_POINT('Ctrl Pts',(-19.24975154848,16.506547026735,-0.07));
#8545=CARTESIAN_POINT('Ctrl Pts',(-19.3199190142516,16.347698382989,-0.07));
#8546=CARTESIAN_POINT('Ctrl Pts',(-19.3425083277118,16.2943378569475,-0.0699999999999991));
#8547=CARTESIAN_POINT('Ctrl Pts',(-19.3860836730489,16.186792999878,-0.0700000000000009));
#8548=CARTESIAN_POINT('Ctrl Pts',(-19.4070697046893,16.1326086687284,-0.07));
#8549=CARTESIAN_POINT('Ctrl Pts',(-19.4373436587932,16.0507129657918,-0.07));
#8550=CARTESIAN_POINT('Ctrl Pts',(-19.4472341285989,16.0233111974519,-0.0700000000000011));
#8551=CARTESIAN_POINT('Ctrl Pts',(-19.4666129415136,15.9683010383166,-0.0699999999999988));
#8552=CARTESIAN_POINT('Ctrl Pts',(-19.4761012846144,15.9406926475168,-0.07));
#8553=CARTESIAN_POINT('Ctrl Pts',(-19.4946754192337,15.885269025145,-0.07));
#8554=CARTESIAN_POINT('Ctrl Pts',(-19.5037595670816,15.8574595408907,-0.0699999999999988));
#8555=CARTESIAN_POINT('Ctrl Pts',(-19.5215314663984,15.8016105268004,-0.07));
#8556=CARTESIAN_POINT('Ctrl Pts',(-19.5302059088386,15.7736171912264,-0.07));
#8557=CARTESIAN_POINT('Ctrl Pts',(-19.5555301007312,15.6896218368561,-0.07));
#8558=CARTESIAN_POINT('Ctrl Pts',(-19.5715074028775,15.633516641732,-0.069999999999999));
#8559=CARTESIAN_POINT('Ctrl Pts',(-19.6017486689563,15.5211240154875,-0.07));
#8560=CARTESIAN_POINT('Ctrl Pts',(-19.6160130530853,15.4648327117044,-0.0699999999999991));
#8561=CARTESIAN_POINT('Ctrl Pts',(-19.6429029395432,15.3520682896353,-0.0700000000000009));
#8562=CARTESIAN_POINT('Ctrl Pts',(-19.6555280486781,15.2955951277312,-0.07));
#8563=CARTESIAN_POINT('Ctrl Pts',(-19.679189194292,15.1824725151559,-0.07));
#8564=CARTESIAN_POINT('Ctrl Pts',(-19.6902217771698,15.1258226813625,-0.07));
#8565=CARTESIAN_POINT('Ctrl Pts',(-19.710735276189,15.0123508746985,-0.07));
#8566=CARTESIAN_POINT('Ctrl Pts',(-19.7202320197789,14.9555306577497,-0.07));
#8567=CARTESIAN_POINT('Ctrl Pts',(-19.7377883239031,14.8417307854085,-0.07));
#8568=CARTESIAN_POINT('Ctrl Pts',(-19.7458491263085,14.7847512678006,-0.07));
#8569=CARTESIAN_POINT('Ctrl Pts',(-19.7606266001574,14.6706431171946,-0.07));
#8570=CARTESIAN_POINT('Ctrl Pts',(-19.7673433939965,14.613514497775,-0.07));
#8571=CARTESIAN_POINT('Ctrl Pts',(-19.7795231991258,14.4991181666301,-0.07));
#8572=CARTESIAN_POINT('Ctrl Pts',(-19.7849876318157,14.4418506126008,-0.07));
#8573=CARTESIAN_POINT('Ctrl Pts',(-19.7996303015533,14.2698537390116,-0.07));
#8574=CARTESIAN_POINT('Ctrl Pts',(-19.807012873944,14.1549252118011,-0.07));
#8575=CARTESIAN_POINT('Ctrl Pts',(-19.8181924097275,13.9246703765515,-0.07));
#8576=CARTESIAN_POINT('Ctrl Pts',(-19.8219869369831,13.8093437982683,-0.07));
#8577=CARTESIAN_POINT('Ctrl Pts',(-19.8297157279602,13.4629586077206,-0.07));
#8578=CARTESIAN_POINT('Ctrl Pts',(-19.8299989296244,13.231494953421,-0.07));
#8579=CARTESIAN_POINT('Ctrl Pts',(-19.83,13.,-0.07));
#8580=CARTESIAN_POINT('Ctrl Pts',(-13.,19.93,-0.170000000000003));
#8581=CARTESIAN_POINT('Ctrl Pts',(-13.2323666994197,19.9299967811082,-0.170000000000004));
#8582=CARTESIAN_POINT('Ctrl Pts',(-13.4653631652813,19.9297161378814,-0.170000000000003));
#8583=CARTESIAN_POINT('Ctrl Pts',(-13.9318243632899,19.919239282311,-0.170000000000004));
#8584=CARTESIAN_POINT('Ctrl Pts',(-14.1653000901974,19.909050701692,-0.170000000000004));
#8585=CARTESIAN_POINT('Ctrl Pts',(-14.5152314305846,19.8790216385021,-0.170000000000003));
#8586=CARTESIAN_POINT('Ctrl Pts',(-14.6317463017895,19.8665632827467,-0.170000000000003));
#8587=CARTESIAN_POINT('Ctrl Pts',(-14.8644599061153,19.8360787211711,-0.170000000000003));
#8588=CARTESIAN_POINT('Ctrl Pts',(-14.9806569355014,19.8180520191081,-0.170000000000003));
#8589=CARTESIAN_POINT('Ctrl Pts',(-15.1546555790539,19.7863233876681,-0.170000000000003));
#8590=CARTESIAN_POINT('Ctrl Pts',(-15.2126055636342,19.7749656704086,-0.170000000000004));
#8591=CARTESIAN_POINT('Ctrl Pts',(-15.2994483097106,19.7566923019483,-0.170000000000003));
#8592=CARTESIAN_POINT('Ctrl Pts',(-15.3283821828262,19.7503950429502,-0.170000000000003));
#8593=CARTESIAN_POINT('Ctrl Pts',(-15.3862211391554,19.7373774599845,-0.17));
#8594=CARTESIAN_POINT('Ctrl Pts',(-15.4151262224939,19.7306571357834,-0.170000000000003));
#8595=CARTESIAN_POINT('Ctrl Pts',(-15.4729061883837,19.7167826092301,-0.170000000000003));
#8596=CARTESIAN_POINT('Ctrl Pts',(-15.5017790326309,19.7096289254123,-0.170000000000003));
#8597=CARTESIAN_POINT('Ctrl Pts',(-15.5595012226952,19.6948747751805,-0.170000000000003));
#8598=CARTESIAN_POINT('Ctrl Pts',(-15.58828368907,19.6872914573788,-0.170000000000003));
#8599=CARTESIAN_POINT('Ctrl Pts',(-15.6743403086223,19.6639289481655,-0.170000000000003));
#8600=CARTESIAN_POINT('Ctrl Pts',(-15.7313765893129,19.6475249383379,-0.170000000000003));
#8601=CARTESIAN_POINT('Ctrl Pts',(-15.8446991640921,19.6130492008735,-0.170000000000003));
#8602=CARTESIAN_POINT('Ctrl Pts',(-15.9009885460464,19.5949849135531,-0.170000000000003));
#8603=CARTESIAN_POINT('Ctrl Pts',(-16.0128418718763,19.5572012344873,-0.170000000000003));
#8604=CARTESIAN_POINT('Ctrl Pts',(-16.0684028656842,19.5374829459455,-0.170000000000003));
#8605=CARTESIAN_POINT('Ctrl Pts',(-16.2339881835945,19.4758516725036,-0.170000000000003));
#8606=CARTESIAN_POINT('Ctrl Pts',(-16.3429153755893,19.4314634431575,-0.170000000000003));
#8607=CARTESIAN_POINT('Ctrl Pts',(-16.5578263020888,19.3360711604057,-0.170000000000003));
#8608=CARTESIAN_POINT('Ctrl Pts',(-16.6638096335654,19.2850674546801,-0.170000000000003));
#8609=CARTESIAN_POINT('Ctrl Pts',(-16.8205513132145,19.2035580256716,-0.170000000000003));
#8610=CARTESIAN_POINT('Ctrl Pts',(-16.8724249190814,19.1755547801713,-0.170000000000003));
#8611=CARTESIAN_POINT('Ctrl Pts',(-16.9754236624425,19.1178672459497,-0.170000000000003));
#8612=CARTESIAN_POINT('Ctrl Pts',(-17.0265353006736,19.0881924226594,-0.170000000000005));
#8613=CARTESIAN_POINT('Ctrl Pts',(-17.1026699780503,19.0423850466494,-0.170000000000003));
#8614=CARTESIAN_POINT('Ctrl Pts',(-17.1279532905194,19.0268985037216,-0.170000000000004));
#8615=CARTESIAN_POINT('Ctrl Pts',(-17.1783192699352,18.9955009079113,-0.170000000000003));
#8616=CARTESIAN_POINT('Ctrl Pts',(-17.2034039780703,18.9795883970144,-0.170000000000003));
#8617=CARTESIAN_POINT('Ctrl Pts',(-17.2533778754055,18.9473366923415,-0.170000000000003));
#8618=CARTESIAN_POINT('Ctrl Pts',(-17.2782628209809,18.9310002935447,-0.170000000000003));
#8619=CARTESIAN_POINT('Ctrl Pts',(-17.327854828787,18.8978895422911,-0.170000000000003));
#8620=CARTESIAN_POINT('Ctrl Pts',(-17.3525318155375,18.8811348118454,-0.170000000000003));
#8621=CARTESIAN_POINT('Ctrl Pts',(-17.4260232604966,18.8304040240684,-0.170000000000003));
#8622=CARTESIAN_POINT('Ctrl Pts',(-17.4743787433483,18.7959110899065,-0.170000000000004));
#8623=CARTESIAN_POINT('Ctrl Pts',(-17.5698292257595,18.7256160410999,-0.170000000000003));
#8624=CARTESIAN_POINT('Ctrl Pts',(-17.6169268071764,18.6898125028397,-0.170000000000003));
#8625=CARTESIAN_POINT('Ctrl Pts',(-17.7563708011244,18.580459099332,-0.17));
#8626=CARTESIAN_POINT('Ctrl Pts',(-17.846873336437,18.504970201152,-0.170000000000004));
#8627=CARTESIAN_POINT('Ctrl Pts',(-17.9789800457645,18.3878661245201,-0.170000000000003));
#8628=CARTESIAN_POINT('Ctrl Pts',(-18.0224083878784,18.3481832212399,-0.170000000000003));
#8629=CARTESIAN_POINT('Ctrl Pts',(-18.0866301503036,18.2876806975026,-0.170000000000003));
#8630=CARTESIAN_POINT('Ctrl Pts',(-18.1078860567856,18.2673476857475,-0.170000000000003));
#8631=CARTESIAN_POINT('Ctrl Pts',(-18.1500850638411,18.2263570969171,-0.170000000000003));
#8632=CARTESIAN_POINT('Ctrl Pts',(-18.1710361458841,18.2056902264263,-0.170000000000003));
#8633=CARTESIAN_POINT('Ctrl Pts',(-18.2333894706701,18.1432302360974,-0.170000000000003));
#8634=CARTESIAN_POINT('Ctrl Pts',(-18.2743427629661,18.1009588374133,-0.170000000000003));
#8635=CARTESIAN_POINT('Ctrl Pts',(-18.355031277718,18.0151040581281,-0.170000000000003));
#8636=CARTESIAN_POINT('Ctrl Pts',(-18.3947620194471,17.9715271268032,-0.170000000000003));
#8637=CARTESIAN_POINT('Ctrl Pts',(-18.4729827426763,17.8830638587521,-0.170000000000003));
#8638=CARTESIAN_POINT('Ctrl Pts',(-18.5114721389178,17.838178399425,-0.170000000000003));
#8639=CARTESIAN_POINT('Ctrl Pts',(-18.5682671639699,17.7698578934784,-0.170000000000003));
#8640=CARTESIAN_POINT('Ctrl Pts',(-18.5870408397761,17.7469212864494,-0.170000000000003));
#8641=CARTESIAN_POINT('Ctrl Pts',(-18.6242759233858,17.7007121781363,-0.170000000000003));
#8642=CARTESIAN_POINT('Ctrl Pts',(-18.6427321794121,17.6774483955623,-0.170000000000004));
#8643=CARTESIAN_POINT('Ctrl Pts',(-18.6793444338986,17.630559980441,-0.170000000000003));
#8644=CARTESIAN_POINT('Ctrl Pts',(-18.69748348476,17.6069525190817,-0.170000000000003));
#8645=CARTESIAN_POINT('Ctrl Pts',(-18.7334519345121,17.5593834707321,-0.170000000000003));
#8646=CARTESIAN_POINT('Ctrl Pts',(-18.7512546034007,17.5354561397642,-0.170000000000003));
#8647=CARTESIAN_POINT('Ctrl Pts',(-18.8040044829425,17.4634078225463,-0.170000000000003));
#8648=CARTESIAN_POINT('Ctrl Pts',(-18.8383504986157,17.4149504554913,-0.170000000000003));
#8649=CARTESIAN_POINT('Ctrl Pts',(-18.9054178488742,17.3172034018667,-0.170000000000003));
#8650=CARTESIAN_POINT('Ctrl Pts',(-18.9381424419201,17.2679092789109,-0.170000000000003));
#8651=CARTESIAN_POINT('Ctrl Pts',(-19.0019737970561,17.1684793992967,-0.170000000000003));
#8652=CARTESIAN_POINT('Ctrl Pts',(-19.033088780548,17.1183245054102,-0.170000000000004));
#8653=CARTESIAN_POINT('Ctrl Pts',(-19.093658483261,17.0172053734162,-0.17));
#8654=CARTESIAN_POINT('Ctrl Pts',(-19.1231367279584,16.9662370055022,-0.170000000000004));
#8655=CARTESIAN_POINT('Ctrl Pts',(-19.1804820728536,16.8634553471718,-0.170000000000003));
#8656=CARTESIAN_POINT('Ctrl Pts',(-19.2083478464998,16.8116466539183,-0.170000000000003));
#8657=CARTESIAN_POINT('Ctrl Pts',(-19.2895160821213,16.6549677030747,-0.17));
#8658=CARTESIAN_POINT('Ctrl Pts',(-19.3403892767179,16.5488445158946,-0.170000000000003));
#8659=CARTESIAN_POINT('Ctrl Pts',(-19.4118099960213,16.3871586987159,-0.170000000000003));
#8660=CARTESIAN_POINT('Ctrl Pts',(-19.4348020943881,16.3328466159107,-0.17));
#8661=CARTESIAN_POINT('Ctrl Pts',(-19.4791521120614,16.2233898512391,-0.170000000000004));
#8662=CARTESIAN_POINT('Ctrl Pts',(-19.5005100292345,16.1682451730271,-0.170000000000003));
#8663=CARTESIAN_POINT('Ctrl Pts',(-19.5313181176959,16.0849045547533,-0.170000000000003));
#8664=CARTESIAN_POINT('Ctrl Pts',(-19.5413826853588,16.0570204159622,-0.170000000000004));
#8665=CARTESIAN_POINT('Ctrl Pts',(-19.5611017408575,16.001044418568,-0.17));
#8666=CARTESIAN_POINT('Ctrl Pts',(-19.5707562286362,15.9729525600876,-0.170000000000004));
#8667=CARTESIAN_POINT('Ctrl Pts',(-19.5896546576545,15.9165612710686,-0.170000000000003));
#8668=CARTESIAN_POINT('Ctrl Pts',(-19.5988967093752,15.8882684083736,-0.17));
#8669=CARTESIAN_POINT('Ctrl Pts',(-19.6169773809318,15.8314489877865,-0.170000000000003));
#8670=CARTESIAN_POINT('Ctrl Pts',(-19.6258010354263,15.8029741737488,-0.170000000000003));
#8671=CARTESIAN_POINT('Ctrl Pts',(-19.6515699856828,15.7175037594251,-0.170000000000003));
#8672=CARTESIAN_POINT('Ctrl Pts',(-19.6678191609351,15.6604424448708,-0.17));
#8673=CARTESIAN_POINT('Ctrl Pts',(-19.6985679641515,15.5461635495407,-0.170000000000003));
#8674=CARTESIAN_POINT('Ctrl Pts',(-19.7130670883576,15.4889449907546,-0.17));
#8675=CARTESIAN_POINT('Ctrl Pts',(-19.7403941223542,15.374347368842,-0.170000000000004));
#8676=CARTESIAN_POINT('Ctrl Pts',(-19.7532220316846,15.3169660102213,-0.170000000000003));
#8677=CARTESIAN_POINT('Ctrl Pts',(-19.7772589484236,15.2020474410202,-0.170000000000003));
#8678=CARTESIAN_POINT('Ctrl Pts',(-19.7884683453241,15.1444883266814,-0.170000000000003));
#8679=CARTESIAN_POINT('Ctrl Pts',(-19.8092977643774,15.0292688680565,-0.170000000000003));
#8680=CARTESIAN_POINT('Ctrl Pts',(-19.818935524726,14.9716028500846,-0.170000000000003));
#8681=CARTESIAN_POINT('Ctrl Pts',(-19.8367464463656,14.8561525441101,-0.170000000000003));
#8682=CARTESIAN_POINT('Ctrl Pts',(-19.8449203469134,14.7983713652942,-0.170000000000003));
#8683=CARTESIAN_POINT('Ctrl Pts',(-19.859899053352,14.6827093402566,-0.170000000000003));
#8684=CARTESIAN_POINT('Ctrl Pts',(-19.8667038686308,14.6248298833549,-0.170000000000003));
#8685=CARTESIAN_POINT('Ctrl Pts',(-19.8790386365239,14.5089775682576,-0.170000000000003));
#8686=CARTESIAN_POINT('Ctrl Pts',(-19.8845691117322,14.4510157141783,-0.170000000000003));
#8687=CARTESIAN_POINT('Ctrl Pts',(-19.8993866496059,14.2769645926996,-0.170000000000003));
#8688=CARTESIAN_POINT('Ctrl Pts',(-19.9068446409226,14.1608164016391,-0.170000000000004));
#8689=CARTESIAN_POINT('Ctrl Pts',(-19.9181253196865,13.9284783540987,-0.170000000000003));
#8690=CARTESIAN_POINT('Ctrl Pts',(-19.9219462913656,13.8122790701292,-0.170000000000003));
#8691=CARTESIAN_POINT('Ctrl Pts',(-19.9297223638806,13.4637804189942,-0.170000000000003));
#8692=CARTESIAN_POINT('Ctrl Pts',(-19.9299974979801,13.2315783426107,-0.170000000000003));
#8693=CARTESIAN_POINT('Ctrl Pts',(-19.93,13.,-0.170000000000003));
#8694=CARTESIAN_POINT('',(-13.,19.93,-0.170000000000003));
#8695=CARTESIAN_POINT('Origin',(19.83,-18.1924310442813,-0.07));
#8696=CARTESIAN_POINT('',(19.83,13.,-0.07));
#8697=CARTESIAN_POINT('Origin',(18.1842585658653,19.83,-0.07));
#8698=CARTESIAN_POINT('',(13.,19.93,-0.170000000000003));
#8699=CARTESIAN_POINT('Ctrl Pts',(19.83,13.,-0.07));
#8700=CARTESIAN_POINT('Ctrl Pts',(19.8299982305404,13.2322805934958,-0.07));
#8701=CARTESIAN_POINT('Ctrl Pts',(19.8297094421923,13.4645354057462,-0.07));
#8702=CARTESIAN_POINT('Ctrl Pts',(19.8192963970736,13.9281615674756,-0.07));
#8703=CARTESIAN_POINT('Ctrl Pts',(19.8091784902505,14.1595334872807,-0.07));
#8704=CARTESIAN_POINT('Ctrl Pts',(19.7795070468768,14.5052894030885,-0.07));
#8705=CARTESIAN_POINT('Ctrl Pts',(19.7672051196905,14.6203247688681,-0.07));
#8706=CARTESIAN_POINT('Ctrl Pts',(19.7371311093223,14.8499041481981,-0.07));
#8707=CARTESIAN_POINT('Ctrl Pts',(19.7193587205399,14.9644481342938,-0.07));
#8708=CARTESIAN_POINT('Ctrl Pts',(19.6881033797989,15.1358512134911,-0.07));
#8709=CARTESIAN_POINT('Ctrl Pts',(19.6769187400066,15.192916750582,-0.07));
#8710=CARTESIAN_POINT('Ctrl Pts',(19.6589301262489,15.2784062203937,-0.07));
#8711=CARTESIAN_POINT('Ctrl Pts',(19.6527319755491,15.3068845706883,-0.07));
#8712=CARTESIAN_POINT('Ctrl Pts',(19.6399213347743,15.3638040535858,-0.07));
#8713=CARTESIAN_POINT('Ctrl Pts',(19.6333088447897,15.3922451861969,-0.07));
#8714=CARTESIAN_POINT('Ctrl Pts',(19.6196590433892,15.4490892921853,-0.07));
#8715=CARTESIAN_POINT('Ctrl Pts',(19.6126222421524,15.4774902609308,-0.07));
#8716=CARTESIAN_POINT('Ctrl Pts',(19.5981112597407,15.5342611129637,-0.07));
#8717=CARTESIAN_POINT('Ctrl Pts',(19.5906539623676,15.5625651631039,-0.07));
#8718=CARTESIAN_POINT('Ctrl Pts',(19.5676826862718,15.6471806386826,-0.07));
#8719=CARTESIAN_POINT('Ctrl Pts',(19.5515586108083,15.7032430415431,-0.07));
#8720=CARTESIAN_POINT('Ctrl Pts',(19.5176740883985,15.8146222889379,-0.07));
#8721=CARTESIAN_POINT('Ctrl Pts',(19.499918880616,15.8699485278373,-0.07));
#8722=CARTESIAN_POINT('Ctrl Pts',(19.4627858494181,15.9798757010851,-0.07));
#8723=CARTESIAN_POINT('Ctrl Pts',(19.4434082025208,16.0344767143359,-0.07));
#8724=CARTESIAN_POINT('Ctrl Pts',(19.3828446820942,16.1971932918933,-0.07));
#8725=CARTESIAN_POINT('Ctrl Pts',(19.3392294262022,16.3042229292228,-0.07));
#8726=CARTESIAN_POINT('Ctrl Pts',(19.2455038400562,16.5153789242038,-0.07));
#8727=CARTESIAN_POINT('Ctrl Pts',(19.1953935977049,16.6195053211434,-0.07));
#8728=CARTESIAN_POINT('Ctrl Pts',(19.1153136959906,16.7734981320282,-0.07));
#8729=CARTESIAN_POINT('Ctrl Pts',(19.0878010622419,16.8244628293998,-0.07));
#8730=CARTESIAN_POINT('Ctrl Pts',(19.03112562684,16.9256546038056,-0.07));
#8731=CARTESIAN_POINT('Ctrl Pts',(19.0019638654595,16.9758821458342,-0.07));
#8732=CARTESIAN_POINT('Ctrl Pts',(18.9569702635575,17.0506642834187,-0.07));
#8733=CARTESIAN_POINT('Ctrl Pts',(18.9417599147311,17.0754966839746,-0.07));
#8734=CARTESIAN_POINT('Ctrl Pts',(18.9109170608568,17.1249727824657,-0.07));
#8735=CARTESIAN_POINT('Ctrl Pts',(18.8952843774807,17.1496164006867,-0.07));
#8736=CARTESIAN_POINT('Ctrl Pts',(18.8635974385521,17.1987151955703,-0.07));
#8737=CARTESIAN_POINT('Ctrl Pts',(18.847545929291,17.2231662026201,-0.07));
#8738=CARTESIAN_POINT('Ctrl Pts',(18.8150104980778,17.2718965182711,-0.07));
#8739=CARTESIAN_POINT('Ctrl Pts',(18.7985458560702,17.2961462756415,-0.07));
#8740=CARTESIAN_POINT('Ctrl Pts',(18.7486907552366,17.3683691512773,-0.07));
#8741=CARTESIAN_POINT('Ctrl Pts',(18.7147897195717,17.4158949834062,-0.07));
#8742=CARTESIAN_POINT('Ctrl Pts',(18.6456965386685,17.5097135029928,-0.0700000000000008));
#8743=CARTESIAN_POINT('Ctrl Pts',(18.6105029945639,17.5560087339745,-0.07));
#8744=CARTESIAN_POINT('Ctrl Pts',(18.5030104472093,17.6930798133558,-0.0699999999999987));
#8745=CARTESIAN_POINT('Ctrl Pts',(18.4288037445991,17.7820450492187,-0.0700000000000022));
#8746=CARTESIAN_POINT('Ctrl Pts',(18.3137013230075,17.9118935370718,-0.0700000000000008));
#8747=CARTESIAN_POINT('Ctrl Pts',(18.274700577641,17.9545753233757,-0.070000000000002));
#8748=CARTESIAN_POINT('Ctrl Pts',(18.2152418158832,18.0176890956618,-0.07));
#8749=CARTESIAN_POINT('Ctrl Pts',(18.1952624390185,18.0385753621789,-0.07));
#8750=CARTESIAN_POINT('Ctrl Pts',(18.1549823231804,18.0800428879068,-0.0699999999999992));
#8751=CARTESIAN_POINT('Ctrl Pts',(18.1346809260676,18.1006235224666,-0.0699999999999985));
#8752=CARTESIAN_POINT('Ctrl Pts',(18.0732931653934,18.1619064667179,-0.0699999999999989));
#8753=CARTESIAN_POINT('Ctrl Pts',(18.0317391020606,18.2021648788415,-0.07));
#8754=CARTESIAN_POINT('Ctrl Pts',(17.947355290423,18.2814709404655,-0.07));
#8755=CARTESIAN_POINT('Ctrl Pts',(17.9045265245452,18.3205195223836,-0.07));
#8756=CARTESIAN_POINT('Ctrl Pts',(17.8175831757236,18.3973963071235,-0.07));
#8757=CARTESIAN_POINT('Ctrl Pts',(17.7734686511169,18.4352245653136,-0.07));
#8758=CARTESIAN_POINT('Ctrl Pts',(17.7063231897368,18.4910428304968,-0.07));
#8759=CARTESIAN_POINT('Ctrl Pts',(17.6837792579242,18.5094950577302,-0.07));
#8760=CARTESIAN_POINT('Ctrl Pts',(17.638364980852,18.5460897106272,-0.07));
#8761=CARTESIAN_POINT('Ctrl Pts',(17.6154955794333,18.5642330320936,-0.0700000000000011));
#8762=CARTESIAN_POINT('Ctrl Pts',(17.5694260932883,18.600205820908,-0.0700000000000014));
#8763=CARTESIAN_POINT('Ctrl Pts',(17.5462283767363,18.6180300719374,-0.07));
#8764=CARTESIAN_POINT('Ctrl Pts',(17.4994826611305,18.6533759739647,-0.07));
#8765=CARTESIAN_POINT('Ctrl Pts',(17.4759680577627,18.6708715743985,-0.07));
#8766=CARTESIAN_POINT('Ctrl Pts',(17.4051601714497,18.7227132763137,-0.0699999999999979));
#8767=CARTESIAN_POINT('Ctrl Pts',(17.3575339709028,18.7564701855911,-0.0699999999999987));
#8768=CARTESIAN_POINT('Ctrl Pts',(17.2614674147434,18.8223844931336,-0.0700000000000012));
#8769=CARTESIAN_POINT('Ctrl Pts',(17.2130243425662,18.8545441094509,-0.069999999999999));
#8770=CARTESIAN_POINT('Ctrl Pts',(17.1153186891085,18.917268421113,-0.0700000000000023));
#8771=CARTESIAN_POINT('Ctrl Pts',(17.0660548519832,18.9478306723155,-0.069999999999999));
#8772=CARTESIAN_POINT('Ctrl Pts',(16.9666993177885,19.0073440015254,-0.0700000000000009));
#8773=CARTESIAN_POINT('Ctrl Pts',(16.9166156006563,19.0363106099034,-0.070000000000001));
#8774=CARTESIAN_POINT('Ctrl Pts',(16.815630940361,19.0926533490328,-0.07));
#8775=CARTESIAN_POINT('Ctrl Pts',(16.7647305461581,19.120030548138,-0.07));
#8776=CARTESIAN_POINT('Ctrl Pts',(16.6108021883042,19.1997738284343,-0.07));
#8777=CARTESIAN_POINT('Ctrl Pts',(16.5065470267351,19.24975154848,-0.07));
#8778=CARTESIAN_POINT('Ctrl Pts',(16.3476983829891,19.3199190142515,-0.07));
#8779=CARTESIAN_POINT('Ctrl Pts',(16.2943378569475,19.3425083277117,-0.07));
#8780=CARTESIAN_POINT('Ctrl Pts',(16.1867929998781,19.3860836730489,-0.07));
#8781=CARTESIAN_POINT('Ctrl Pts',(16.1326086687285,19.4070697046892,-0.07));
#8782=CARTESIAN_POINT('Ctrl Pts',(16.0507129657919,19.4373436587931,-0.07));
#8783=CARTESIAN_POINT('Ctrl Pts',(16.023311197452,19.4472341285988,-0.07));
#8784=CARTESIAN_POINT('Ctrl Pts',(15.9683010383167,19.4666129415135,-0.07));
#8785=CARTESIAN_POINT('Ctrl Pts',(15.9406926475169,19.4761012846142,-0.07));
#8786=CARTESIAN_POINT('Ctrl Pts',(15.8852690251451,19.4946754192336,-0.07));
#8787=CARTESIAN_POINT('Ctrl Pts',(15.8574595408909,19.5037595670815,-0.0699999999999975));
#8788=CARTESIAN_POINT('Ctrl Pts',(15.8016105268005,19.5215314663982,-0.0700000000000025));
#8789=CARTESIAN_POINT('Ctrl Pts',(15.7736171912266,19.5302059088385,-0.07));
#8790=CARTESIAN_POINT('Ctrl Pts',(15.6896218368563,19.5555301007311,-0.07));
#8791=CARTESIAN_POINT('Ctrl Pts',(15.6335166417322,19.5715074028774,-0.07));
#8792=CARTESIAN_POINT('Ctrl Pts',(15.5211240154876,19.6017486689562,-0.07));
#8793=CARTESIAN_POINT('Ctrl Pts',(15.4648327117045,19.6160130530853,-0.07));
#8794=CARTESIAN_POINT('Ctrl Pts',(15.3520682896353,19.6429029395431,-0.07));
#8795=CARTESIAN_POINT('Ctrl Pts',(15.2955951277313,19.6555280486781,-0.07));
#8796=CARTESIAN_POINT('Ctrl Pts',(15.182472515156,19.6791891942919,-0.07));
#8797=CARTESIAN_POINT('Ctrl Pts',(15.1258226813626,19.6902217771697,-0.07));
#8798=CARTESIAN_POINT('Ctrl Pts',(15.0123508746986,19.710735276189,-0.07));
#8799=CARTESIAN_POINT('Ctrl Pts',(14.9555306577497,19.7202320197789,-0.07));
#8800=CARTESIAN_POINT('Ctrl Pts',(14.8417307854086,19.7377883239031,-0.07));
#8801=CARTESIAN_POINT('Ctrl Pts',(14.7847512678007,19.7458491263085,-0.07));
#8802=CARTESIAN_POINT('Ctrl Pts',(14.6706431171947,19.7606266001574,-0.07));
#8803=CARTESIAN_POINT('Ctrl Pts',(14.613514497775,19.7673433939965,-0.0700000000000008));
#8804=CARTESIAN_POINT('Ctrl Pts',(14.4991181666302,19.7795231991258,-0.0699999999999991));
#8805=CARTESIAN_POINT('Ctrl Pts',(14.4418506126008,19.7849876318157,-0.07));
#8806=CARTESIAN_POINT('Ctrl Pts',(14.2698537390116,19.7996303015533,-0.069999999999999));
#8807=CARTESIAN_POINT('Ctrl Pts',(14.1549252118011,19.807012873944,-0.07));
#8808=CARTESIAN_POINT('Ctrl Pts',(13.9246703765516,19.8181924097275,-0.07));
#8809=CARTESIAN_POINT('Ctrl Pts',(13.8093437982683,19.8219869369831,-0.07));
#8810=CARTESIAN_POINT('Ctrl Pts',(13.4629586077206,19.8297157279602,-0.07));
#8811=CARTESIAN_POINT('Ctrl Pts',(13.231494953421,19.8299989296244,-0.07));
#8812=CARTESIAN_POINT('Ctrl Pts',(13.,19.83,-0.07));
#8813=CARTESIAN_POINT('Ctrl Pts',(19.93,13.,-0.170000000000003));
#8814=CARTESIAN_POINT('Ctrl Pts',(19.9299967811082,13.2323666994197,-0.170000000000003));
#8815=CARTESIAN_POINT('Ctrl Pts',(19.9297161378814,13.4653631652813,-0.170000000000003));
#8816=CARTESIAN_POINT('Ctrl Pts',(19.919239282311,13.9318243632898,-0.170000000000003));
#8817=CARTESIAN_POINT('Ctrl Pts',(19.909050701692,14.1653000901973,-0.170000000000003));
#8818=CARTESIAN_POINT('Ctrl Pts',(19.8790216385021,14.5152314305845,-0.170000000000003));
#8819=CARTESIAN_POINT('Ctrl Pts',(19.8665632827467,14.6317463017894,-0.170000000000003));
#8820=CARTESIAN_POINT('Ctrl Pts',(19.8360787211711,14.8644599061152,-0.170000000000003));
#8821=CARTESIAN_POINT('Ctrl Pts',(19.8180520191081,14.9806569355013,-0.170000000000003));
#8822=CARTESIAN_POINT('Ctrl Pts',(19.7863233876681,15.1546555790538,-0.170000000000003));
#8823=CARTESIAN_POINT('Ctrl Pts',(19.7749656704087,15.2126055636341,-0.170000000000003));
#8824=CARTESIAN_POINT('Ctrl Pts',(19.7566923019483,15.2994483097105,-0.170000000000003));
#8825=CARTESIAN_POINT('Ctrl Pts',(19.7503950429503,15.3283821828261,-0.170000000000003));
#8826=CARTESIAN_POINT('Ctrl Pts',(19.7373774599845,15.3862211391552,-0.170000000000003));
#8827=CARTESIAN_POINT('Ctrl Pts',(19.7306571357834,15.4151262224938,-0.170000000000003));
#8828=CARTESIAN_POINT('Ctrl Pts',(19.7167826092301,15.4729061883835,-0.170000000000003));
#8829=CARTESIAN_POINT('Ctrl Pts',(19.7096289254123,15.5017790326308,-0.170000000000004));
#8830=CARTESIAN_POINT('Ctrl Pts',(19.6948747751805,15.5595012226951,-0.170000000000004));
#8831=CARTESIAN_POINT('Ctrl Pts',(19.6872914573788,15.5882836890699,-0.170000000000003));
#8832=CARTESIAN_POINT('Ctrl Pts',(19.6639289481656,15.6743403086222,-0.170000000000003));
#8833=CARTESIAN_POINT('Ctrl Pts',(19.6475249383379,15.7313765893127,-0.170000000000003));
#8834=CARTESIAN_POINT('Ctrl Pts',(19.6130492008736,15.8446991640919,-0.170000000000004));
#8835=CARTESIAN_POINT('Ctrl Pts',(19.5949849135531,15.9009885460462,-0.170000000000003));
#8836=CARTESIAN_POINT('Ctrl Pts',(19.5572012344873,16.0128418718762,-0.170000000000003));
#8837=CARTESIAN_POINT('Ctrl Pts',(19.5374829459456,16.0684028656841,-0.170000000000003));
#8838=CARTESIAN_POINT('Ctrl Pts',(19.4758516725037,16.2339881835943,-0.170000000000003));
#8839=CARTESIAN_POINT('Ctrl Pts',(19.4314634431576,16.3429153755892,-0.170000000000003));
#8840=CARTESIAN_POINT('Ctrl Pts',(19.3360711604057,16.5578263020887,-0.170000000000003));
#8841=CARTESIAN_POINT('Ctrl Pts',(19.2850674546801,16.6638096335653,-0.170000000000003));
#8842=CARTESIAN_POINT('Ctrl Pts',(19.2035580256716,16.8205513132143,-0.170000000000003));
#8843=CARTESIAN_POINT('Ctrl Pts',(19.1755547801713,16.8724249190813,-0.170000000000003));
#8844=CARTESIAN_POINT('Ctrl Pts',(19.1178672459497,16.9754236624424,-0.170000000000003));
#8845=CARTESIAN_POINT('Ctrl Pts',(19.0881924226594,17.0265353006735,-0.170000000000003));
#8846=CARTESIAN_POINT('Ctrl Pts',(19.0423850466495,17.1026699780502,-0.170000000000003));
#8847=CARTESIAN_POINT('Ctrl Pts',(19.0268985037217,17.1279532905192,-0.170000000000003));
#8848=CARTESIAN_POINT('Ctrl Pts',(18.9955009079113,17.178319269935,-0.170000000000003));
#8849=CARTESIAN_POINT('Ctrl Pts',(18.9795883970145,17.2034039780701,-0.170000000000003));
#8850=CARTESIAN_POINT('Ctrl Pts',(18.9473366923416,17.2533778754053,-0.170000000000003));
#8851=CARTESIAN_POINT('Ctrl Pts',(18.9310002935448,17.2782628209807,-0.170000000000003));
#8852=CARTESIAN_POINT('Ctrl Pts',(18.8978895422912,17.3278548287869,-0.170000000000003));
#8853=CARTESIAN_POINT('Ctrl Pts',(18.8811348118455,17.3525318155373,-0.170000000000003));
#8854=CARTESIAN_POINT('Ctrl Pts',(18.8304040240684,17.4260232604965,-0.170000000000004));
#8855=CARTESIAN_POINT('Ctrl Pts',(18.7959110899065,17.4743787433481,-0.170000000000003));
#8856=CARTESIAN_POINT('Ctrl Pts',(18.7256160411,17.5698292257594,-0.170000000000004));
#8857=CARTESIAN_POINT('Ctrl Pts',(18.6898125028397,17.6169268071763,-0.170000000000004));
#8858=CARTESIAN_POINT('Ctrl Pts',(18.580459099332,17.7563708011242,-0.17));
#8859=CARTESIAN_POINT('Ctrl Pts',(18.504970201152,17.8468733364369,-0.170000000000005));
#8860=CARTESIAN_POINT('Ctrl Pts',(18.3878661245202,17.9789800457643,-0.170000000000004));
#8861=CARTESIAN_POINT('Ctrl Pts',(18.3481832212399,18.0224083878782,-0.170000000000004));
#8862=CARTESIAN_POINT('Ctrl Pts',(18.2876806975026,18.0866301503034,-0.170000000000003));
#8863=CARTESIAN_POINT('Ctrl Pts',(18.2673476857476,18.1078860567854,-0.170000000000004));
#8864=CARTESIAN_POINT('Ctrl Pts',(18.2263570969172,18.150085063841,-0.170000000000003));
#8865=CARTESIAN_POINT('Ctrl Pts',(18.2056902264264,18.171036145884,-0.17));
#8866=CARTESIAN_POINT('Ctrl Pts',(18.1432302360975,18.2333894706699,-0.17));
#8867=CARTESIAN_POINT('Ctrl Pts',(18.1009588374134,18.274342762966,-0.170000000000003));
#8868=CARTESIAN_POINT('Ctrl Pts',(18.0151040581282,18.3550312777179,-0.170000000000003));
#8869=CARTESIAN_POINT('Ctrl Pts',(17.9715271268033,18.3947620194469,-0.170000000000003));
#8870=CARTESIAN_POINT('Ctrl Pts',(17.8830638587521,18.4729827426761,-0.170000000000003));
#8871=CARTESIAN_POINT('Ctrl Pts',(17.8381783994251,18.5114721389177,-0.170000000000003));
#8872=CARTESIAN_POINT('Ctrl Pts',(17.7698578934785,18.5682671639698,-0.170000000000003));
#8873=CARTESIAN_POINT('Ctrl Pts',(17.7469212864494,18.5870408397758,-0.170000000000003));
#8874=CARTESIAN_POINT('Ctrl Pts',(17.7007121781364,18.6242759233856,-0.170000000000004));
#8875=CARTESIAN_POINT('Ctrl Pts',(17.6774483955624,18.6427321794119,-0.170000000000004));
#8876=CARTESIAN_POINT('Ctrl Pts',(17.6305599804411,18.6793444338985,-0.170000000000004));
#8877=CARTESIAN_POINT('Ctrl Pts',(17.6069525190818,18.6974834847598,-0.170000000000003));
#8878=CARTESIAN_POINT('Ctrl Pts',(17.5593834707322,18.7334519345119,-0.170000000000003));
#8879=CARTESIAN_POINT('Ctrl Pts',(17.5354561397642,18.7512546034006,-0.170000000000003));
#8880=CARTESIAN_POINT('Ctrl Pts',(17.4634078225463,18.8040044829424,-0.17));
#8881=CARTESIAN_POINT('Ctrl Pts',(17.4149504554914,18.8383504986156,-0.17));
#8882=CARTESIAN_POINT('Ctrl Pts',(17.3172034018668,18.9054178488741,-0.170000000000004));
#8883=CARTESIAN_POINT('Ctrl Pts',(17.267909278911,18.93814244192,-0.17));
#8884=CARTESIAN_POINT('Ctrl Pts',(17.1684793992968,19.0019737970559,-0.170000000000005));
#8885=CARTESIAN_POINT('Ctrl Pts',(17.1183245054103,19.0330887805479,-0.17));
#8886=CARTESIAN_POINT('Ctrl Pts',(17.0172053734162,19.0936584832609,-0.170000000000004));
#8887=CARTESIAN_POINT('Ctrl Pts',(16.9662370055023,19.1231367279582,-0.170000000000004));
#8888=CARTESIAN_POINT('Ctrl Pts',(16.8634553471719,19.1804820728535,-0.170000000000003));
#8889=CARTESIAN_POINT('Ctrl Pts',(16.8116466539184,19.2083478464997,-0.170000000000003));
#8890=CARTESIAN_POINT('Ctrl Pts',(16.6549677030747,19.2895160821212,-0.170000000000003));
#8891=CARTESIAN_POINT('Ctrl Pts',(16.5488445158947,19.3403892767179,-0.170000000000003));
#8892=CARTESIAN_POINT('Ctrl Pts',(16.387158698716,19.4118099960211,-0.170000000000003));
#8893=CARTESIAN_POINT('Ctrl Pts',(16.3328466159108,19.434802094388,-0.170000000000003));
#8894=CARTESIAN_POINT('Ctrl Pts',(16.2233898512393,19.4791521120613,-0.170000000000003));
#8895=CARTESIAN_POINT('Ctrl Pts',(16.1682451730272,19.5005100292343,-0.170000000000003));
#8896=CARTESIAN_POINT('Ctrl Pts',(16.0849045547534,19.5313181176957,-0.170000000000003));
#8897=CARTESIAN_POINT('Ctrl Pts',(16.0570204159623,19.5413826853586,-0.170000000000003));
#8898=CARTESIAN_POINT('Ctrl Pts',(16.0010444185681,19.5611017408574,-0.170000000000003));
#8899=CARTESIAN_POINT('Ctrl Pts',(15.9729525600877,19.5707562286361,-0.170000000000003));
#8900=CARTESIAN_POINT('Ctrl Pts',(15.9165612710688,19.5896546576544,-0.170000000000003));
#8901=CARTESIAN_POINT('Ctrl Pts',(15.8882684083738,19.598896709375,-0.17));
#8902=CARTESIAN_POINT('Ctrl Pts',(15.8314489877868,19.6169773809317,-0.170000000000005));
#8903=CARTESIAN_POINT('Ctrl Pts',(15.8029741737489,19.6258010354262,-0.170000000000003));
#8904=CARTESIAN_POINT('Ctrl Pts',(15.7175037594252,19.6515699856827,-0.170000000000004));
#8905=CARTESIAN_POINT('Ctrl Pts',(15.660442444871,19.667819160935,-0.170000000000003));
#8906=CARTESIAN_POINT('Ctrl Pts',(15.5461635495409,19.6985679641514,-0.170000000000003));
#8907=CARTESIAN_POINT('Ctrl Pts',(15.4889449907547,19.7130670883574,-0.170000000000003));
#8908=CARTESIAN_POINT('Ctrl Pts',(15.3743473688422,19.7403941223541,-0.170000000000003));
#8909=CARTESIAN_POINT('Ctrl Pts',(15.3169660102214,19.7532220316845,-0.170000000000003));
#8910=CARTESIAN_POINT('Ctrl Pts',(15.2020474410203,19.7772589484235,-0.170000000000003));
#8911=CARTESIAN_POINT('Ctrl Pts',(15.1444883266815,19.7884683453241,-0.170000000000003));
#8912=CARTESIAN_POINT('Ctrl Pts',(15.0292688680566,19.8092977643773,-0.170000000000003));
#8913=CARTESIAN_POINT('Ctrl Pts',(14.9716028500846,19.8189355247259,-0.170000000000003));
#8914=CARTESIAN_POINT('Ctrl Pts',(14.8561525441102,19.8367464463656,-0.170000000000003));
#8915=CARTESIAN_POINT('Ctrl Pts',(14.7983713652943,19.8449203469134,-0.170000000000003));
#8916=CARTESIAN_POINT('Ctrl Pts',(14.6827093402567,19.859899053352,-0.170000000000003));
#8917=CARTESIAN_POINT('Ctrl Pts',(14.6248298833549,19.8667038686308,-0.170000000000004));
#8918=CARTESIAN_POINT('Ctrl Pts',(14.5089775682577,19.8790386365239,-0.170000000000003));
#8919=CARTESIAN_POINT('Ctrl Pts',(14.4510157141784,19.8845691117322,-0.170000000000003));
#8920=CARTESIAN_POINT('Ctrl Pts',(14.2769645926997,19.8993866496059,-0.170000000000003));
#8921=CARTESIAN_POINT('Ctrl Pts',(14.1608164016391,19.9068446409226,-0.170000000000003));
#8922=CARTESIAN_POINT('Ctrl Pts',(13.9284783540988,19.9181253196865,-0.170000000000003));
#8923=CARTESIAN_POINT('Ctrl Pts',(13.8122790701293,19.9219462913656,-0.170000000000003));
#8924=CARTESIAN_POINT('Ctrl Pts',(13.4637804189942,19.9297223638806,-0.170000000000003));
#8925=CARTESIAN_POINT('Ctrl Pts',(13.2315783426107,19.9299974979801,-0.170000000000003));
#8926=CARTESIAN_POINT('Ctrl Pts',(13.,19.93,-0.170000000000003));
#8927=CARTESIAN_POINT('Origin',(10.,8.67361737988404E-16,-17.5));
#8928=CARTESIAN_POINT('',(11.25,7.14280888094985E-16,-17.5));
#8929=CARTESIAN_POINT('Origin',(10.,8.67361737988404E-16,-17.5));
#8930=CARTESIAN_POINT('',(11.25,7.14280888094985E-16,-17.5));
#8931=CARTESIAN_POINT('Origin',(10.,8.67361737988404E-16,-17.5));
#8932=CARTESIAN_POINT('Origin',(-10.,8.67361737988404E-16,-17.5));
#8933=CARTESIAN_POINT('',(-8.75,7.14280888094985E-16,-17.5));
#8934=CARTESIAN_POINT('Origin',(-10.,8.67361737988404E-16,-17.5));
#8935=CARTESIAN_POINT('',(-8.75,7.14280888094985E-16,-17.5));
#8936=CARTESIAN_POINT('Origin',(-10.,8.67361737988404E-16,-17.5));
#8937=UNCERTAINTY_MEASURE_WITH_UNIT(LENGTH_MEASURE(0.01),#8941,
'DISTANCE_ACCURACY_VALUE',
'Maximum model space distance between geometric entities at asserted c
onnectivities');
#8938=UNCERTAINTY_MEASURE_WITH_UNIT(LENGTH_MEASURE(0.01),#8941,
'DISTANCE_ACCURACY_VALUE',
'Maximum model space distance between geometric entities at asserted c
onnectivities');
#8939=(
GEOMETRIC_REPRESENTATION_CONTEXT(3)
GLOBAL_UNCERTAINTY_ASSIGNED_CONTEXT((#8937))
GLOBAL_UNIT_ASSIGNED_CONTEXT((#8941,#8943,#8944))
REPRESENTATION_CONTEXT('','3D')
);
#8940=(
GEOMETRIC_REPRESENTATION_CONTEXT(3)
GLOBAL_UNCERTAINTY_ASSIGNED_CONTEXT((#8938))
GLOBAL_UNIT_ASSIGNED_CONTEXT((#8941,#8943,#8944))
REPRESENTATION_CONTEXT('','3D')
);
#8941=(
LENGTH_UNIT()
NAMED_UNIT(*)
SI_UNIT(.MILLI.,.METRE.)
);
#8942=(
LENGTH_UNIT()
NAMED_UNIT(*)
SI_UNIT(.CENTI.,.METRE.)
);
#8943=(
NAMED_UNIT(*)
PLANE_ANGLE_UNIT()
SI_UNIT($,.RADIAN.)
);
#8944=(
NAMED_UNIT(*)
SI_UNIT($,.STERADIAN.)
SOLID_ANGLE_UNIT()
);
#8945=SHAPE_DEFINITION_REPRESENTATION(#8946,#8947);
#8946=PRODUCT_DEFINITION_SHAPE('',$,#8949);
#8947=SHAPE_REPRESENTATION('',(#2412),#8939);
#8948=PRODUCT_DEFINITION_CONTEXT('part definition',#8953,'design');
#8949=PRODUCT_DEFINITION('D405_Solid','RealSense_D405',#8950,#8948);
#8950=PRODUCT_DEFINITION_FORMATION('X1',$,#8955);
#8951=PRODUCT_RELATED_PRODUCT_CATEGORY('RealSense_D405',
'RealSense_D405',(#8955));
#8952=APPLICATION_PROTOCOL_DEFINITION('international standard',
'automotive_design',2009,#8953);
#8953=APPLICATION_CONTEXT(
'Core Data for Automotive Mechanical Design Process');
#8954=PRODUCT_CONTEXT('part definition',#8953,'mechanical');
#8955=PRODUCT('D405_Solid','RealSense_D405','Generic Part',(#8954));
#8956=PRESENTATION_STYLE_ASSIGNMENT((#8959));
#8957=PRESENTATION_STYLE_ASSIGNMENT((#8960));
#8958=PRESENTATION_STYLE_ASSIGNMENT((#8961));
#8959=SURFACE_STYLE_USAGE(.BOTH.,#8968);
#8960=SURFACE_STYLE_USAGE(.BOTH.,#8969);
#8961=SURFACE_STYLE_USAGE(.BOTH.,#8970);
#8962=SURFACE_STYLE_RENDERING_WITH_PROPERTIES($,#8980,(#8965));
#8963=SURFACE_STYLE_RENDERING_WITH_PROPERTIES($,#8981,(#8966));
#8964=SURFACE_STYLE_RENDERING_WITH_PROPERTIES($,#8982,(#8967));
#8965=SURFACE_STYLE_TRANSPARENT(0.);
#8966=SURFACE_STYLE_TRANSPARENT(0.);
#8967=SURFACE_STYLE_TRANSPARENT(0.);
#8968=SURFACE_SIDE_STYLE('',(#8971,#8962));
#8969=SURFACE_SIDE_STYLE('',(#8972,#8963));
#8970=SURFACE_SIDE_STYLE('',(#8973,#8964));
#8971=SURFACE_STYLE_FILL_AREA(#8974);
#8972=SURFACE_STYLE_FILL_AREA(#8975);
#8973=SURFACE_STYLE_FILL_AREA(#8976);
#8974=FILL_AREA_STYLE('',(#8977));
#8975=FILL_AREA_STYLE('',(#8978));
#8976=FILL_AREA_STYLE('',(#8979));
#8977=FILL_AREA_STYLE_COLOUR('',#8980);
#8978=FILL_AREA_STYLE_COLOUR('',#8981);
#8979=FILL_AREA_STYLE_COLOUR('',#8982);
#8980=COLOUR_RGB('',0.996078431372549,0.996078431372549,1.);
#8981=COLOUR_RGB('',0.956862745098039,0.956862745098039,0.956862745098039);
#8982=COLOUR_RGB('',0.,0.,0.);
ENDSEC;
END-ISO-10303-21;
