ISO-10303-21;
HEADER;
/* Generated by software containing ST-Developer
 * from STEP Tools, Inc. (www.steptools.com) 
 */

FILE_DESCRIPTION(
/* description */ (''),
/* implementation_level */ '2;1');

FILE_NAME(
/* name */ 'Base plate - 4 fingers v1.step',
/* time_stamp */ '2024-08-07T18:34:18+01:00',
/* author */ (''),
/* organization */ (''),
/* preprocessor_version */ 'ST-DEVELOPER v20',
/* originating_system */ 'Autodesk Translation Framework v13.14.0.145',

/* authorisation */ '');

FILE_SCHEMA (('AUTOMOTIVE_DESIGN { 1 0 10303 214 3 1 1 }'));
ENDSEC;

DATA;
#10=MECHANICAL_DESIGN_GEOMETRIC_PRESENTATION_REPRESENTATION('',(#13),#4022);
#11=SHAPE_REPRESENTATION_RELATIONSHIP('SRR','None',#4029,#12);
#12=ADVANCED_BREP_SHAPE_REPRESENTATION('',(#14),#4021);
#13=STYLED_ITEM('',(#4038),#14);
#14=MANIFOLD_SOLID_BREP('Body1',#2362);
#15=FACE_BOUND('',#372,.T.);
#16=FACE_BOUND('',#373,.T.);
#17=FACE_BOUND('',#374,.T.);
#18=FACE_BOUND('',#375,.T.);
#19=FACE_BOUND('',#376,.T.);
#20=FACE_BOUND('',#377,.T.);
#21=FACE_BOUND('',#378,.T.);
#22=FACE_BOUND('',#379,.T.);
#23=FACE_BOUND('',#380,.T.);
#24=FACE_BOUND('',#381,.T.);
#25=FACE_BOUND('',#382,.T.);
#26=FACE_BOUND('',#383,.T.);
#27=FACE_BOUND('',#384,.T.);
#28=FACE_BOUND('',#385,.T.);
#29=FACE_BOUND('',#386,.T.);
#30=FACE_BOUND('',#387,.T.);
#31=FACE_BOUND('',#388,.T.);
#32=FACE_BOUND('',#389,.T.);
#33=FACE_BOUND('',#390,.T.);
#34=FACE_BOUND('',#391,.T.);
#35=FACE_BOUND('',#392,.T.);
#36=FACE_BOUND('',#393,.T.);
#37=FACE_BOUND('',#394,.T.);
#38=FACE_BOUND('',#395,.T.);
#39=FACE_BOUND('',#396,.T.);
#40=FACE_BOUND('',#397,.T.);
#41=FACE_BOUND('',#398,.T.);
#42=FACE_BOUND('',#399,.T.);
#43=FACE_BOUND('',#400,.T.);
#44=FACE_BOUND('',#401,.T.);
#45=FACE_BOUND('',#402,.T.);
#46=FACE_BOUND('',#403,.T.);
#47=FACE_BOUND('',#404,.T.);
#48=FACE_BOUND('',#405,.T.);
#49=FACE_BOUND('',#406,.T.);
#50=FACE_BOUND('',#407,.T.);
#51=FACE_BOUND('',#408,.T.);
#52=FACE_BOUND('',#409,.T.);
#53=FACE_BOUND('',#410,.T.);
#54=FACE_BOUND('',#411,.T.);
#55=FACE_BOUND('',#412,.T.);
#56=FACE_BOUND('',#413,.T.);
#57=FACE_BOUND('',#414,.T.);
#58=FACE_BOUND('',#415,.T.);
#59=FACE_BOUND('',#416,.T.);
#60=FACE_BOUND('',#417,.T.);
#61=FACE_BOUND('',#418,.T.);
#62=FACE_BOUND('',#419,.T.);
#63=FACE_BOUND('',#420,.T.);
#64=FACE_BOUND('',#421,.T.);
#65=FACE_BOUND('',#422,.T.);
#66=FACE_BOUND('',#423,.T.);
#67=FACE_BOUND('',#424,.T.);
#68=FACE_BOUND('',#426,.T.);
#69=FACE_BOUND('',#427,.T.);
#70=FACE_BOUND('',#428,.T.);
#71=FACE_BOUND('',#429,.T.);
#72=FACE_BOUND('',#430,.T.);
#73=FACE_BOUND('',#431,.T.);
#74=FACE_BOUND('',#432,.T.);
#75=FACE_BOUND('',#433,.T.);
#76=FACE_BOUND('',#434,.T.);
#77=FACE_BOUND('',#435,.T.);
#78=FACE_BOUND('',#436,.T.);
#79=FACE_BOUND('',#437,.T.);
#80=FACE_BOUND('',#438,.T.);
#81=FACE_BOUND('',#439,.T.);
#82=FACE_BOUND('',#440,.T.);
#83=FACE_BOUND('',#441,.T.);
#84=FACE_BOUND('',#442,.T.);
#85=FACE_BOUND('',#443,.T.);
#86=FACE_BOUND('',#444,.T.);
#87=FACE_BOUND('',#445,.T.);
#88=FACE_BOUND('',#446,.T.);
#89=FACE_BOUND('',#447,.T.);
#90=FACE_BOUND('',#448,.T.);
#91=FACE_BOUND('',#449,.T.);
#92=FACE_BOUND('',#450,.T.);
#93=FACE_BOUND('',#451,.T.);
#94=FACE_BOUND('',#452,.T.);
#95=FACE_BOUND('',#453,.T.);
#96=FACE_BOUND('',#454,.T.);
#97=FACE_BOUND('',#455,.T.);
#98=FACE_BOUND('',#456,.T.);
#99=FACE_BOUND('',#457,.T.);
#100=FACE_BOUND('',#458,.T.);
#101=FACE_BOUND('',#459,.T.);
#102=FACE_BOUND('',#460,.T.);
#103=FACE_BOUND('',#461,.T.);
#104=FACE_BOUND('',#462,.T.);
#105=FACE_BOUND('',#463,.T.);
#106=FACE_BOUND('',#464,.T.);
#107=FACE_BOUND('',#465,.T.);
#108=FACE_BOUND('',#466,.T.);
#109=FACE_BOUND('',#467,.T.);
#110=FACE_BOUND('',#468,.T.);
#111=FACE_BOUND('',#469,.T.);
#112=FACE_BOUND('',#470,.T.);
#113=FACE_BOUND('',#471,.T.);
#114=FACE_BOUND('',#472,.T.);
#115=FACE_BOUND('',#473,.T.);
#116=FACE_BOUND('',#474,.T.);
#117=FACE_BOUND('',#475,.T.);
#118=FACE_BOUND('',#476,.T.);
#119=FACE_BOUND('',#477,.T.);
#120=FACE_BOUND('',#478,.T.);
#121=PLANE('',#2538);
#122=PLANE('',#2542);
#123=PLANE('',#2546);
#124=PLANE('',#2550);
#125=PLANE('',#2554);
#126=PLANE('',#2558);
#127=PLANE('',#2562);
#128=PLANE('',#2566);
#129=PLANE('',#2570);
#130=PLANE('',#2574);
#131=PLANE('',#2578);
#132=PLANE('',#2582);
#133=PLANE('',#2586);
#134=PLANE('',#2590);
#135=PLANE('',#2594);
#136=PLANE('',#2598);
#137=PLANE('',#2602);
#138=PLANE('',#2606);
#139=PLANE('',#2610);
#140=PLANE('',#2614);
#141=PLANE('',#2618);
#142=PLANE('',#2622);
#143=PLANE('',#2626);
#144=PLANE('',#2630);
#145=PLANE('',#2634);
#146=PLANE('',#2638);
#147=PLANE('',#2642);
#148=PLANE('',#2646);
#149=PLANE('',#2647);
#150=PLANE('',#2648);
#151=FACE_OUTER_BOUND('',#262,.T.);
#152=FACE_OUTER_BOUND('',#263,.T.);
#153=FACE_OUTER_BOUND('',#264,.T.);
#154=FACE_OUTER_BOUND('',#265,.T.);
#155=FACE_OUTER_BOUND('',#266,.T.);
#156=FACE_OUTER_BOUND('',#267,.T.);
#157=FACE_OUTER_BOUND('',#268,.T.);
#158=FACE_OUTER_BOUND('',#269,.T.);
#159=FACE_OUTER_BOUND('',#270,.T.);
#160=FACE_OUTER_BOUND('',#271,.T.);
#161=FACE_OUTER_BOUND('',#272,.T.);
#162=FACE_OUTER_BOUND('',#273,.T.);
#163=FACE_OUTER_BOUND('',#274,.T.);
#164=FACE_OUTER_BOUND('',#275,.T.);
#165=FACE_OUTER_BOUND('',#276,.T.);
#166=FACE_OUTER_BOUND('',#277,.T.);
#167=FACE_OUTER_BOUND('',#278,.T.);
#168=FACE_OUTER_BOUND('',#279,.T.);
#169=FACE_OUTER_BOUND('',#280,.T.);
#170=FACE_OUTER_BOUND('',#281,.T.);
#171=FACE_OUTER_BOUND('',#282,.T.);
#172=FACE_OUTER_BOUND('',#283,.T.);
#173=FACE_OUTER_BOUND('',#284,.T.);
#174=FACE_OUTER_BOUND('',#285,.T.);
#175=FACE_OUTER_BOUND('',#286,.T.);
#176=FACE_OUTER_BOUND('',#287,.T.);
#177=FACE_OUTER_BOUND('',#288,.T.);
#178=FACE_OUTER_BOUND('',#289,.T.);
#179=FACE_OUTER_BOUND('',#290,.T.);
#180=FACE_OUTER_BOUND('',#291,.T.);
#181=FACE_OUTER_BOUND('',#292,.T.);
#182=FACE_OUTER_BOUND('',#293,.T.);
#183=FACE_OUTER_BOUND('',#294,.T.);
#184=FACE_OUTER_BOUND('',#295,.T.);
#185=FACE_OUTER_BOUND('',#296,.T.);
#186=FACE_OUTER_BOUND('',#297,.T.);
#187=FACE_OUTER_BOUND('',#298,.T.);
#188=FACE_OUTER_BOUND('',#299,.T.);
#189=FACE_OUTER_BOUND('',#300,.T.);
#190=FACE_OUTER_BOUND('',#301,.T.);
#191=FACE_OUTER_BOUND('',#302,.T.);
#192=FACE_OUTER_BOUND('',#303,.T.);
#193=FACE_OUTER_BOUND('',#304,.T.);
#194=FACE_OUTER_BOUND('',#305,.T.);
#195=FACE_OUTER_BOUND('',#306,.T.);
#196=FACE_OUTER_BOUND('',#307,.T.);
#197=FACE_OUTER_BOUND('',#308,.T.);
#198=FACE_OUTER_BOUND('',#309,.T.);
#199=FACE_OUTER_BOUND('',#310,.T.);
#200=FACE_OUTER_BOUND('',#311,.T.);
#201=FACE_OUTER_BOUND('',#312,.T.);
#202=FACE_OUTER_BOUND('',#313,.T.);
#203=FACE_OUTER_BOUND('',#314,.T.);
#204=FACE_OUTER_BOUND('',#315,.T.);
#205=FACE_OUTER_BOUND('',#316,.T.);
#206=FACE_OUTER_BOUND('',#317,.T.);
#207=FACE_OUTER_BOUND('',#318,.T.);
#208=FACE_OUTER_BOUND('',#319,.T.);
#209=FACE_OUTER_BOUND('',#320,.T.);
#210=FACE_OUTER_BOUND('',#321,.T.);
#211=FACE_OUTER_BOUND('',#322,.T.);
#212=FACE_OUTER_BOUND('',#323,.T.);
#213=FACE_OUTER_BOUND('',#324,.T.);
#214=FACE_OUTER_BOUND('',#325,.T.);
#215=FACE_OUTER_BOUND('',#326,.T.);
#216=FACE_OUTER_BOUND('',#327,.T.);
#217=FACE_OUTER_BOUND('',#328,.T.);
#218=FACE_OUTER_BOUND('',#329,.T.);
#219=FACE_OUTER_BOUND('',#330,.T.);
#220=FACE_OUTER_BOUND('',#331,.T.);
#221=FACE_OUTER_BOUND('',#332,.T.);
#222=FACE_OUTER_BOUND('',#333,.T.);
#223=FACE_OUTER_BOUND('',#334,.T.);
#224=FACE_OUTER_BOUND('',#335,.T.);
#225=FACE_OUTER_BOUND('',#336,.T.);
#226=FACE_OUTER_BOUND('',#337,.T.);
#227=FACE_OUTER_BOUND('',#338,.T.);
#228=FACE_OUTER_BOUND('',#339,.T.);
#229=FACE_OUTER_BOUND('',#340,.T.);
#230=FACE_OUTER_BOUND('',#341,.T.);
#231=FACE_OUTER_BOUND('',#342,.T.);
#232=FACE_OUTER_BOUND('',#343,.T.);
#233=FACE_OUTER_BOUND('',#344,.T.);
#234=FACE_OUTER_BOUND('',#345,.T.);
#235=FACE_OUTER_BOUND('',#346,.T.);
#236=FACE_OUTER_BOUND('',#347,.T.);
#237=FACE_OUTER_BOUND('',#348,.T.);
#238=FACE_OUTER_BOUND('',#349,.T.);
#239=FACE_OUTER_BOUND('',#350,.T.);
#240=FACE_OUTER_BOUND('',#351,.T.);
#241=FACE_OUTER_BOUND('',#352,.T.);
#242=FACE_OUTER_BOUND('',#353,.T.);
#243=FACE_OUTER_BOUND('',#354,.T.);
#244=FACE_OUTER_BOUND('',#355,.T.);
#245=FACE_OUTER_BOUND('',#356,.T.);
#246=FACE_OUTER_BOUND('',#357,.T.);
#247=FACE_OUTER_BOUND('',#358,.T.);
#248=FACE_OUTER_BOUND('',#359,.T.);
#249=FACE_OUTER_BOUND('',#360,.T.);
#250=FACE_OUTER_BOUND('',#361,.T.);
#251=FACE_OUTER_BOUND('',#362,.T.);
#252=FACE_OUTER_BOUND('',#363,.T.);
#253=FACE_OUTER_BOUND('',#364,.T.);
#254=FACE_OUTER_BOUND('',#365,.T.);
#255=FACE_OUTER_BOUND('',#366,.T.);
#256=FACE_OUTER_BOUND('',#367,.T.);
#257=FACE_OUTER_BOUND('',#368,.T.);
#258=FACE_OUTER_BOUND('',#369,.T.);
#259=FACE_OUTER_BOUND('',#370,.T.);
#260=FACE_OUTER_BOUND('',#371,.T.);
#261=FACE_OUTER_BOUND('',#425,.T.);
#262=EDGE_LOOP('',(#1516,#1517,#1518,#1519));
#263=EDGE_LOOP('',(#1520,#1521,#1522,#1523));
#264=EDGE_LOOP('',(#1524,#1525,#1526,#1527));
#265=EDGE_LOOP('',(#1528,#1529,#1530,#1531));
#266=EDGE_LOOP('',(#1532,#1533,#1534,#1535));
#267=EDGE_LOOP('',(#1536,#1537,#1538,#1539));
#268=EDGE_LOOP('',(#1540,#1541,#1542,#1543));
#269=EDGE_LOOP('',(#1544,#1545,#1546,#1547));
#270=EDGE_LOOP('',(#1548,#1549,#1550,#1551));
#271=EDGE_LOOP('',(#1552,#1553,#1554,#1555));
#272=EDGE_LOOP('',(#1556,#1557,#1558,#1559));
#273=EDGE_LOOP('',(#1560,#1561,#1562,#1563));
#274=EDGE_LOOP('',(#1564,#1565,#1566,#1567));
#275=EDGE_LOOP('',(#1568,#1569,#1570,#1571));
#276=EDGE_LOOP('',(#1572,#1573,#1574,#1575));
#277=EDGE_LOOP('',(#1576,#1577,#1578,#1579));
#278=EDGE_LOOP('',(#1580,#1581,#1582,#1583));
#279=EDGE_LOOP('',(#1584,#1585,#1586,#1587));
#280=EDGE_LOOP('',(#1588,#1589,#1590,#1591));
#281=EDGE_LOOP('',(#1592,#1593,#1594,#1595));
#282=EDGE_LOOP('',(#1596,#1597,#1598,#1599));
#283=EDGE_LOOP('',(#1600,#1601,#1602,#1603));
#284=EDGE_LOOP('',(#1604,#1605,#1606,#1607));
#285=EDGE_LOOP('',(#1608,#1609,#1610,#1611));
#286=EDGE_LOOP('',(#1612,#1613,#1614,#1615));
#287=EDGE_LOOP('',(#1616,#1617,#1618,#1619));
#288=EDGE_LOOP('',(#1620,#1621,#1622,#1623));
#289=EDGE_LOOP('',(#1624,#1625,#1626,#1627));
#290=EDGE_LOOP('',(#1628,#1629,#1630,#1631));
#291=EDGE_LOOP('',(#1632,#1633,#1634,#1635));
#292=EDGE_LOOP('',(#1636,#1637,#1638,#1639));
#293=EDGE_LOOP('',(#1640,#1641,#1642,#1643));
#294=EDGE_LOOP('',(#1644,#1645,#1646,#1647));
#295=EDGE_LOOP('',(#1648,#1649,#1650,#1651));
#296=EDGE_LOOP('',(#1652,#1653,#1654,#1655));
#297=EDGE_LOOP('',(#1656,#1657,#1658,#1659));
#298=EDGE_LOOP('',(#1660,#1661,#1662,#1663));
#299=EDGE_LOOP('',(#1664,#1665,#1666,#1667));
#300=EDGE_LOOP('',(#1668,#1669,#1670,#1671));
#301=EDGE_LOOP('',(#1672,#1673,#1674,#1675));
#302=EDGE_LOOP('',(#1676,#1677,#1678,#1679));
#303=EDGE_LOOP('',(#1680,#1681,#1682,#1683));
#304=EDGE_LOOP('',(#1684,#1685,#1686,#1687));
#305=EDGE_LOOP('',(#1688,#1689,#1690,#1691));
#306=EDGE_LOOP('',(#1692,#1693,#1694,#1695));
#307=EDGE_LOOP('',(#1696,#1697,#1698,#1699));
#308=EDGE_LOOP('',(#1700,#1701,#1702,#1703));
#309=EDGE_LOOP('',(#1704,#1705,#1706,#1707));
#310=EDGE_LOOP('',(#1708,#1709,#1710,#1711));
#311=EDGE_LOOP('',(#1712,#1713,#1714,#1715));
#312=EDGE_LOOP('',(#1716,#1717,#1718,#1719));
#313=EDGE_LOOP('',(#1720,#1721,#1722,#1723));
#314=EDGE_LOOP('',(#1724,#1725,#1726,#1727));
#315=EDGE_LOOP('',(#1728,#1729,#1730,#1731));
#316=EDGE_LOOP('',(#1732,#1733,#1734,#1735));
#317=EDGE_LOOP('',(#1736,#1737,#1738,#1739));
#318=EDGE_LOOP('',(#1740,#1741,#1742,#1743));
#319=EDGE_LOOP('',(#1744,#1745,#1746,#1747));
#320=EDGE_LOOP('',(#1748,#1749,#1750,#1751));
#321=EDGE_LOOP('',(#1752,#1753,#1754,#1755));
#322=EDGE_LOOP('',(#1756,#1757,#1758,#1759));
#323=EDGE_LOOP('',(#1760,#1761,#1762,#1763));
#324=EDGE_LOOP('',(#1764,#1765,#1766,#1767));
#325=EDGE_LOOP('',(#1768,#1769,#1770,#1771));
#326=EDGE_LOOP('',(#1772,#1773,#1774,#1775));
#327=EDGE_LOOP('',(#1776,#1777,#1778,#1779));
#328=EDGE_LOOP('',(#1780,#1781,#1782,#1783));
#329=EDGE_LOOP('',(#1784,#1785,#1786,#1787));
#330=EDGE_LOOP('',(#1788,#1789,#1790,#1791));
#331=EDGE_LOOP('',(#1792,#1793,#1794,#1795));
#332=EDGE_LOOP('',(#1796,#1797,#1798,#1799));
#333=EDGE_LOOP('',(#1800,#1801,#1802,#1803));
#334=EDGE_LOOP('',(#1804,#1805,#1806,#1807));
#335=EDGE_LOOP('',(#1808,#1809,#1810,#1811));
#336=EDGE_LOOP('',(#1812,#1813,#1814,#1815));
#337=EDGE_LOOP('',(#1816,#1817,#1818,#1819));
#338=EDGE_LOOP('',(#1820,#1821,#1822,#1823));
#339=EDGE_LOOP('',(#1824,#1825,#1826,#1827));
#340=EDGE_LOOP('',(#1828,#1829,#1830,#1831));
#341=EDGE_LOOP('',(#1832,#1833,#1834,#1835));
#342=EDGE_LOOP('',(#1836,#1837,#1838,#1839));
#343=EDGE_LOOP('',(#1840,#1841,#1842,#1843));
#344=EDGE_LOOP('',(#1844,#1845,#1846,#1847));
#345=EDGE_LOOP('',(#1848,#1849,#1850,#1851));
#346=EDGE_LOOP('',(#1852,#1853,#1854,#1855));
#347=EDGE_LOOP('',(#1856,#1857,#1858,#1859));
#348=EDGE_LOOP('',(#1860,#1861,#1862,#1863));
#349=EDGE_LOOP('',(#1864,#1865,#1866,#1867));
#350=EDGE_LOOP('',(#1868,#1869,#1870,#1871));
#351=EDGE_LOOP('',(#1872,#1873,#1874,#1875));
#352=EDGE_LOOP('',(#1876,#1877,#1878,#1879));
#353=EDGE_LOOP('',(#1880,#1881,#1882,#1883));
#354=EDGE_LOOP('',(#1884,#1885,#1886,#1887));
#355=EDGE_LOOP('',(#1888,#1889,#1890,#1891));
#356=EDGE_LOOP('',(#1892,#1893,#1894,#1895));
#357=EDGE_LOOP('',(#1896,#1897,#1898,#1899));
#358=EDGE_LOOP('',(#1900,#1901,#1902,#1903));
#359=EDGE_LOOP('',(#1904,#1905,#1906,#1907));
#360=EDGE_LOOP('',(#1908,#1909,#1910,#1911));
#361=EDGE_LOOP('',(#1912,#1913,#1914,#1915));
#362=EDGE_LOOP('',(#1916,#1917,#1918,#1919));
#363=EDGE_LOOP('',(#1920,#1921,#1922,#1923));
#364=EDGE_LOOP('',(#1924,#1925,#1926,#1927));
#365=EDGE_LOOP('',(#1928,#1929,#1930,#1931));
#366=EDGE_LOOP('',(#1932,#1933,#1934,#1935));
#367=EDGE_LOOP('',(#1936,#1937,#1938,#1939));
#368=EDGE_LOOP('',(#1940,#1941,#1942,#1943));
#369=EDGE_LOOP('',(#1944,#1945,#1946,#1947));
#370=EDGE_LOOP('',(#1948,#1949,#1950,#1951));
#371=EDGE_LOOP('',(#1952,#1953,#1954,#1955,#1956,#1957,#1958,#1959,#1960,
#1961,#1962,#1963,#1964,#1965,#1966,#1967,#1968,#1969,#1970,#1971,#1972,
#1973,#1974,#1975,#1976,#1977,#1978,#1979,#1980,#1981,#1982,#1983,#1984,
#1985,#1986,#1987,#1988,#1989,#1990,#1991,#1992,#1993,#1994,#1995,#1996,
#1997,#1998,#1999,#2000,#2001,#2002,#2003,#2004,#2005,#2006,#2007));
#372=EDGE_LOOP('',(#2008));
#373=EDGE_LOOP('',(#2009));
#374=EDGE_LOOP('',(#2010));
#375=EDGE_LOOP('',(#2011));
#376=EDGE_LOOP('',(#2012));
#377=EDGE_LOOP('',(#2013));
#378=EDGE_LOOP('',(#2014));
#379=EDGE_LOOP('',(#2015));
#380=EDGE_LOOP('',(#2016));
#381=EDGE_LOOP('',(#2017));
#382=EDGE_LOOP('',(#2018));
#383=EDGE_LOOP('',(#2019));
#384=EDGE_LOOP('',(#2020));
#385=EDGE_LOOP('',(#2021));
#386=EDGE_LOOP('',(#2022));
#387=EDGE_LOOP('',(#2023));
#388=EDGE_LOOP('',(#2024));
#389=EDGE_LOOP('',(#2025));
#390=EDGE_LOOP('',(#2026));
#391=EDGE_LOOP('',(#2027));
#392=EDGE_LOOP('',(#2028));
#393=EDGE_LOOP('',(#2029));
#394=EDGE_LOOP('',(#2030));
#395=EDGE_LOOP('',(#2031));
#396=EDGE_LOOP('',(#2032));
#397=EDGE_LOOP('',(#2033));
#398=EDGE_LOOP('',(#2034));
#399=EDGE_LOOP('',(#2035));
#400=EDGE_LOOP('',(#2036));
#401=EDGE_LOOP('',(#2037));
#402=EDGE_LOOP('',(#2038));
#403=EDGE_LOOP('',(#2039));
#404=EDGE_LOOP('',(#2040));
#405=EDGE_LOOP('',(#2041));
#406=EDGE_LOOP('',(#2042));
#407=EDGE_LOOP('',(#2043));
#408=EDGE_LOOP('',(#2044));
#409=EDGE_LOOP('',(#2045));
#410=EDGE_LOOP('',(#2046));
#411=EDGE_LOOP('',(#2047));
#412=EDGE_LOOP('',(#2048));
#413=EDGE_LOOP('',(#2049));
#414=EDGE_LOOP('',(#2050));
#415=EDGE_LOOP('',(#2051));
#416=EDGE_LOOP('',(#2052));
#417=EDGE_LOOP('',(#2053));
#418=EDGE_LOOP('',(#2054));
#419=EDGE_LOOP('',(#2055));
#420=EDGE_LOOP('',(#2056));
#421=EDGE_LOOP('',(#2057));
#422=EDGE_LOOP('',(#2058));
#423=EDGE_LOOP('',(#2059));
#424=EDGE_LOOP('',(#2060));
#425=EDGE_LOOP('',(#2061,#2062,#2063,#2064,#2065,#2066,#2067,#2068,#2069,
#2070,#2071,#2072,#2073,#2074,#2075,#2076,#2077,#2078,#2079,#2080,#2081,
#2082,#2083,#2084,#2085,#2086,#2087,#2088,#2089,#2090,#2091,#2092,#2093,
#2094,#2095,#2096,#2097,#2098,#2099,#2100,#2101,#2102,#2103,#2104,#2105,
#2106,#2107,#2108,#2109,#2110,#2111,#2112,#2113,#2114,#2115,#2116));
#426=EDGE_LOOP('',(#2117));
#427=EDGE_LOOP('',(#2118));
#428=EDGE_LOOP('',(#2119));
#429=EDGE_LOOP('',(#2120));
#430=EDGE_LOOP('',(#2121));
#431=EDGE_LOOP('',(#2122));
#432=EDGE_LOOP('',(#2123));
#433=EDGE_LOOP('',(#2124));
#434=EDGE_LOOP('',(#2125));
#435=EDGE_LOOP('',(#2126));
#436=EDGE_LOOP('',(#2127));
#437=EDGE_LOOP('',(#2128));
#438=EDGE_LOOP('',(#2129));
#439=EDGE_LOOP('',(#2130));
#440=EDGE_LOOP('',(#2131));
#441=EDGE_LOOP('',(#2132));
#442=EDGE_LOOP('',(#2133));
#443=EDGE_LOOP('',(#2134));
#444=EDGE_LOOP('',(#2135));
#445=EDGE_LOOP('',(#2136));
#446=EDGE_LOOP('',(#2137));
#447=EDGE_LOOP('',(#2138));
#448=EDGE_LOOP('',(#2139));
#449=EDGE_LOOP('',(#2140));
#450=EDGE_LOOP('',(#2141));
#451=EDGE_LOOP('',(#2142));
#452=EDGE_LOOP('',(#2143));
#453=EDGE_LOOP('',(#2144));
#454=EDGE_LOOP('',(#2145));
#455=EDGE_LOOP('',(#2146));
#456=EDGE_LOOP('',(#2147));
#457=EDGE_LOOP('',(#2148));
#458=EDGE_LOOP('',(#2149));
#459=EDGE_LOOP('',(#2150));
#460=EDGE_LOOP('',(#2151));
#461=EDGE_LOOP('',(#2152));
#462=EDGE_LOOP('',(#2153));
#463=EDGE_LOOP('',(#2154));
#464=EDGE_LOOP('',(#2155));
#465=EDGE_LOOP('',(#2156));
#466=EDGE_LOOP('',(#2157));
#467=EDGE_LOOP('',(#2158));
#468=EDGE_LOOP('',(#2159));
#469=EDGE_LOOP('',(#2160));
#470=EDGE_LOOP('',(#2161));
#471=EDGE_LOOP('',(#2162));
#472=EDGE_LOOP('',(#2163));
#473=EDGE_LOOP('',(#2164));
#474=EDGE_LOOP('',(#2165));
#475=EDGE_LOOP('',(#2166));
#476=EDGE_LOOP('',(#2167));
#477=EDGE_LOOP('',(#2168));
#478=EDGE_LOOP('',(#2169));
#479=LINE('',#3367,#644);
#480=LINE('',#3373,#645);
#481=LINE('',#3379,#646);
#482=LINE('',#3385,#647);
#483=LINE('',#3391,#648);
#484=LINE('',#3397,#649);
#485=LINE('',#3403,#650);
#486=LINE('',#3409,#651);
#487=LINE('',#3415,#652);
#488=LINE('',#3421,#653);
#489=LINE('',#3427,#654);
#490=LINE('',#3433,#655);
#491=LINE('',#3439,#656);
#492=LINE('',#3445,#657);
#493=LINE('',#3451,#658);
#494=LINE('',#3457,#659);
#495=LINE('',#3463,#660);
#496=LINE('',#3469,#661);
#497=LINE('',#3475,#662);
#498=LINE('',#3481,#663);
#499=LINE('',#3487,#664);
#500=LINE('',#3493,#665);
#501=LINE('',#3499,#666);
#502=LINE('',#3505,#667);
#503=LINE('',#3511,#668);
#504=LINE('',#3517,#669);
#505=LINE('',#3523,#670);
#506=LINE('',#3529,#671);
#507=LINE('',#3535,#672);
#508=LINE('',#3541,#673);
#509=LINE('',#3547,#674);
#510=LINE('',#3553,#675);
#511=LINE('',#3559,#676);
#512=LINE('',#3565,#677);
#513=LINE('',#3571,#678);
#514=LINE('',#3577,#679);
#515=LINE('',#3583,#680);
#516=LINE('',#3589,#681);
#517=LINE('',#3595,#682);
#518=LINE('',#3601,#683);
#519=LINE('',#3607,#684);
#520=LINE('',#3613,#685);
#521=LINE('',#3619,#686);
#522=LINE('',#3625,#687);
#523=LINE('',#3631,#688);
#524=LINE('',#3637,#689);
#525=LINE('',#3643,#690);
#526=LINE('',#3649,#691);
#527=LINE('',#3655,#692);
#528=LINE('',#3661,#693);
#529=LINE('',#3667,#694);
#530=LINE('',#3673,#695);
#531=LINE('',#3679,#696);
#532=LINE('',#3686,#697);
#533=LINE('',#3689,#698);
#534=LINE('',#3692,#699);
#535=LINE('',#3694,#700);
#536=LINE('',#3695,#701);
#537=LINE('',#3701,#702);
#538=LINE('',#3704,#703);
#539=LINE('',#3706,#704);
#540=LINE('',#3707,#705);
#541=LINE('',#3713,#706);
#542=LINE('',#3716,#707);
#543=LINE('',#3718,#708);
#544=LINE('',#3719,#709);
#545=LINE('',#3725,#710);
#546=LINE('',#3728,#711);
#547=LINE('',#3730,#712);
#548=LINE('',#3731,#713);
#549=LINE('',#3737,#714);
#550=LINE('',#3740,#715);
#551=LINE('',#3742,#716);
#552=LINE('',#3743,#717);
#553=LINE('',#3749,#718);
#554=LINE('',#3752,#719);
#555=LINE('',#3754,#720);
#556=LINE('',#3755,#721);
#557=LINE('',#3761,#722);
#558=LINE('',#3764,#723);
#559=LINE('',#3766,#724);
#560=LINE('',#3767,#725);
#561=LINE('',#3773,#726);
#562=LINE('',#3776,#727);
#563=LINE('',#3778,#728);
#564=LINE('',#3779,#729);
#565=LINE('',#3785,#730);
#566=LINE('',#3788,#731);
#567=LINE('',#3790,#732);
#568=LINE('',#3791,#733);
#569=LINE('',#3797,#734);
#570=LINE('',#3800,#735);
#571=LINE('',#3802,#736);
#572=LINE('',#3803,#737);
#573=LINE('',#3809,#738);
#574=LINE('',#3812,#739);
#575=LINE('',#3814,#740);
#576=LINE('',#3815,#741);
#577=LINE('',#3821,#742);
#578=LINE('',#3824,#743);
#579=LINE('',#3826,#744);
#580=LINE('',#3827,#745);
#581=LINE('',#3833,#746);
#582=LINE('',#3836,#747);
#583=LINE('',#3838,#748);
#584=LINE('',#3839,#749);
#585=LINE('',#3845,#750);
#586=LINE('',#3848,#751);
#587=LINE('',#3850,#752);
#588=LINE('',#3851,#753);
#589=LINE('',#3857,#754);
#590=LINE('',#3860,#755);
#591=LINE('',#3862,#756);
#592=LINE('',#3863,#757);
#593=LINE('',#3869,#758);
#594=LINE('',#3872,#759);
#595=LINE('',#3874,#760);
#596=LINE('',#3875,#761);
#597=LINE('',#3881,#762);
#598=LINE('',#3884,#763);
#599=LINE('',#3886,#764);
#600=LINE('',#3887,#765);
#601=LINE('',#3893,#766);
#602=LINE('',#3896,#767);
#603=LINE('',#3898,#768);
#604=LINE('',#3899,#769);
#605=LINE('',#3905,#770);
#606=LINE('',#3908,#771);
#607=LINE('',#3910,#772);
#608=LINE('',#3911,#773);
#609=LINE('',#3917,#774);
#610=LINE('',#3920,#775);
#611=LINE('',#3922,#776);
#612=LINE('',#3923,#777);
#613=LINE('',#3929,#778);
#614=LINE('',#3932,#779);
#615=LINE('',#3934,#780);
#616=LINE('',#3935,#781);
#617=LINE('',#3941,#782);
#618=LINE('',#3944,#783);
#619=LINE('',#3946,#784);
#620=LINE('',#3947,#785);
#621=LINE('',#3953,#786);
#622=LINE('',#3956,#787);
#623=LINE('',#3958,#788);
#624=LINE('',#3959,#789);
#625=LINE('',#3965,#790);
#626=LINE('',#3968,#791);
#627=LINE('',#3970,#792);
#628=LINE('',#3971,#793);
#629=LINE('',#3977,#794);
#630=LINE('',#3980,#795);
#631=LINE('',#3982,#796);
#632=LINE('',#3983,#797);
#633=LINE('',#3989,#798);
#634=LINE('',#3992,#799);
#635=LINE('',#3994,#800);
#636=LINE('',#3995,#801);
#637=LINE('',#4001,#802);
#638=LINE('',#4004,#803);
#639=LINE('',#4006,#804);
#640=LINE('',#4007,#805);
#641=LINE('',#4013,#806);
#642=LINE('',#4015,#807);
#643=LINE('',#4016,#808);
#644=VECTOR('',#2655,2.);
#645=VECTOR('',#2662,2.);
#646=VECTOR('',#2669,2.);
#647=VECTOR('',#2676,2.);
#648=VECTOR('',#2683,2.00000002980232);
#649=VECTOR('',#2690,2.);
#650=VECTOR('',#2697,2.);
#651=VECTOR('',#2704,2.);
#652=VECTOR('',#2711,2.);
#653=VECTOR('',#2718,2.);
#654=VECTOR('',#2725,2.);
#655=VECTOR('',#2732,2.00000002980232);
#656=VECTOR('',#2739,1.99999999999999);
#657=VECTOR('',#2746,2.00000002980232);
#658=VECTOR('',#2753,2.);
#659=VECTOR('',#2760,2.);
#660=VECTOR('',#2767,2.);
#661=VECTOR('',#2774,2.);
#662=VECTOR('',#2781,2.);
#663=VECTOR('',#2788,2.00000002980232);
#664=VECTOR('',#2795,2.);
#665=VECTOR('',#2802,2.);
#666=VECTOR('',#2809,2.);
#667=VECTOR('',#2816,2.);
#668=VECTOR('',#2823,2.);
#669=VECTOR('',#2830,2.);
#670=VECTOR('',#2837,2.);
#671=VECTOR('',#2844,1.99999999999999);
#672=VECTOR('',#2851,2.00000002980232);
#673=VECTOR('',#2858,2.);
#674=VECTOR('',#2865,2.);
#675=VECTOR('',#2872,2.);
#676=VECTOR('',#2879,2.);
#677=VECTOR('',#2886,1.99999999999999);
#678=VECTOR('',#2893,2.);
#679=VECTOR('',#2900,2.00000002980232);
#680=VECTOR('',#2907,2.);
#681=VECTOR('',#2914,2.00000002980232);
#682=VECTOR('',#2921,2.);
#683=VECTOR('',#2928,2.);
#684=VECTOR('',#2935,2.);
#685=VECTOR('',#2942,2.);
#686=VECTOR('',#2949,1.99999999999999);
#687=VECTOR('',#2956,2.00000002980232);
#688=VECTOR('',#2963,2.);
#689=VECTOR('',#2970,2.);
#690=VECTOR('',#2977,2.);
#691=VECTOR('',#2984,2.);
#692=VECTOR('',#2991,2.);
#693=VECTOR('',#2998,2.);
#694=VECTOR('',#3005,2.);
#695=VECTOR('',#3012,2.);
#696=VECTOR('',#3019,8.5);
#697=VECTOR('',#3026,10.);
#698=VECTOR('',#3029,10.);
#699=VECTOR('',#3032,10.);
#700=VECTOR('',#3033,10.);
#701=VECTOR('',#3034,10.);
#702=VECTOR('',#3041,10.);
#703=VECTOR('',#3044,10.);
#704=VECTOR('',#3045,10.);
#705=VECTOR('',#3046,10.);
#706=VECTOR('',#3053,10.);
#707=VECTOR('',#3056,10.);
#708=VECTOR('',#3057,10.);
#709=VECTOR('',#3058,10.);
#710=VECTOR('',#3065,10.);
#711=VECTOR('',#3068,10.);
#712=VECTOR('',#3069,10.);
#713=VECTOR('',#3070,10.);
#714=VECTOR('',#3077,10.);
#715=VECTOR('',#3080,10.);
#716=VECTOR('',#3081,10.);
#717=VECTOR('',#3082,10.);
#718=VECTOR('',#3089,10.);
#719=VECTOR('',#3092,10.);
#720=VECTOR('',#3093,10.);
#721=VECTOR('',#3094,10.);
#722=VECTOR('',#3101,10.);
#723=VECTOR('',#3104,10.);
#724=VECTOR('',#3105,10.);
#725=VECTOR('',#3106,10.);
#726=VECTOR('',#3113,10.);
#727=VECTOR('',#3116,10.);
#728=VECTOR('',#3117,10.);
#729=VECTOR('',#3118,10.);
#730=VECTOR('',#3125,10.);
#731=VECTOR('',#3128,10.);
#732=VECTOR('',#3129,10.);
#733=VECTOR('',#3130,10.);
#734=VECTOR('',#3137,10.);
#735=VECTOR('',#3140,10.);
#736=VECTOR('',#3141,10.);
#737=VECTOR('',#3142,10.);
#738=VECTOR('',#3149,10.);
#739=VECTOR('',#3152,10.);
#740=VECTOR('',#3153,10.);
#741=VECTOR('',#3154,10.);
#742=VECTOR('',#3161,10.);
#743=VECTOR('',#3164,10.);
#744=VECTOR('',#3165,10.);
#745=VECTOR('',#3166,10.);
#746=VECTOR('',#3173,10.);
#747=VECTOR('',#3176,10.);
#748=VECTOR('',#3177,10.);
#749=VECTOR('',#3178,10.);
#750=VECTOR('',#3185,10.);
#751=VECTOR('',#3188,10.);
#752=VECTOR('',#3189,10.);
#753=VECTOR('',#3190,10.);
#754=VECTOR('',#3197,10.);
#755=VECTOR('',#3200,10.);
#756=VECTOR('',#3201,10.);
#757=VECTOR('',#3202,10.);
#758=VECTOR('',#3209,10.);
#759=VECTOR('',#3212,10.);
#760=VECTOR('',#3213,10.);
#761=VECTOR('',#3214,10.);
#762=VECTOR('',#3221,10.);
#763=VECTOR('',#3224,10.);
#764=VECTOR('',#3225,10.);
#765=VECTOR('',#3226,10.);
#766=VECTOR('',#3233,10.);
#767=VECTOR('',#3236,10.);
#768=VECTOR('',#3237,10.);
#769=VECTOR('',#3238,10.);
#770=VECTOR('',#3245,10.);
#771=VECTOR('',#3248,10.);
#772=VECTOR('',#3249,10.);
#773=VECTOR('',#3250,10.);
#774=VECTOR('',#3257,10.);
#775=VECTOR('',#3260,10.);
#776=VECTOR('',#3261,10.);
#777=VECTOR('',#3262,10.);
#778=VECTOR('',#3269,10.);
#779=VECTOR('',#3272,10.);
#780=VECTOR('',#3273,10.);
#781=VECTOR('',#3274,10.);
#782=VECTOR('',#3281,10.);
#783=VECTOR('',#3284,10.);
#784=VECTOR('',#3285,10.);
#785=VECTOR('',#3286,10.);
#786=VECTOR('',#3293,10.);
#787=VECTOR('',#3296,10.);
#788=VECTOR('',#3297,10.);
#789=VECTOR('',#3298,10.);
#790=VECTOR('',#3305,10.);
#791=VECTOR('',#3308,10.);
#792=VECTOR('',#3309,10.);
#793=VECTOR('',#3310,10.);
#794=VECTOR('',#3317,10.);
#795=VECTOR('',#3320,10.);
#796=VECTOR('',#3321,10.);
#797=VECTOR('',#3322,10.);
#798=VECTOR('',#3329,10.);
#799=VECTOR('',#3332,10.);
#800=VECTOR('',#3333,10.);
#801=VECTOR('',#3334,10.);
#802=VECTOR('',#3341,10.);
#803=VECTOR('',#3344,10.);
#804=VECTOR('',#3345,10.);
#805=VECTOR('',#3346,10.);
#806=VECTOR('',#3353,10.);
#807=VECTOR('',#3356,10.);
#808=VECTOR('',#3357,10.);
#809=CIRCLE('',#2377,2.);
#810=CIRCLE('',#2378,2.);
#811=CIRCLE('',#2380,2.);
#812=CIRCLE('',#2381,2.);
#813=CIRCLE('',#2383,2.);
#814=CIRCLE('',#2384,2.);
#815=CIRCLE('',#2386,2.);
#816=CIRCLE('',#2387,2.);
#817=CIRCLE('',#2389,2.00000002980232);
#818=CIRCLE('',#2390,2.00000002980232);
#819=CIRCLE('',#2392,2.);
#820=CIRCLE('',#2393,2.);
#821=CIRCLE('',#2395,2.);
#822=CIRCLE('',#2396,2.);
#823=CIRCLE('',#2398,2.);
#824=CIRCLE('',#2399,2.);
#825=CIRCLE('',#2401,2.);
#826=CIRCLE('',#2402,2.);
#827=CIRCLE('',#2404,2.);
#828=CIRCLE('',#2405,2.);
#829=CIRCLE('',#2407,2.);
#830=CIRCLE('',#2408,2.);
#831=CIRCLE('',#2410,2.00000002980232);
#832=CIRCLE('',#2411,2.00000002980232);
#833=CIRCLE('',#2413,1.99999999999999);
#834=CIRCLE('',#2414,1.99999999999999);
#835=CIRCLE('',#2416,2.00000002980232);
#836=CIRCLE('',#2417,2.00000002980232);
#837=CIRCLE('',#2419,2.);
#838=CIRCLE('',#2420,2.);
#839=CIRCLE('',#2422,2.);
#840=CIRCLE('',#2423,2.);
#841=CIRCLE('',#2425,2.);
#842=CIRCLE('',#2426,2.);
#843=CIRCLE('',#2428,2.);
#844=CIRCLE('',#2429,2.);
#845=CIRCLE('',#2431,2.);
#846=CIRCLE('',#2432,2.);
#847=CIRCLE('',#2434,2.00000002980232);
#848=CIRCLE('',#2435,2.00000002980232);
#849=CIRCLE('',#2437,2.);
#850=CIRCLE('',#2438,2.);
#851=CIRCLE('',#2440,2.);
#852=CIRCLE('',#2441,2.);
#853=CIRCLE('',#2443,2.);
#854=CIRCLE('',#2444,2.);
#855=CIRCLE('',#2446,2.);
#856=CIRCLE('',#2447,2.);
#857=CIRCLE('',#2449,2.);
#858=CIRCLE('',#2450,2.);
#859=CIRCLE('',#2452,2.);
#860=CIRCLE('',#2453,2.);
#861=CIRCLE('',#2455,2.);
#862=CIRCLE('',#2456,2.);
#863=CIRCLE('',#2458,1.99999999999999);
#864=CIRCLE('',#2459,1.99999999999999);
#865=CIRCLE('',#2461,2.00000002980232);
#866=CIRCLE('',#2462,2.00000002980232);
#867=CIRCLE('',#2464,2.);
#868=CIRCLE('',#2465,2.);
#869=CIRCLE('',#2467,2.);
#870=CIRCLE('',#2468,2.);
#871=CIRCLE('',#2470,2.);
#872=CIRCLE('',#2471,2.);
#873=CIRCLE('',#2473,2.);
#874=CIRCLE('',#2474,2.);
#875=CIRCLE('',#2476,1.99999999999999);
#876=CIRCLE('',#2477,1.99999999999999);
#877=CIRCLE('',#2479,2.);
#878=CIRCLE('',#2480,2.);
#879=CIRCLE('',#2482,2.00000002980232);
#880=CIRCLE('',#2483,2.00000002980232);
#881=CIRCLE('',#2485,2.);
#882=CIRCLE('',#2486,2.);
#883=CIRCLE('',#2488,2.00000002980232);
#884=CIRCLE('',#2489,2.00000002980232);
#885=CIRCLE('',#2491,2.);
#886=CIRCLE('',#2492,2.);
#887=CIRCLE('',#2494,2.);
#888=CIRCLE('',#2495,2.);
#889=CIRCLE('',#2497,2.);
#890=CIRCLE('',#2498,2.);
#891=CIRCLE('',#2500,2.);
#892=CIRCLE('',#2501,2.);
#893=CIRCLE('',#2503,1.99999999999999);
#894=CIRCLE('',#2504,1.99999999999999);
#895=CIRCLE('',#2506,2.00000002980232);
#896=CIRCLE('',#2507,2.00000002980232);
#897=CIRCLE('',#2509,2.);
#898=CIRCLE('',#2510,2.);
#899=CIRCLE('',#2512,2.);
#900=CIRCLE('',#2513,2.);
#901=CIRCLE('',#2515,2.);
#902=CIRCLE('',#2516,2.);
#903=CIRCLE('',#2518,2.);
#904=CIRCLE('',#2519,2.);
#905=CIRCLE('',#2521,2.);
#906=CIRCLE('',#2522,2.);
#907=CIRCLE('',#2524,2.);
#908=CIRCLE('',#2525,2.);
#909=CIRCLE('',#2527,2.);
#910=CIRCLE('',#2528,2.);
#911=CIRCLE('',#2530,2.);
#912=CIRCLE('',#2531,2.);
#913=CIRCLE('',#2533,8.5);
#914=CIRCLE('',#2534,8.5);
#915=CIRCLE('',#2536,3.);
#916=CIRCLE('',#2537,3.);
#917=CIRCLE('',#2540,3.);
#918=CIRCLE('',#2541,3.);
#919=CIRCLE('',#2544,3.);
#920=CIRCLE('',#2545,3.);
#921=CIRCLE('',#2548,3.00000000000001);
#922=CIRCLE('',#2549,3.00000000000001);
#923=CIRCLE('',#2552,3.00000000000001);
#924=CIRCLE('',#2553,3.00000000000001);
#925=CIRCLE('',#2556,2.99999999999999);
#926=CIRCLE('',#2557,2.99999999999999);
#927=CIRCLE('',#2560,3.);
#928=CIRCLE('',#2561,3.);
#929=CIRCLE('',#2564,3.);
#930=CIRCLE('',#2565,3.);
#931=CIRCLE('',#2568,2.99999999999999);
#932=CIRCLE('',#2569,2.99999999999999);
#933=CIRCLE('',#2572,3.00000000000001);
#934=CIRCLE('',#2573,3.00000000000001);
#935=CIRCLE('',#2576,3.00000000000001);
#936=CIRCLE('',#2577,3.00000000000001);
#937=CIRCLE('',#2580,3.00000000000001);
#938=CIRCLE('',#2581,3.00000000000001);
#939=CIRCLE('',#2584,3.);
#940=CIRCLE('',#2585,3.);
#941=CIRCLE('',#2588,3.);
#942=CIRCLE('',#2589,3.);
#943=CIRCLE('',#2592,3.00000000000001);
#944=CIRCLE('',#2593,3.00000000000001);
#945=CIRCLE('',#2596,3.);
#946=CIRCLE('',#2597,3.);
#947=CIRCLE('',#2600,2.99999999999998);
#948=CIRCLE('',#2601,2.99999999999998);
#949=CIRCLE('',#2604,3.00000000000001);
#950=CIRCLE('',#2605,3.00000000000001);
#951=CIRCLE('',#2608,3.00000000000002);
#952=CIRCLE('',#2609,3.00000000000002);
#953=CIRCLE('',#2612,3.00000000000001);
#954=CIRCLE('',#2613,3.00000000000001);
#955=CIRCLE('',#2616,3.);
#956=CIRCLE('',#2617,3.);
#957=CIRCLE('',#2620,3.);
#958=CIRCLE('',#2621,3.);
#959=CIRCLE('',#2624,3.00000000000001);
#960=CIRCLE('',#2625,3.00000000000001);
#961=CIRCLE('',#2628,3.00000000000002);
#962=CIRCLE('',#2629,3.00000000000002);
#963=CIRCLE('',#2632,3.00000000000001);
#964=CIRCLE('',#2633,3.00000000000001);
#965=CIRCLE('',#2636,2.99999999999998);
#966=CIRCLE('',#2637,2.99999999999998);
#967=CIRCLE('',#2640,3.);
#968=CIRCLE('',#2641,3.);
#969=CIRCLE('',#2644,3.00000000000001);
#970=CIRCLE('',#2645,3.00000000000001);
#971=VERTEX_POINT('',#3364);
#972=VERTEX_POINT('',#3366);
#973=VERTEX_POINT('',#3370);
#974=VERTEX_POINT('',#3372);
#975=VERTEX_POINT('',#3376);
#976=VERTEX_POINT('',#3378);
#977=VERTEX_POINT('',#3382);
#978=VERTEX_POINT('',#3384);
#979=VERTEX_POINT('',#3388);
#980=VERTEX_POINT('',#3390);
#981=VERTEX_POINT('',#3394);
#982=VERTEX_POINT('',#3396);
#983=VERTEX_POINT('',#3400);
#984=VERTEX_POINT('',#3402);
#985=VERTEX_POINT('',#3406);
#986=VERTEX_POINT('',#3408);
#987=VERTEX_POINT('',#3412);
#988=VERTEX_POINT('',#3414);
#989=VERTEX_POINT('',#3418);
#990=VERTEX_POINT('',#3420);
#991=VERTEX_POINT('',#3424);
#992=VERTEX_POINT('',#3426);
#993=VERTEX_POINT('',#3430);
#994=VERTEX_POINT('',#3432);
#995=VERTEX_POINT('',#3436);
#996=VERTEX_POINT('',#3438);
#997=VERTEX_POINT('',#3442);
#998=VERTEX_POINT('',#3444);
#999=VERTEX_POINT('',#3448);
#1000=VERTEX_POINT('',#3450);
#1001=VERTEX_POINT('',#3454);
#1002=VERTEX_POINT('',#3456);
#1003=VERTEX_POINT('',#3460);
#1004=VERTEX_POINT('',#3462);
#1005=VERTEX_POINT('',#3466);
#1006=VERTEX_POINT('',#3468);
#1007=VERTEX_POINT('',#3472);
#1008=VERTEX_POINT('',#3474);
#1009=VERTEX_POINT('',#3478);
#1010=VERTEX_POINT('',#3480);
#1011=VERTEX_POINT('',#3484);
#1012=VERTEX_POINT('',#3486);
#1013=VERTEX_POINT('',#3490);
#1014=VERTEX_POINT('',#3492);
#1015=VERTEX_POINT('',#3496);
#1016=VERTEX_POINT('',#3498);
#1017=VERTEX_POINT('',#3502);
#1018=VERTEX_POINT('',#3504);
#1019=VERTEX_POINT('',#3508);
#1020=VERTEX_POINT('',#3510);
#1021=VERTEX_POINT('',#3514);
#1022=VERTEX_POINT('',#3516);
#1023=VERTEX_POINT('',#3520);
#1024=VERTEX_POINT('',#3522);
#1025=VERTEX_POINT('',#3526);
#1026=VERTEX_POINT('',#3528);
#1027=VERTEX_POINT('',#3532);
#1028=VERTEX_POINT('',#3534);
#1029=VERTEX_POINT('',#3538);
#1030=VERTEX_POINT('',#3540);
#1031=VERTEX_POINT('',#3544);
#1032=VERTEX_POINT('',#3546);
#1033=VERTEX_POINT('',#3550);
#1034=VERTEX_POINT('',#3552);
#1035=VERTEX_POINT('',#3556);
#1036=VERTEX_POINT('',#3558);
#1037=VERTEX_POINT('',#3562);
#1038=VERTEX_POINT('',#3564);
#1039=VERTEX_POINT('',#3568);
#1040=VERTEX_POINT('',#3570);
#1041=VERTEX_POINT('',#3574);
#1042=VERTEX_POINT('',#3576);
#1043=VERTEX_POINT('',#3580);
#1044=VERTEX_POINT('',#3582);
#1045=VERTEX_POINT('',#3586);
#1046=VERTEX_POINT('',#3588);
#1047=VERTEX_POINT('',#3592);
#1048=VERTEX_POINT('',#3594);
#1049=VERTEX_POINT('',#3598);
#1050=VERTEX_POINT('',#3600);
#1051=VERTEX_POINT('',#3604);
#1052=VERTEX_POINT('',#3606);
#1053=VERTEX_POINT('',#3610);
#1054=VERTEX_POINT('',#3612);
#1055=VERTEX_POINT('',#3616);
#1056=VERTEX_POINT('',#3618);
#1057=VERTEX_POINT('',#3622);
#1058=VERTEX_POINT('',#3624);
#1059=VERTEX_POINT('',#3628);
#1060=VERTEX_POINT('',#3630);
#1061=VERTEX_POINT('',#3634);
#1062=VERTEX_POINT('',#3636);
#1063=VERTEX_POINT('',#3640);
#1064=VERTEX_POINT('',#3642);
#1065=VERTEX_POINT('',#3646);
#1066=VERTEX_POINT('',#3648);
#1067=VERTEX_POINT('',#3652);
#1068=VERTEX_POINT('',#3654);
#1069=VERTEX_POINT('',#3658);
#1070=VERTEX_POINT('',#3660);
#1071=VERTEX_POINT('',#3664);
#1072=VERTEX_POINT('',#3666);
#1073=VERTEX_POINT('',#3670);
#1074=VERTEX_POINT('',#3672);
#1075=VERTEX_POINT('',#3676);
#1076=VERTEX_POINT('',#3678);
#1077=VERTEX_POINT('',#3682);
#1078=VERTEX_POINT('',#3683);
#1079=VERTEX_POINT('',#3685);
#1080=VERTEX_POINT('',#3687);
#1081=VERTEX_POINT('',#3691);
#1082=VERTEX_POINT('',#3693);
#1083=VERTEX_POINT('',#3697);
#1084=VERTEX_POINT('',#3699);
#1085=VERTEX_POINT('',#3703);
#1086=VERTEX_POINT('',#3705);
#1087=VERTEX_POINT('',#3709);
#1088=VERTEX_POINT('',#3711);
#1089=VERTEX_POINT('',#3715);
#1090=VERTEX_POINT('',#3717);
#1091=VERTEX_POINT('',#3721);
#1092=VERTEX_POINT('',#3723);
#1093=VERTEX_POINT('',#3727);
#1094=VERTEX_POINT('',#3729);
#1095=VERTEX_POINT('',#3733);
#1096=VERTEX_POINT('',#3735);
#1097=VERTEX_POINT('',#3739);
#1098=VERTEX_POINT('',#3741);
#1099=VERTEX_POINT('',#3745);
#1100=VERTEX_POINT('',#3747);
#1101=VERTEX_POINT('',#3751);
#1102=VERTEX_POINT('',#3753);
#1103=VERTEX_POINT('',#3757);
#1104=VERTEX_POINT('',#3759);
#1105=VERTEX_POINT('',#3763);
#1106=VERTEX_POINT('',#3765);
#1107=VERTEX_POINT('',#3769);
#1108=VERTEX_POINT('',#3771);
#1109=VERTEX_POINT('',#3775);
#1110=VERTEX_POINT('',#3777);
#1111=VERTEX_POINT('',#3781);
#1112=VERTEX_POINT('',#3783);
#1113=VERTEX_POINT('',#3787);
#1114=VERTEX_POINT('',#3789);
#1115=VERTEX_POINT('',#3793);
#1116=VERTEX_POINT('',#3795);
#1117=VERTEX_POINT('',#3799);
#1118=VERTEX_POINT('',#3801);
#1119=VERTEX_POINT('',#3805);
#1120=VERTEX_POINT('',#3807);
#1121=VERTEX_POINT('',#3811);
#1122=VERTEX_POINT('',#3813);
#1123=VERTEX_POINT('',#3817);
#1124=VERTEX_POINT('',#3819);
#1125=VERTEX_POINT('',#3823);
#1126=VERTEX_POINT('',#3825);
#1127=VERTEX_POINT('',#3829);
#1128=VERTEX_POINT('',#3831);
#1129=VERTEX_POINT('',#3835);
#1130=VERTEX_POINT('',#3837);
#1131=VERTEX_POINT('',#3841);
#1132=VERTEX_POINT('',#3843);
#1133=VERTEX_POINT('',#3847);
#1134=VERTEX_POINT('',#3849);
#1135=VERTEX_POINT('',#3853);
#1136=VERTEX_POINT('',#3855);
#1137=VERTEX_POINT('',#3859);
#1138=VERTEX_POINT('',#3861);
#1139=VERTEX_POINT('',#3865);
#1140=VERTEX_POINT('',#3867);
#1141=VERTEX_POINT('',#3871);
#1142=VERTEX_POINT('',#3873);
#1143=VERTEX_POINT('',#3877);
#1144=VERTEX_POINT('',#3879);
#1145=VERTEX_POINT('',#3883);
#1146=VERTEX_POINT('',#3885);
#1147=VERTEX_POINT('',#3889);
#1148=VERTEX_POINT('',#3891);
#1149=VERTEX_POINT('',#3895);
#1150=VERTEX_POINT('',#3897);
#1151=VERTEX_POINT('',#3901);
#1152=VERTEX_POINT('',#3903);
#1153=VERTEX_POINT('',#3907);
#1154=VERTEX_POINT('',#3909);
#1155=VERTEX_POINT('',#3913);
#1156=VERTEX_POINT('',#3915);
#1157=VERTEX_POINT('',#3919);
#1158=VERTEX_POINT('',#3921);
#1159=VERTEX_POINT('',#3925);
#1160=VERTEX_POINT('',#3927);
#1161=VERTEX_POINT('',#3931);
#1162=VERTEX_POINT('',#3933);
#1163=VERTEX_POINT('',#3937);
#1164=VERTEX_POINT('',#3939);
#1165=VERTEX_POINT('',#3943);
#1166=VERTEX_POINT('',#3945);
#1167=VERTEX_POINT('',#3949);
#1168=VERTEX_POINT('',#3951);
#1169=VERTEX_POINT('',#3955);
#1170=VERTEX_POINT('',#3957);
#1171=VERTEX_POINT('',#3961);
#1172=VERTEX_POINT('',#3963);
#1173=VERTEX_POINT('',#3967);
#1174=VERTEX_POINT('',#3969);
#1175=VERTEX_POINT('',#3973);
#1176=VERTEX_POINT('',#3975);
#1177=VERTEX_POINT('',#3979);
#1178=VERTEX_POINT('',#3981);
#1179=VERTEX_POINT('',#3985);
#1180=VERTEX_POINT('',#3987);
#1181=VERTEX_POINT('',#3991);
#1182=VERTEX_POINT('',#3993);
#1183=VERTEX_POINT('',#3997);
#1184=VERTEX_POINT('',#3999);
#1185=VERTEX_POINT('',#4003);
#1186=VERTEX_POINT('',#4005);
#1187=VERTEX_POINT('',#4009);
#1188=VERTEX_POINT('',#4011);
#1189=EDGE_CURVE('',#971,#971,#809,.T.);
#1190=EDGE_CURVE('',#971,#972,#479,.T.);
#1191=EDGE_CURVE('',#972,#972,#810,.T.);
#1192=EDGE_CURVE('',#973,#973,#811,.T.);
#1193=EDGE_CURVE('',#973,#974,#480,.T.);
#1194=EDGE_CURVE('',#974,#974,#812,.T.);
#1195=EDGE_CURVE('',#975,#975,#813,.T.);
#1196=EDGE_CURVE('',#975,#976,#481,.T.);
#1197=EDGE_CURVE('',#976,#976,#814,.T.);
#1198=EDGE_CURVE('',#977,#977,#815,.T.);
#1199=EDGE_CURVE('',#977,#978,#482,.T.);
#1200=EDGE_CURVE('',#978,#978,#816,.T.);
#1201=EDGE_CURVE('',#979,#979,#817,.T.);
#1202=EDGE_CURVE('',#979,#980,#483,.T.);
#1203=EDGE_CURVE('',#980,#980,#818,.T.);
#1204=EDGE_CURVE('',#981,#981,#819,.T.);
#1205=EDGE_CURVE('',#981,#982,#484,.T.);
#1206=EDGE_CURVE('',#982,#982,#820,.T.);
#1207=EDGE_CURVE('',#983,#983,#821,.T.);
#1208=EDGE_CURVE('',#983,#984,#485,.T.);
#1209=EDGE_CURVE('',#984,#984,#822,.T.);
#1210=EDGE_CURVE('',#985,#985,#823,.T.);
#1211=EDGE_CURVE('',#985,#986,#486,.T.);
#1212=EDGE_CURVE('',#986,#986,#824,.T.);
#1213=EDGE_CURVE('',#987,#987,#825,.T.);
#1214=EDGE_CURVE('',#987,#988,#487,.T.);
#1215=EDGE_CURVE('',#988,#988,#826,.T.);
#1216=EDGE_CURVE('',#989,#989,#827,.T.);
#1217=EDGE_CURVE('',#989,#990,#488,.T.);
#1218=EDGE_CURVE('',#990,#990,#828,.T.);
#1219=EDGE_CURVE('',#991,#991,#829,.T.);
#1220=EDGE_CURVE('',#991,#992,#489,.T.);
#1221=EDGE_CURVE('',#992,#992,#830,.T.);
#1222=EDGE_CURVE('',#993,#993,#831,.T.);
#1223=EDGE_CURVE('',#993,#994,#490,.T.);
#1224=EDGE_CURVE('',#994,#994,#832,.T.);
#1225=EDGE_CURVE('',#995,#995,#833,.T.);
#1226=EDGE_CURVE('',#995,#996,#491,.T.);
#1227=EDGE_CURVE('',#996,#996,#834,.T.);
#1228=EDGE_CURVE('',#997,#997,#835,.T.);
#1229=EDGE_CURVE('',#997,#998,#492,.T.);
#1230=EDGE_CURVE('',#998,#998,#836,.T.);
#1231=EDGE_CURVE('',#999,#999,#837,.T.);
#1232=EDGE_CURVE('',#999,#1000,#493,.T.);
#1233=EDGE_CURVE('',#1000,#1000,#838,.T.);
#1234=EDGE_CURVE('',#1001,#1001,#839,.T.);
#1235=EDGE_CURVE('',#1001,#1002,#494,.T.);
#1236=EDGE_CURVE('',#1002,#1002,#840,.T.);
#1237=EDGE_CURVE('',#1003,#1003,#841,.T.);
#1238=EDGE_CURVE('',#1003,#1004,#495,.T.);
#1239=EDGE_CURVE('',#1004,#1004,#842,.T.);
#1240=EDGE_CURVE('',#1005,#1005,#843,.T.);
#1241=EDGE_CURVE('',#1005,#1006,#496,.T.);
#1242=EDGE_CURVE('',#1006,#1006,#844,.T.);
#1243=EDGE_CURVE('',#1007,#1007,#845,.T.);
#1244=EDGE_CURVE('',#1007,#1008,#497,.T.);
#1245=EDGE_CURVE('',#1008,#1008,#846,.T.);
#1246=EDGE_CURVE('',#1009,#1009,#847,.T.);
#1247=EDGE_CURVE('',#1009,#1010,#498,.T.);
#1248=EDGE_CURVE('',#1010,#1010,#848,.T.);
#1249=EDGE_CURVE('',#1011,#1011,#849,.T.);
#1250=EDGE_CURVE('',#1011,#1012,#499,.T.);
#1251=EDGE_CURVE('',#1012,#1012,#850,.T.);
#1252=EDGE_CURVE('',#1013,#1013,#851,.T.);
#1253=EDGE_CURVE('',#1013,#1014,#500,.T.);
#1254=EDGE_CURVE('',#1014,#1014,#852,.T.);
#1255=EDGE_CURVE('',#1015,#1015,#853,.T.);
#1256=EDGE_CURVE('',#1015,#1016,#501,.T.);
#1257=EDGE_CURVE('',#1016,#1016,#854,.T.);
#1258=EDGE_CURVE('',#1017,#1017,#855,.T.);
#1259=EDGE_CURVE('',#1017,#1018,#502,.T.);
#1260=EDGE_CURVE('',#1018,#1018,#856,.T.);
#1261=EDGE_CURVE('',#1019,#1019,#857,.T.);
#1262=EDGE_CURVE('',#1019,#1020,#503,.T.);
#1263=EDGE_CURVE('',#1020,#1020,#858,.T.);
#1264=EDGE_CURVE('',#1021,#1021,#859,.T.);
#1265=EDGE_CURVE('',#1021,#1022,#504,.T.);
#1266=EDGE_CURVE('',#1022,#1022,#860,.T.);
#1267=EDGE_CURVE('',#1023,#1023,#861,.T.);
#1268=EDGE_CURVE('',#1023,#1024,#505,.T.);
#1269=EDGE_CURVE('',#1024,#1024,#862,.T.);
#1270=EDGE_CURVE('',#1025,#1025,#863,.T.);
#1271=EDGE_CURVE('',#1025,#1026,#506,.T.);
#1272=EDGE_CURVE('',#1026,#1026,#864,.T.);
#1273=EDGE_CURVE('',#1027,#1027,#865,.T.);
#1274=EDGE_CURVE('',#1027,#1028,#507,.T.);
#1275=EDGE_CURVE('',#1028,#1028,#866,.T.);
#1276=EDGE_CURVE('',#1029,#1029,#867,.T.);
#1277=EDGE_CURVE('',#1029,#1030,#508,.T.);
#1278=EDGE_CURVE('',#1030,#1030,#868,.T.);
#1279=EDGE_CURVE('',#1031,#1031,#869,.T.);
#1280=EDGE_CURVE('',#1031,#1032,#509,.T.);
#1281=EDGE_CURVE('',#1032,#1032,#870,.T.);
#1282=EDGE_CURVE('',#1033,#1033,#871,.T.);
#1283=EDGE_CURVE('',#1033,#1034,#510,.T.);
#1284=EDGE_CURVE('',#1034,#1034,#872,.T.);
#1285=EDGE_CURVE('',#1035,#1035,#873,.T.);
#1286=EDGE_CURVE('',#1035,#1036,#511,.T.);
#1287=EDGE_CURVE('',#1036,#1036,#874,.T.);
#1288=EDGE_CURVE('',#1037,#1037,#875,.T.);
#1289=EDGE_CURVE('',#1037,#1038,#512,.T.);
#1290=EDGE_CURVE('',#1038,#1038,#876,.T.);
#1291=EDGE_CURVE('',#1039,#1039,#877,.T.);
#1292=EDGE_CURVE('',#1039,#1040,#513,.T.);
#1293=EDGE_CURVE('',#1040,#1040,#878,.T.);
#1294=EDGE_CURVE('',#1041,#1041,#879,.T.);
#1295=EDGE_CURVE('',#1041,#1042,#514,.T.);
#1296=EDGE_CURVE('',#1042,#1042,#880,.T.);
#1297=EDGE_CURVE('',#1043,#1043,#881,.T.);
#1298=EDGE_CURVE('',#1043,#1044,#515,.T.);
#1299=EDGE_CURVE('',#1044,#1044,#882,.T.);
#1300=EDGE_CURVE('',#1045,#1045,#883,.T.);
#1301=EDGE_CURVE('',#1045,#1046,#516,.T.);
#1302=EDGE_CURVE('',#1046,#1046,#884,.T.);
#1303=EDGE_CURVE('',#1047,#1047,#885,.T.);
#1304=EDGE_CURVE('',#1047,#1048,#517,.T.);
#1305=EDGE_CURVE('',#1048,#1048,#886,.T.);
#1306=EDGE_CURVE('',#1049,#1049,#887,.T.);
#1307=EDGE_CURVE('',#1049,#1050,#518,.T.);
#1308=EDGE_CURVE('',#1050,#1050,#888,.T.);
#1309=EDGE_CURVE('',#1051,#1051,#889,.T.);
#1310=EDGE_CURVE('',#1051,#1052,#519,.T.);
#1311=EDGE_CURVE('',#1052,#1052,#890,.T.);
#1312=EDGE_CURVE('',#1053,#1053,#891,.T.);
#1313=EDGE_CURVE('',#1053,#1054,#520,.T.);
#1314=EDGE_CURVE('',#1054,#1054,#892,.T.);
#1315=EDGE_CURVE('',#1055,#1055,#893,.T.);
#1316=EDGE_CURVE('',#1055,#1056,#521,.T.);
#1317=EDGE_CURVE('',#1056,#1056,#894,.T.);
#1318=EDGE_CURVE('',#1057,#1057,#895,.T.);
#1319=EDGE_CURVE('',#1057,#1058,#522,.T.);
#1320=EDGE_CURVE('',#1058,#1058,#896,.T.);
#1321=EDGE_CURVE('',#1059,#1059,#897,.T.);
#1322=EDGE_CURVE('',#1059,#1060,#523,.T.);
#1323=EDGE_CURVE('',#1060,#1060,#898,.T.);
#1324=EDGE_CURVE('',#1061,#1061,#899,.T.);
#1325=EDGE_CURVE('',#1061,#1062,#524,.T.);
#1326=EDGE_CURVE('',#1062,#1062,#900,.T.);
#1327=EDGE_CURVE('',#1063,#1063,#901,.T.);
#1328=EDGE_CURVE('',#1063,#1064,#525,.T.);
#1329=EDGE_CURVE('',#1064,#1064,#902,.T.);
#1330=EDGE_CURVE('',#1065,#1065,#903,.T.);
#1331=EDGE_CURVE('',#1065,#1066,#526,.T.);
#1332=EDGE_CURVE('',#1066,#1066,#904,.T.);
#1333=EDGE_CURVE('',#1067,#1067,#905,.T.);
#1334=EDGE_CURVE('',#1067,#1068,#527,.T.);
#1335=EDGE_CURVE('',#1068,#1068,#906,.T.);
#1336=EDGE_CURVE('',#1069,#1069,#907,.T.);
#1337=EDGE_CURVE('',#1069,#1070,#528,.T.);
#1338=EDGE_CURVE('',#1070,#1070,#908,.T.);
#1339=EDGE_CURVE('',#1071,#1071,#909,.T.);
#1340=EDGE_CURVE('',#1071,#1072,#529,.T.);
#1341=EDGE_CURVE('',#1072,#1072,#910,.T.);
#1342=EDGE_CURVE('',#1073,#1073,#911,.T.);
#1343=EDGE_CURVE('',#1073,#1074,#530,.T.);
#1344=EDGE_CURVE('',#1074,#1074,#912,.T.);
#1345=EDGE_CURVE('',#1075,#1075,#913,.T.);
#1346=EDGE_CURVE('',#1075,#1076,#531,.T.);
#1347=EDGE_CURVE('',#1076,#1076,#914,.T.);
#1348=EDGE_CURVE('',#1077,#1078,#915,.T.);
#1349=EDGE_CURVE('',#1077,#1079,#532,.T.);
#1350=EDGE_CURVE('',#1080,#1079,#916,.T.);
#1351=EDGE_CURVE('',#1078,#1080,#533,.T.);
#1352=EDGE_CURVE('',#1081,#1078,#534,.T.);
#1353=EDGE_CURVE('',#1082,#1080,#535,.T.);
#1354=EDGE_CURVE('',#1081,#1082,#536,.T.);
#1355=EDGE_CURVE('',#1083,#1081,#917,.T.);
#1356=EDGE_CURVE('',#1084,#1082,#918,.T.);
#1357=EDGE_CURVE('',#1083,#1084,#537,.T.);
#1358=EDGE_CURVE('',#1085,#1083,#538,.T.);
#1359=EDGE_CURVE('',#1086,#1084,#539,.T.);
#1360=EDGE_CURVE('',#1085,#1086,#540,.T.);
#1361=EDGE_CURVE('',#1087,#1085,#919,.T.);
#1362=EDGE_CURVE('',#1088,#1086,#920,.T.);
#1363=EDGE_CURVE('',#1087,#1088,#541,.T.);
#1364=EDGE_CURVE('',#1089,#1087,#542,.T.);
#1365=EDGE_CURVE('',#1090,#1088,#543,.T.);
#1366=EDGE_CURVE('',#1089,#1090,#544,.T.);
#1367=EDGE_CURVE('',#1089,#1091,#921,.T.);
#1368=EDGE_CURVE('',#1092,#1090,#922,.T.);
#1369=EDGE_CURVE('',#1091,#1092,#545,.T.);
#1370=EDGE_CURVE('',#1093,#1091,#546,.T.);
#1371=EDGE_CURVE('',#1094,#1092,#547,.T.);
#1372=EDGE_CURVE('',#1093,#1094,#548,.T.);
#1373=EDGE_CURVE('',#1095,#1093,#923,.T.);
#1374=EDGE_CURVE('',#1096,#1094,#924,.T.);
#1375=EDGE_CURVE('',#1095,#1096,#549,.T.);
#1376=EDGE_CURVE('',#1097,#1095,#550,.T.);
#1377=EDGE_CURVE('',#1098,#1096,#551,.T.);
#1378=EDGE_CURVE('',#1097,#1098,#552,.T.);
#1379=EDGE_CURVE('',#1099,#1097,#925,.T.);
#1380=EDGE_CURVE('',#1100,#1098,#926,.T.);
#1381=EDGE_CURVE('',#1099,#1100,#553,.T.);
#1382=EDGE_CURVE('',#1101,#1099,#554,.T.);
#1383=EDGE_CURVE('',#1102,#1100,#555,.T.);
#1384=EDGE_CURVE('',#1101,#1102,#556,.T.);
#1385=EDGE_CURVE('',#1101,#1103,#927,.T.);
#1386=EDGE_CURVE('',#1104,#1102,#928,.T.);
#1387=EDGE_CURVE('',#1103,#1104,#557,.T.);
#1388=EDGE_CURVE('',#1103,#1105,#558,.T.);
#1389=EDGE_CURVE('',#1106,#1104,#559,.T.);
#1390=EDGE_CURVE('',#1105,#1106,#560,.T.);
#1391=EDGE_CURVE('',#1105,#1107,#929,.T.);
#1392=EDGE_CURVE('',#1108,#1106,#930,.T.);
#1393=EDGE_CURVE('',#1107,#1108,#561,.T.);
#1394=EDGE_CURVE('',#1107,#1109,#562,.T.);
#1395=EDGE_CURVE('',#1110,#1108,#563,.T.);
#1396=EDGE_CURVE('',#1109,#1110,#564,.T.);
#1397=EDGE_CURVE('',#1111,#1109,#931,.T.);
#1398=EDGE_CURVE('',#1112,#1110,#932,.T.);
#1399=EDGE_CURVE('',#1111,#1112,#565,.T.);
#1400=EDGE_CURVE('',#1111,#1113,#566,.T.);
#1401=EDGE_CURVE('',#1114,#1112,#567,.T.);
#1402=EDGE_CURVE('',#1113,#1114,#568,.T.);
#1403=EDGE_CURVE('',#1115,#1113,#933,.T.);
#1404=EDGE_CURVE('',#1116,#1114,#934,.T.);
#1405=EDGE_CURVE('',#1115,#1116,#569,.T.);
#1406=EDGE_CURVE('',#1115,#1117,#570,.T.);
#1407=EDGE_CURVE('',#1118,#1116,#571,.T.);
#1408=EDGE_CURVE('',#1117,#1118,#572,.T.);
#1409=EDGE_CURVE('',#1117,#1119,#935,.T.);
#1410=EDGE_CURVE('',#1120,#1118,#936,.T.);
#1411=EDGE_CURVE('',#1119,#1120,#573,.T.);
#1412=EDGE_CURVE('',#1119,#1121,#574,.T.);
#1413=EDGE_CURVE('',#1122,#1120,#575,.T.);
#1414=EDGE_CURVE('',#1121,#1122,#576,.T.);
#1415=EDGE_CURVE('',#1123,#1121,#937,.T.);
#1416=EDGE_CURVE('',#1124,#1122,#938,.T.);
#1417=EDGE_CURVE('',#1123,#1124,#577,.T.);
#1418=EDGE_CURVE('',#1123,#1125,#578,.T.);
#1419=EDGE_CURVE('',#1126,#1124,#579,.T.);
#1420=EDGE_CURVE('',#1125,#1126,#580,.T.);
#1421=EDGE_CURVE('',#1127,#1125,#939,.T.);
#1422=EDGE_CURVE('',#1128,#1126,#940,.T.);
#1423=EDGE_CURVE('',#1127,#1128,#581,.T.);
#1424=EDGE_CURVE('',#1127,#1129,#582,.T.);
#1425=EDGE_CURVE('',#1130,#1128,#583,.T.);
#1426=EDGE_CURVE('',#1129,#1130,#584,.T.);
#1427=EDGE_CURVE('',#1129,#1131,#941,.T.);
#1428=EDGE_CURVE('',#1132,#1130,#942,.T.);
#1429=EDGE_CURVE('',#1131,#1132,#585,.T.);
#1430=EDGE_CURVE('',#1131,#1133,#586,.T.);
#1431=EDGE_CURVE('',#1134,#1132,#587,.T.);
#1432=EDGE_CURVE('',#1133,#1134,#588,.T.);
#1433=EDGE_CURVE('',#1133,#1135,#943,.T.);
#1434=EDGE_CURVE('',#1136,#1134,#944,.T.);
#1435=EDGE_CURVE('',#1135,#1136,#589,.T.);
#1436=EDGE_CURVE('',#1135,#1137,#590,.T.);
#1437=EDGE_CURVE('',#1138,#1136,#591,.T.);
#1438=EDGE_CURVE('',#1137,#1138,#592,.T.);
#1439=EDGE_CURVE('',#1139,#1137,#945,.T.);
#1440=EDGE_CURVE('',#1140,#1138,#946,.T.);
#1441=EDGE_CURVE('',#1139,#1140,#593,.T.);
#1442=EDGE_CURVE('',#1139,#1141,#594,.T.);
#1443=EDGE_CURVE('',#1142,#1140,#595,.T.);
#1444=EDGE_CURVE('',#1141,#1142,#596,.T.);
#1445=EDGE_CURVE('',#1143,#1141,#947,.T.);
#1446=EDGE_CURVE('',#1144,#1142,#948,.T.);
#1447=EDGE_CURVE('',#1143,#1144,#597,.T.);
#1448=EDGE_CURVE('',#1143,#1145,#598,.T.);
#1449=EDGE_CURVE('',#1146,#1144,#599,.T.);
#1450=EDGE_CURVE('',#1145,#1146,#600,.T.);
#1451=EDGE_CURVE('',#1145,#1147,#949,.T.);
#1452=EDGE_CURVE('',#1148,#1146,#950,.T.);
#1453=EDGE_CURVE('',#1147,#1148,#601,.T.);
#1454=EDGE_CURVE('',#1147,#1149,#602,.T.);
#1455=EDGE_CURVE('',#1150,#1148,#603,.T.);
#1456=EDGE_CURVE('',#1149,#1150,#604,.T.);
#1457=EDGE_CURVE('',#1151,#1149,#951,.T.);
#1458=EDGE_CURVE('',#1152,#1150,#952,.T.);
#1459=EDGE_CURVE('',#1151,#1152,#605,.T.);
#1460=EDGE_CURVE('',#1151,#1153,#606,.T.);
#1461=EDGE_CURVE('',#1154,#1152,#607,.T.);
#1462=EDGE_CURVE('',#1153,#1154,#608,.T.);
#1463=EDGE_CURVE('',#1155,#1153,#953,.T.);
#1464=EDGE_CURVE('',#1156,#1154,#954,.T.);
#1465=EDGE_CURVE('',#1155,#1156,#609,.T.);
#1466=EDGE_CURVE('',#1155,#1157,#610,.T.);
#1467=EDGE_CURVE('',#1158,#1156,#611,.T.);
#1468=EDGE_CURVE('',#1157,#1158,#612,.T.);
#1469=EDGE_CURVE('',#1157,#1159,#955,.T.);
#1470=EDGE_CURVE('',#1160,#1158,#956,.T.);
#1471=EDGE_CURVE('',#1159,#1160,#613,.T.);
#1472=EDGE_CURVE('',#1161,#1159,#614,.T.);
#1473=EDGE_CURVE('',#1162,#1160,#615,.T.);
#1474=EDGE_CURVE('',#1161,#1162,#616,.T.);
#1475=EDGE_CURVE('',#1161,#1163,#957,.T.);
#1476=EDGE_CURVE('',#1164,#1162,#958,.T.);
#1477=EDGE_CURVE('',#1163,#1164,#617,.T.);
#1478=EDGE_CURVE('',#1165,#1163,#618,.T.);
#1479=EDGE_CURVE('',#1166,#1164,#619,.T.);
#1480=EDGE_CURVE('',#1165,#1166,#620,.T.);
#1481=EDGE_CURVE('',#1167,#1165,#959,.T.);
#1482=EDGE_CURVE('',#1168,#1166,#960,.T.);
#1483=EDGE_CURVE('',#1167,#1168,#621,.T.);
#1484=EDGE_CURVE('',#1169,#1167,#622,.T.);
#1485=EDGE_CURVE('',#1170,#1168,#623,.T.);
#1486=EDGE_CURVE('',#1169,#1170,#624,.T.);
#1487=EDGE_CURVE('',#1171,#1169,#961,.T.);
#1488=EDGE_CURVE('',#1172,#1170,#962,.T.);
#1489=EDGE_CURVE('',#1171,#1172,#625,.T.);
#1490=EDGE_CURVE('',#1173,#1171,#626,.T.);
#1491=EDGE_CURVE('',#1174,#1172,#627,.T.);
#1492=EDGE_CURVE('',#1173,#1174,#628,.T.);
#1493=EDGE_CURVE('',#1173,#1175,#963,.T.);
#1494=EDGE_CURVE('',#1176,#1174,#964,.T.);
#1495=EDGE_CURVE('',#1175,#1176,#629,.T.);
#1496=EDGE_CURVE('',#1177,#1175,#630,.T.);
#1497=EDGE_CURVE('',#1178,#1176,#631,.T.);
#1498=EDGE_CURVE('',#1177,#1178,#632,.T.);
#1499=EDGE_CURVE('',#1179,#1177,#965,.T.);
#1500=EDGE_CURVE('',#1180,#1178,#966,.T.);
#1501=EDGE_CURVE('',#1179,#1180,#633,.T.);
#1502=EDGE_CURVE('',#1181,#1179,#634,.T.);
#1503=EDGE_CURVE('',#1182,#1180,#635,.T.);
#1504=EDGE_CURVE('',#1181,#1182,#636,.T.);
#1505=EDGE_CURVE('',#1183,#1181,#967,.T.);
#1506=EDGE_CURVE('',#1184,#1182,#968,.T.);
#1507=EDGE_CURVE('',#1183,#1184,#637,.T.);
#1508=EDGE_CURVE('',#1185,#1183,#638,.T.);
#1509=EDGE_CURVE('',#1186,#1184,#639,.T.);
#1510=EDGE_CURVE('',#1185,#1186,#640,.T.);
#1511=EDGE_CURVE('',#1185,#1187,#969,.T.);
#1512=EDGE_CURVE('',#1188,#1186,#970,.T.);
#1513=EDGE_CURVE('',#1187,#1188,#641,.T.);
#1514=EDGE_CURVE('',#1077,#1187,#642,.T.);
#1515=EDGE_CURVE('',#1079,#1188,#643,.T.);
#1516=ORIENTED_EDGE('',*,*,#1189,.F.);
#1517=ORIENTED_EDGE('',*,*,#1190,.T.);
#1518=ORIENTED_EDGE('',*,*,#1191,.F.);
#1519=ORIENTED_EDGE('',*,*,#1190,.F.);
#1520=ORIENTED_EDGE('',*,*,#1192,.F.);
#1521=ORIENTED_EDGE('',*,*,#1193,.T.);
#1522=ORIENTED_EDGE('',*,*,#1194,.F.);
#1523=ORIENTED_EDGE('',*,*,#1193,.F.);
#1524=ORIENTED_EDGE('',*,*,#1195,.F.);
#1525=ORIENTED_EDGE('',*,*,#1196,.T.);
#1526=ORIENTED_EDGE('',*,*,#1197,.F.);
#1527=ORIENTED_EDGE('',*,*,#1196,.F.);
#1528=ORIENTED_EDGE('',*,*,#1198,.F.);
#1529=ORIENTED_EDGE('',*,*,#1199,.T.);
#1530=ORIENTED_EDGE('',*,*,#1200,.F.);
#1531=ORIENTED_EDGE('',*,*,#1199,.F.);
#1532=ORIENTED_EDGE('',*,*,#1201,.F.);
#1533=ORIENTED_EDGE('',*,*,#1202,.T.);
#1534=ORIENTED_EDGE('',*,*,#1203,.F.);
#1535=ORIENTED_EDGE('',*,*,#1202,.F.);
#1536=ORIENTED_EDGE('',*,*,#1204,.F.);
#1537=ORIENTED_EDGE('',*,*,#1205,.T.);
#1538=ORIENTED_EDGE('',*,*,#1206,.F.);
#1539=ORIENTED_EDGE('',*,*,#1205,.F.);
#1540=ORIENTED_EDGE('',*,*,#1207,.F.);
#1541=ORIENTED_EDGE('',*,*,#1208,.T.);
#1542=ORIENTED_EDGE('',*,*,#1209,.F.);
#1543=ORIENTED_EDGE('',*,*,#1208,.F.);
#1544=ORIENTED_EDGE('',*,*,#1210,.F.);
#1545=ORIENTED_EDGE('',*,*,#1211,.T.);
#1546=ORIENTED_EDGE('',*,*,#1212,.F.);
#1547=ORIENTED_EDGE('',*,*,#1211,.F.);
#1548=ORIENTED_EDGE('',*,*,#1213,.F.);
#1549=ORIENTED_EDGE('',*,*,#1214,.T.);
#1550=ORIENTED_EDGE('',*,*,#1215,.F.);
#1551=ORIENTED_EDGE('',*,*,#1214,.F.);
#1552=ORIENTED_EDGE('',*,*,#1216,.F.);
#1553=ORIENTED_EDGE('',*,*,#1217,.T.);
#1554=ORIENTED_EDGE('',*,*,#1218,.F.);
#1555=ORIENTED_EDGE('',*,*,#1217,.F.);
#1556=ORIENTED_EDGE('',*,*,#1219,.F.);
#1557=ORIENTED_EDGE('',*,*,#1220,.T.);
#1558=ORIENTED_EDGE('',*,*,#1221,.F.);
#1559=ORIENTED_EDGE('',*,*,#1220,.F.);
#1560=ORIENTED_EDGE('',*,*,#1222,.F.);
#1561=ORIENTED_EDGE('',*,*,#1223,.T.);
#1562=ORIENTED_EDGE('',*,*,#1224,.F.);
#1563=ORIENTED_EDGE('',*,*,#1223,.F.);
#1564=ORIENTED_EDGE('',*,*,#1225,.F.);
#1565=ORIENTED_EDGE('',*,*,#1226,.T.);
#1566=ORIENTED_EDGE('',*,*,#1227,.F.);
#1567=ORIENTED_EDGE('',*,*,#1226,.F.);
#1568=ORIENTED_EDGE('',*,*,#1228,.F.);
#1569=ORIENTED_EDGE('',*,*,#1229,.T.);
#1570=ORIENTED_EDGE('',*,*,#1230,.F.);
#1571=ORIENTED_EDGE('',*,*,#1229,.F.);
#1572=ORIENTED_EDGE('',*,*,#1231,.F.);
#1573=ORIENTED_EDGE('',*,*,#1232,.T.);
#1574=ORIENTED_EDGE('',*,*,#1233,.F.);
#1575=ORIENTED_EDGE('',*,*,#1232,.F.);
#1576=ORIENTED_EDGE('',*,*,#1234,.F.);
#1577=ORIENTED_EDGE('',*,*,#1235,.T.);
#1578=ORIENTED_EDGE('',*,*,#1236,.F.);
#1579=ORIENTED_EDGE('',*,*,#1235,.F.);
#1580=ORIENTED_EDGE('',*,*,#1237,.F.);
#1581=ORIENTED_EDGE('',*,*,#1238,.T.);
#1582=ORIENTED_EDGE('',*,*,#1239,.F.);
#1583=ORIENTED_EDGE('',*,*,#1238,.F.);
#1584=ORIENTED_EDGE('',*,*,#1240,.F.);
#1585=ORIENTED_EDGE('',*,*,#1241,.T.);
#1586=ORIENTED_EDGE('',*,*,#1242,.F.);
#1587=ORIENTED_EDGE('',*,*,#1241,.F.);
#1588=ORIENTED_EDGE('',*,*,#1243,.F.);
#1589=ORIENTED_EDGE('',*,*,#1244,.T.);
#1590=ORIENTED_EDGE('',*,*,#1245,.F.);
#1591=ORIENTED_EDGE('',*,*,#1244,.F.);
#1592=ORIENTED_EDGE('',*,*,#1246,.F.);
#1593=ORIENTED_EDGE('',*,*,#1247,.T.);
#1594=ORIENTED_EDGE('',*,*,#1248,.F.);
#1595=ORIENTED_EDGE('',*,*,#1247,.F.);
#1596=ORIENTED_EDGE('',*,*,#1249,.F.);
#1597=ORIENTED_EDGE('',*,*,#1250,.T.);
#1598=ORIENTED_EDGE('',*,*,#1251,.F.);
#1599=ORIENTED_EDGE('',*,*,#1250,.F.);
#1600=ORIENTED_EDGE('',*,*,#1252,.F.);
#1601=ORIENTED_EDGE('',*,*,#1253,.T.);
#1602=ORIENTED_EDGE('',*,*,#1254,.F.);
#1603=ORIENTED_EDGE('',*,*,#1253,.F.);
#1604=ORIENTED_EDGE('',*,*,#1255,.F.);
#1605=ORIENTED_EDGE('',*,*,#1256,.T.);
#1606=ORIENTED_EDGE('',*,*,#1257,.F.);
#1607=ORIENTED_EDGE('',*,*,#1256,.F.);
#1608=ORIENTED_EDGE('',*,*,#1258,.F.);
#1609=ORIENTED_EDGE('',*,*,#1259,.T.);
#1610=ORIENTED_EDGE('',*,*,#1260,.F.);
#1611=ORIENTED_EDGE('',*,*,#1259,.F.);
#1612=ORIENTED_EDGE('',*,*,#1261,.F.);
#1613=ORIENTED_EDGE('',*,*,#1262,.T.);
#1614=ORIENTED_EDGE('',*,*,#1263,.F.);
#1615=ORIENTED_EDGE('',*,*,#1262,.F.);
#1616=ORIENTED_EDGE('',*,*,#1264,.F.);
#1617=ORIENTED_EDGE('',*,*,#1265,.T.);
#1618=ORIENTED_EDGE('',*,*,#1266,.F.);
#1619=ORIENTED_EDGE('',*,*,#1265,.F.);
#1620=ORIENTED_EDGE('',*,*,#1267,.F.);
#1621=ORIENTED_EDGE('',*,*,#1268,.T.);
#1622=ORIENTED_EDGE('',*,*,#1269,.F.);
#1623=ORIENTED_EDGE('',*,*,#1268,.F.);
#1624=ORIENTED_EDGE('',*,*,#1270,.F.);
#1625=ORIENTED_EDGE('',*,*,#1271,.T.);
#1626=ORIENTED_EDGE('',*,*,#1272,.F.);
#1627=ORIENTED_EDGE('',*,*,#1271,.F.);
#1628=ORIENTED_EDGE('',*,*,#1273,.F.);
#1629=ORIENTED_EDGE('',*,*,#1274,.T.);
#1630=ORIENTED_EDGE('',*,*,#1275,.F.);
#1631=ORIENTED_EDGE('',*,*,#1274,.F.);
#1632=ORIENTED_EDGE('',*,*,#1276,.F.);
#1633=ORIENTED_EDGE('',*,*,#1277,.T.);
#1634=ORIENTED_EDGE('',*,*,#1278,.F.);
#1635=ORIENTED_EDGE('',*,*,#1277,.F.);
#1636=ORIENTED_EDGE('',*,*,#1279,.F.);
#1637=ORIENTED_EDGE('',*,*,#1280,.T.);
#1638=ORIENTED_EDGE('',*,*,#1281,.F.);
#1639=ORIENTED_EDGE('',*,*,#1280,.F.);
#1640=ORIENTED_EDGE('',*,*,#1282,.F.);
#1641=ORIENTED_EDGE('',*,*,#1283,.T.);
#1642=ORIENTED_EDGE('',*,*,#1284,.F.);
#1643=ORIENTED_EDGE('',*,*,#1283,.F.);
#1644=ORIENTED_EDGE('',*,*,#1285,.F.);
#1645=ORIENTED_EDGE('',*,*,#1286,.T.);
#1646=ORIENTED_EDGE('',*,*,#1287,.F.);
#1647=ORIENTED_EDGE('',*,*,#1286,.F.);
#1648=ORIENTED_EDGE('',*,*,#1288,.F.);
#1649=ORIENTED_EDGE('',*,*,#1289,.T.);
#1650=ORIENTED_EDGE('',*,*,#1290,.F.);
#1651=ORIENTED_EDGE('',*,*,#1289,.F.);
#1652=ORIENTED_EDGE('',*,*,#1291,.F.);
#1653=ORIENTED_EDGE('',*,*,#1292,.T.);
#1654=ORIENTED_EDGE('',*,*,#1293,.F.);
#1655=ORIENTED_EDGE('',*,*,#1292,.F.);
#1656=ORIENTED_EDGE('',*,*,#1294,.F.);
#1657=ORIENTED_EDGE('',*,*,#1295,.T.);
#1658=ORIENTED_EDGE('',*,*,#1296,.F.);
#1659=ORIENTED_EDGE('',*,*,#1295,.F.);
#1660=ORIENTED_EDGE('',*,*,#1297,.F.);
#1661=ORIENTED_EDGE('',*,*,#1298,.T.);
#1662=ORIENTED_EDGE('',*,*,#1299,.F.);
#1663=ORIENTED_EDGE('',*,*,#1298,.F.);
#1664=ORIENTED_EDGE('',*,*,#1300,.F.);
#1665=ORIENTED_EDGE('',*,*,#1301,.T.);
#1666=ORIENTED_EDGE('',*,*,#1302,.F.);
#1667=ORIENTED_EDGE('',*,*,#1301,.F.);
#1668=ORIENTED_EDGE('',*,*,#1303,.F.);
#1669=ORIENTED_EDGE('',*,*,#1304,.T.);
#1670=ORIENTED_EDGE('',*,*,#1305,.F.);
#1671=ORIENTED_EDGE('',*,*,#1304,.F.);
#1672=ORIENTED_EDGE('',*,*,#1306,.F.);
#1673=ORIENTED_EDGE('',*,*,#1307,.T.);
#1674=ORIENTED_EDGE('',*,*,#1308,.F.);
#1675=ORIENTED_EDGE('',*,*,#1307,.F.);
#1676=ORIENTED_EDGE('',*,*,#1309,.F.);
#1677=ORIENTED_EDGE('',*,*,#1310,.T.);
#1678=ORIENTED_EDGE('',*,*,#1311,.F.);
#1679=ORIENTED_EDGE('',*,*,#1310,.F.);
#1680=ORIENTED_EDGE('',*,*,#1312,.F.);
#1681=ORIENTED_EDGE('',*,*,#1313,.T.);
#1682=ORIENTED_EDGE('',*,*,#1314,.F.);
#1683=ORIENTED_EDGE('',*,*,#1313,.F.);
#1684=ORIENTED_EDGE('',*,*,#1315,.F.);
#1685=ORIENTED_EDGE('',*,*,#1316,.T.);
#1686=ORIENTED_EDGE('',*,*,#1317,.F.);
#1687=ORIENTED_EDGE('',*,*,#1316,.F.);
#1688=ORIENTED_EDGE('',*,*,#1318,.F.);
#1689=ORIENTED_EDGE('',*,*,#1319,.T.);
#1690=ORIENTED_EDGE('',*,*,#1320,.F.);
#1691=ORIENTED_EDGE('',*,*,#1319,.F.);
#1692=ORIENTED_EDGE('',*,*,#1321,.F.);
#1693=ORIENTED_EDGE('',*,*,#1322,.T.);
#1694=ORIENTED_EDGE('',*,*,#1323,.F.);
#1695=ORIENTED_EDGE('',*,*,#1322,.F.);
#1696=ORIENTED_EDGE('',*,*,#1324,.F.);
#1697=ORIENTED_EDGE('',*,*,#1325,.T.);
#1698=ORIENTED_EDGE('',*,*,#1326,.F.);
#1699=ORIENTED_EDGE('',*,*,#1325,.F.);
#1700=ORIENTED_EDGE('',*,*,#1327,.F.);
#1701=ORIENTED_EDGE('',*,*,#1328,.T.);
#1702=ORIENTED_EDGE('',*,*,#1329,.F.);
#1703=ORIENTED_EDGE('',*,*,#1328,.F.);
#1704=ORIENTED_EDGE('',*,*,#1330,.F.);
#1705=ORIENTED_EDGE('',*,*,#1331,.T.);
#1706=ORIENTED_EDGE('',*,*,#1332,.F.);
#1707=ORIENTED_EDGE('',*,*,#1331,.F.);
#1708=ORIENTED_EDGE('',*,*,#1333,.F.);
#1709=ORIENTED_EDGE('',*,*,#1334,.T.);
#1710=ORIENTED_EDGE('',*,*,#1335,.F.);
#1711=ORIENTED_EDGE('',*,*,#1334,.F.);
#1712=ORIENTED_EDGE('',*,*,#1336,.F.);
#1713=ORIENTED_EDGE('',*,*,#1337,.T.);
#1714=ORIENTED_EDGE('',*,*,#1338,.F.);
#1715=ORIENTED_EDGE('',*,*,#1337,.F.);
#1716=ORIENTED_EDGE('',*,*,#1339,.F.);
#1717=ORIENTED_EDGE('',*,*,#1340,.T.);
#1718=ORIENTED_EDGE('',*,*,#1341,.F.);
#1719=ORIENTED_EDGE('',*,*,#1340,.F.);
#1720=ORIENTED_EDGE('',*,*,#1342,.F.);
#1721=ORIENTED_EDGE('',*,*,#1343,.T.);
#1722=ORIENTED_EDGE('',*,*,#1344,.F.);
#1723=ORIENTED_EDGE('',*,*,#1343,.F.);
#1724=ORIENTED_EDGE('',*,*,#1345,.F.);
#1725=ORIENTED_EDGE('',*,*,#1346,.T.);
#1726=ORIENTED_EDGE('',*,*,#1347,.F.);
#1727=ORIENTED_EDGE('',*,*,#1346,.F.);
#1728=ORIENTED_EDGE('',*,*,#1348,.F.);
#1729=ORIENTED_EDGE('',*,*,#1349,.T.);
#1730=ORIENTED_EDGE('',*,*,#1350,.F.);
#1731=ORIENTED_EDGE('',*,*,#1351,.F.);
#1732=ORIENTED_EDGE('',*,*,#1352,.T.);
#1733=ORIENTED_EDGE('',*,*,#1351,.T.);
#1734=ORIENTED_EDGE('',*,*,#1353,.F.);
#1735=ORIENTED_EDGE('',*,*,#1354,.F.);
#1736=ORIENTED_EDGE('',*,*,#1355,.T.);
#1737=ORIENTED_EDGE('',*,*,#1354,.T.);
#1738=ORIENTED_EDGE('',*,*,#1356,.F.);
#1739=ORIENTED_EDGE('',*,*,#1357,.F.);
#1740=ORIENTED_EDGE('',*,*,#1358,.T.);
#1741=ORIENTED_EDGE('',*,*,#1357,.T.);
#1742=ORIENTED_EDGE('',*,*,#1359,.F.);
#1743=ORIENTED_EDGE('',*,*,#1360,.F.);
#1744=ORIENTED_EDGE('',*,*,#1361,.T.);
#1745=ORIENTED_EDGE('',*,*,#1360,.T.);
#1746=ORIENTED_EDGE('',*,*,#1362,.F.);
#1747=ORIENTED_EDGE('',*,*,#1363,.F.);
#1748=ORIENTED_EDGE('',*,*,#1364,.T.);
#1749=ORIENTED_EDGE('',*,*,#1363,.T.);
#1750=ORIENTED_EDGE('',*,*,#1365,.F.);
#1751=ORIENTED_EDGE('',*,*,#1366,.F.);
#1752=ORIENTED_EDGE('',*,*,#1367,.F.);
#1753=ORIENTED_EDGE('',*,*,#1366,.T.);
#1754=ORIENTED_EDGE('',*,*,#1368,.F.);
#1755=ORIENTED_EDGE('',*,*,#1369,.F.);
#1756=ORIENTED_EDGE('',*,*,#1370,.T.);
#1757=ORIENTED_EDGE('',*,*,#1369,.T.);
#1758=ORIENTED_EDGE('',*,*,#1371,.F.);
#1759=ORIENTED_EDGE('',*,*,#1372,.F.);
#1760=ORIENTED_EDGE('',*,*,#1373,.T.);
#1761=ORIENTED_EDGE('',*,*,#1372,.T.);
#1762=ORIENTED_EDGE('',*,*,#1374,.F.);
#1763=ORIENTED_EDGE('',*,*,#1375,.F.);
#1764=ORIENTED_EDGE('',*,*,#1376,.T.);
#1765=ORIENTED_EDGE('',*,*,#1375,.T.);
#1766=ORIENTED_EDGE('',*,*,#1377,.F.);
#1767=ORIENTED_EDGE('',*,*,#1378,.F.);
#1768=ORIENTED_EDGE('',*,*,#1379,.T.);
#1769=ORIENTED_EDGE('',*,*,#1378,.T.);
#1770=ORIENTED_EDGE('',*,*,#1380,.F.);
#1771=ORIENTED_EDGE('',*,*,#1381,.F.);
#1772=ORIENTED_EDGE('',*,*,#1382,.T.);
#1773=ORIENTED_EDGE('',*,*,#1381,.T.);
#1774=ORIENTED_EDGE('',*,*,#1383,.F.);
#1775=ORIENTED_EDGE('',*,*,#1384,.F.);
#1776=ORIENTED_EDGE('',*,*,#1385,.F.);
#1777=ORIENTED_EDGE('',*,*,#1384,.T.);
#1778=ORIENTED_EDGE('',*,*,#1386,.F.);
#1779=ORIENTED_EDGE('',*,*,#1387,.F.);
#1780=ORIENTED_EDGE('',*,*,#1388,.F.);
#1781=ORIENTED_EDGE('',*,*,#1387,.T.);
#1782=ORIENTED_EDGE('',*,*,#1389,.F.);
#1783=ORIENTED_EDGE('',*,*,#1390,.F.);
#1784=ORIENTED_EDGE('',*,*,#1391,.F.);
#1785=ORIENTED_EDGE('',*,*,#1390,.T.);
#1786=ORIENTED_EDGE('',*,*,#1392,.F.);
#1787=ORIENTED_EDGE('',*,*,#1393,.F.);
#1788=ORIENTED_EDGE('',*,*,#1394,.F.);
#1789=ORIENTED_EDGE('',*,*,#1393,.T.);
#1790=ORIENTED_EDGE('',*,*,#1395,.F.);
#1791=ORIENTED_EDGE('',*,*,#1396,.F.);
#1792=ORIENTED_EDGE('',*,*,#1397,.T.);
#1793=ORIENTED_EDGE('',*,*,#1396,.T.);
#1794=ORIENTED_EDGE('',*,*,#1398,.F.);
#1795=ORIENTED_EDGE('',*,*,#1399,.F.);
#1796=ORIENTED_EDGE('',*,*,#1400,.F.);
#1797=ORIENTED_EDGE('',*,*,#1399,.T.);
#1798=ORIENTED_EDGE('',*,*,#1401,.F.);
#1799=ORIENTED_EDGE('',*,*,#1402,.F.);
#1800=ORIENTED_EDGE('',*,*,#1403,.T.);
#1801=ORIENTED_EDGE('',*,*,#1402,.T.);
#1802=ORIENTED_EDGE('',*,*,#1404,.F.);
#1803=ORIENTED_EDGE('',*,*,#1405,.F.);
#1804=ORIENTED_EDGE('',*,*,#1406,.F.);
#1805=ORIENTED_EDGE('',*,*,#1405,.T.);
#1806=ORIENTED_EDGE('',*,*,#1407,.F.);
#1807=ORIENTED_EDGE('',*,*,#1408,.F.);
#1808=ORIENTED_EDGE('',*,*,#1409,.F.);
#1809=ORIENTED_EDGE('',*,*,#1408,.T.);
#1810=ORIENTED_EDGE('',*,*,#1410,.F.);
#1811=ORIENTED_EDGE('',*,*,#1411,.F.);
#1812=ORIENTED_EDGE('',*,*,#1412,.F.);
#1813=ORIENTED_EDGE('',*,*,#1411,.T.);
#1814=ORIENTED_EDGE('',*,*,#1413,.F.);
#1815=ORIENTED_EDGE('',*,*,#1414,.F.);
#1816=ORIENTED_EDGE('',*,*,#1415,.T.);
#1817=ORIENTED_EDGE('',*,*,#1414,.T.);
#1818=ORIENTED_EDGE('',*,*,#1416,.F.);
#1819=ORIENTED_EDGE('',*,*,#1417,.F.);
#1820=ORIENTED_EDGE('',*,*,#1418,.F.);
#1821=ORIENTED_EDGE('',*,*,#1417,.T.);
#1822=ORIENTED_EDGE('',*,*,#1419,.F.);
#1823=ORIENTED_EDGE('',*,*,#1420,.F.);
#1824=ORIENTED_EDGE('',*,*,#1421,.T.);
#1825=ORIENTED_EDGE('',*,*,#1420,.T.);
#1826=ORIENTED_EDGE('',*,*,#1422,.F.);
#1827=ORIENTED_EDGE('',*,*,#1423,.F.);
#1828=ORIENTED_EDGE('',*,*,#1424,.F.);
#1829=ORIENTED_EDGE('',*,*,#1423,.T.);
#1830=ORIENTED_EDGE('',*,*,#1425,.F.);
#1831=ORIENTED_EDGE('',*,*,#1426,.F.);
#1832=ORIENTED_EDGE('',*,*,#1427,.F.);
#1833=ORIENTED_EDGE('',*,*,#1426,.T.);
#1834=ORIENTED_EDGE('',*,*,#1428,.F.);
#1835=ORIENTED_EDGE('',*,*,#1429,.F.);
#1836=ORIENTED_EDGE('',*,*,#1430,.F.);
#1837=ORIENTED_EDGE('',*,*,#1429,.T.);
#1838=ORIENTED_EDGE('',*,*,#1431,.F.);
#1839=ORIENTED_EDGE('',*,*,#1432,.F.);
#1840=ORIENTED_EDGE('',*,*,#1433,.F.);
#1841=ORIENTED_EDGE('',*,*,#1432,.T.);
#1842=ORIENTED_EDGE('',*,*,#1434,.F.);
#1843=ORIENTED_EDGE('',*,*,#1435,.F.);
#1844=ORIENTED_EDGE('',*,*,#1436,.F.);
#1845=ORIENTED_EDGE('',*,*,#1435,.T.);
#1846=ORIENTED_EDGE('',*,*,#1437,.F.);
#1847=ORIENTED_EDGE('',*,*,#1438,.F.);
#1848=ORIENTED_EDGE('',*,*,#1439,.T.);
#1849=ORIENTED_EDGE('',*,*,#1438,.T.);
#1850=ORIENTED_EDGE('',*,*,#1440,.F.);
#1851=ORIENTED_EDGE('',*,*,#1441,.F.);
#1852=ORIENTED_EDGE('',*,*,#1442,.F.);
#1853=ORIENTED_EDGE('',*,*,#1441,.T.);
#1854=ORIENTED_EDGE('',*,*,#1443,.F.);
#1855=ORIENTED_EDGE('',*,*,#1444,.F.);
#1856=ORIENTED_EDGE('',*,*,#1445,.T.);
#1857=ORIENTED_EDGE('',*,*,#1444,.T.);
#1858=ORIENTED_EDGE('',*,*,#1446,.F.);
#1859=ORIENTED_EDGE('',*,*,#1447,.F.);
#1860=ORIENTED_EDGE('',*,*,#1448,.F.);
#1861=ORIENTED_EDGE('',*,*,#1447,.T.);
#1862=ORIENTED_EDGE('',*,*,#1449,.F.);
#1863=ORIENTED_EDGE('',*,*,#1450,.F.);
#1864=ORIENTED_EDGE('',*,*,#1451,.F.);
#1865=ORIENTED_EDGE('',*,*,#1450,.T.);
#1866=ORIENTED_EDGE('',*,*,#1452,.F.);
#1867=ORIENTED_EDGE('',*,*,#1453,.F.);
#1868=ORIENTED_EDGE('',*,*,#1454,.F.);
#1869=ORIENTED_EDGE('',*,*,#1453,.T.);
#1870=ORIENTED_EDGE('',*,*,#1455,.F.);
#1871=ORIENTED_EDGE('',*,*,#1456,.F.);
#1872=ORIENTED_EDGE('',*,*,#1457,.T.);
#1873=ORIENTED_EDGE('',*,*,#1456,.T.);
#1874=ORIENTED_EDGE('',*,*,#1458,.F.);
#1875=ORIENTED_EDGE('',*,*,#1459,.F.);
#1876=ORIENTED_EDGE('',*,*,#1460,.F.);
#1877=ORIENTED_EDGE('',*,*,#1459,.T.);
#1878=ORIENTED_EDGE('',*,*,#1461,.F.);
#1879=ORIENTED_EDGE('',*,*,#1462,.F.);
#1880=ORIENTED_EDGE('',*,*,#1463,.T.);
#1881=ORIENTED_EDGE('',*,*,#1462,.T.);
#1882=ORIENTED_EDGE('',*,*,#1464,.F.);
#1883=ORIENTED_EDGE('',*,*,#1465,.F.);
#1884=ORIENTED_EDGE('',*,*,#1466,.F.);
#1885=ORIENTED_EDGE('',*,*,#1465,.T.);
#1886=ORIENTED_EDGE('',*,*,#1467,.F.);
#1887=ORIENTED_EDGE('',*,*,#1468,.F.);
#1888=ORIENTED_EDGE('',*,*,#1469,.F.);
#1889=ORIENTED_EDGE('',*,*,#1468,.T.);
#1890=ORIENTED_EDGE('',*,*,#1470,.F.);
#1891=ORIENTED_EDGE('',*,*,#1471,.F.);
#1892=ORIENTED_EDGE('',*,*,#1472,.T.);
#1893=ORIENTED_EDGE('',*,*,#1471,.T.);
#1894=ORIENTED_EDGE('',*,*,#1473,.F.);
#1895=ORIENTED_EDGE('',*,*,#1474,.F.);
#1896=ORIENTED_EDGE('',*,*,#1475,.F.);
#1897=ORIENTED_EDGE('',*,*,#1474,.T.);
#1898=ORIENTED_EDGE('',*,*,#1476,.F.);
#1899=ORIENTED_EDGE('',*,*,#1477,.F.);
#1900=ORIENTED_EDGE('',*,*,#1478,.T.);
#1901=ORIENTED_EDGE('',*,*,#1477,.T.);
#1902=ORIENTED_EDGE('',*,*,#1479,.F.);
#1903=ORIENTED_EDGE('',*,*,#1480,.F.);
#1904=ORIENTED_EDGE('',*,*,#1481,.T.);
#1905=ORIENTED_EDGE('',*,*,#1480,.T.);
#1906=ORIENTED_EDGE('',*,*,#1482,.F.);
#1907=ORIENTED_EDGE('',*,*,#1483,.F.);
#1908=ORIENTED_EDGE('',*,*,#1484,.T.);
#1909=ORIENTED_EDGE('',*,*,#1483,.T.);
#1910=ORIENTED_EDGE('',*,*,#1485,.F.);
#1911=ORIENTED_EDGE('',*,*,#1486,.F.);
#1912=ORIENTED_EDGE('',*,*,#1487,.T.);
#1913=ORIENTED_EDGE('',*,*,#1486,.T.);
#1914=ORIENTED_EDGE('',*,*,#1488,.F.);
#1915=ORIENTED_EDGE('',*,*,#1489,.F.);
#1916=ORIENTED_EDGE('',*,*,#1490,.T.);
#1917=ORIENTED_EDGE('',*,*,#1489,.T.);
#1918=ORIENTED_EDGE('',*,*,#1491,.F.);
#1919=ORIENTED_EDGE('',*,*,#1492,.F.);
#1920=ORIENTED_EDGE('',*,*,#1493,.F.);
#1921=ORIENTED_EDGE('',*,*,#1492,.T.);
#1922=ORIENTED_EDGE('',*,*,#1494,.F.);
#1923=ORIENTED_EDGE('',*,*,#1495,.F.);
#1924=ORIENTED_EDGE('',*,*,#1496,.T.);
#1925=ORIENTED_EDGE('',*,*,#1495,.T.);
#1926=ORIENTED_EDGE('',*,*,#1497,.F.);
#1927=ORIENTED_EDGE('',*,*,#1498,.F.);
#1928=ORIENTED_EDGE('',*,*,#1499,.T.);
#1929=ORIENTED_EDGE('',*,*,#1498,.T.);
#1930=ORIENTED_EDGE('',*,*,#1500,.F.);
#1931=ORIENTED_EDGE('',*,*,#1501,.F.);
#1932=ORIENTED_EDGE('',*,*,#1502,.T.);
#1933=ORIENTED_EDGE('',*,*,#1501,.T.);
#1934=ORIENTED_EDGE('',*,*,#1503,.F.);
#1935=ORIENTED_EDGE('',*,*,#1504,.F.);
#1936=ORIENTED_EDGE('',*,*,#1505,.T.);
#1937=ORIENTED_EDGE('',*,*,#1504,.T.);
#1938=ORIENTED_EDGE('',*,*,#1506,.F.);
#1939=ORIENTED_EDGE('',*,*,#1507,.F.);
#1940=ORIENTED_EDGE('',*,*,#1508,.T.);
#1941=ORIENTED_EDGE('',*,*,#1507,.T.);
#1942=ORIENTED_EDGE('',*,*,#1509,.F.);
#1943=ORIENTED_EDGE('',*,*,#1510,.F.);
#1944=ORIENTED_EDGE('',*,*,#1511,.F.);
#1945=ORIENTED_EDGE('',*,*,#1510,.T.);
#1946=ORIENTED_EDGE('',*,*,#1512,.F.);
#1947=ORIENTED_EDGE('',*,*,#1513,.F.);
#1948=ORIENTED_EDGE('',*,*,#1514,.T.);
#1949=ORIENTED_EDGE('',*,*,#1513,.T.);
#1950=ORIENTED_EDGE('',*,*,#1515,.F.);
#1951=ORIENTED_EDGE('',*,*,#1349,.F.);
#1952=ORIENTED_EDGE('',*,*,#1515,.T.);
#1953=ORIENTED_EDGE('',*,*,#1512,.T.);
#1954=ORIENTED_EDGE('',*,*,#1509,.T.);
#1955=ORIENTED_EDGE('',*,*,#1506,.T.);
#1956=ORIENTED_EDGE('',*,*,#1503,.T.);
#1957=ORIENTED_EDGE('',*,*,#1500,.T.);
#1958=ORIENTED_EDGE('',*,*,#1497,.T.);
#1959=ORIENTED_EDGE('',*,*,#1494,.T.);
#1960=ORIENTED_EDGE('',*,*,#1491,.T.);
#1961=ORIENTED_EDGE('',*,*,#1488,.T.);
#1962=ORIENTED_EDGE('',*,*,#1485,.T.);
#1963=ORIENTED_EDGE('',*,*,#1482,.T.);
#1964=ORIENTED_EDGE('',*,*,#1479,.T.);
#1965=ORIENTED_EDGE('',*,*,#1476,.T.);
#1966=ORIENTED_EDGE('',*,*,#1473,.T.);
#1967=ORIENTED_EDGE('',*,*,#1470,.T.);
#1968=ORIENTED_EDGE('',*,*,#1467,.T.);
#1969=ORIENTED_EDGE('',*,*,#1464,.T.);
#1970=ORIENTED_EDGE('',*,*,#1461,.T.);
#1971=ORIENTED_EDGE('',*,*,#1458,.T.);
#1972=ORIENTED_EDGE('',*,*,#1455,.T.);
#1973=ORIENTED_EDGE('',*,*,#1452,.T.);
#1974=ORIENTED_EDGE('',*,*,#1449,.T.);
#1975=ORIENTED_EDGE('',*,*,#1446,.T.);
#1976=ORIENTED_EDGE('',*,*,#1443,.T.);
#1977=ORIENTED_EDGE('',*,*,#1440,.T.);
#1978=ORIENTED_EDGE('',*,*,#1437,.T.);
#1979=ORIENTED_EDGE('',*,*,#1434,.T.);
#1980=ORIENTED_EDGE('',*,*,#1431,.T.);
#1981=ORIENTED_EDGE('',*,*,#1428,.T.);
#1982=ORIENTED_EDGE('',*,*,#1425,.T.);
#1983=ORIENTED_EDGE('',*,*,#1422,.T.);
#1984=ORIENTED_EDGE('',*,*,#1419,.T.);
#1985=ORIENTED_EDGE('',*,*,#1416,.T.);
#1986=ORIENTED_EDGE('',*,*,#1413,.T.);
#1987=ORIENTED_EDGE('',*,*,#1410,.T.);
#1988=ORIENTED_EDGE('',*,*,#1407,.T.);
#1989=ORIENTED_EDGE('',*,*,#1404,.T.);
#1990=ORIENTED_EDGE('',*,*,#1401,.T.);
#1991=ORIENTED_EDGE('',*,*,#1398,.T.);
#1992=ORIENTED_EDGE('',*,*,#1395,.T.);
#1993=ORIENTED_EDGE('',*,*,#1392,.T.);
#1994=ORIENTED_EDGE('',*,*,#1389,.T.);
#1995=ORIENTED_EDGE('',*,*,#1386,.T.);
#1996=ORIENTED_EDGE('',*,*,#1383,.T.);
#1997=ORIENTED_EDGE('',*,*,#1380,.T.);
#1998=ORIENTED_EDGE('',*,*,#1377,.T.);
#1999=ORIENTED_EDGE('',*,*,#1374,.T.);
#2000=ORIENTED_EDGE('',*,*,#1371,.T.);
#2001=ORIENTED_EDGE('',*,*,#1368,.T.);
#2002=ORIENTED_EDGE('',*,*,#1365,.T.);
#2003=ORIENTED_EDGE('',*,*,#1362,.T.);
#2004=ORIENTED_EDGE('',*,*,#1359,.T.);
#2005=ORIENTED_EDGE('',*,*,#1356,.T.);
#2006=ORIENTED_EDGE('',*,*,#1353,.T.);
#2007=ORIENTED_EDGE('',*,*,#1350,.T.);
#2008=ORIENTED_EDGE('',*,*,#1189,.T.);
#2009=ORIENTED_EDGE('',*,*,#1192,.T.);
#2010=ORIENTED_EDGE('',*,*,#1195,.T.);
#2011=ORIENTED_EDGE('',*,*,#1198,.T.);
#2012=ORIENTED_EDGE('',*,*,#1201,.T.);
#2013=ORIENTED_EDGE('',*,*,#1204,.T.);
#2014=ORIENTED_EDGE('',*,*,#1207,.T.);
#2015=ORIENTED_EDGE('',*,*,#1210,.T.);
#2016=ORIENTED_EDGE('',*,*,#1213,.T.);
#2017=ORIENTED_EDGE('',*,*,#1216,.T.);
#2018=ORIENTED_EDGE('',*,*,#1219,.T.);
#2019=ORIENTED_EDGE('',*,*,#1222,.T.);
#2020=ORIENTED_EDGE('',*,*,#1225,.T.);
#2021=ORIENTED_EDGE('',*,*,#1228,.T.);
#2022=ORIENTED_EDGE('',*,*,#1231,.T.);
#2023=ORIENTED_EDGE('',*,*,#1234,.T.);
#2024=ORIENTED_EDGE('',*,*,#1237,.T.);
#2025=ORIENTED_EDGE('',*,*,#1240,.T.);
#2026=ORIENTED_EDGE('',*,*,#1243,.T.);
#2027=ORIENTED_EDGE('',*,*,#1246,.T.);
#2028=ORIENTED_EDGE('',*,*,#1249,.T.);
#2029=ORIENTED_EDGE('',*,*,#1252,.T.);
#2030=ORIENTED_EDGE('',*,*,#1255,.T.);
#2031=ORIENTED_EDGE('',*,*,#1258,.T.);
#2032=ORIENTED_EDGE('',*,*,#1261,.T.);
#2033=ORIENTED_EDGE('',*,*,#1264,.T.);
#2034=ORIENTED_EDGE('',*,*,#1267,.T.);
#2035=ORIENTED_EDGE('',*,*,#1270,.T.);
#2036=ORIENTED_EDGE('',*,*,#1273,.T.);
#2037=ORIENTED_EDGE('',*,*,#1276,.T.);
#2038=ORIENTED_EDGE('',*,*,#1279,.T.);
#2039=ORIENTED_EDGE('',*,*,#1282,.T.);
#2040=ORIENTED_EDGE('',*,*,#1285,.T.);
#2041=ORIENTED_EDGE('',*,*,#1288,.T.);
#2042=ORIENTED_EDGE('',*,*,#1291,.T.);
#2043=ORIENTED_EDGE('',*,*,#1294,.T.);
#2044=ORIENTED_EDGE('',*,*,#1297,.T.);
#2045=ORIENTED_EDGE('',*,*,#1300,.T.);
#2046=ORIENTED_EDGE('',*,*,#1303,.T.);
#2047=ORIENTED_EDGE('',*,*,#1306,.T.);
#2048=ORIENTED_EDGE('',*,*,#1309,.T.);
#2049=ORIENTED_EDGE('',*,*,#1312,.T.);
#2050=ORIENTED_EDGE('',*,*,#1315,.T.);
#2051=ORIENTED_EDGE('',*,*,#1318,.T.);
#2052=ORIENTED_EDGE('',*,*,#1321,.T.);
#2053=ORIENTED_EDGE('',*,*,#1324,.T.);
#2054=ORIENTED_EDGE('',*,*,#1327,.T.);
#2055=ORIENTED_EDGE('',*,*,#1330,.T.);
#2056=ORIENTED_EDGE('',*,*,#1333,.T.);
#2057=ORIENTED_EDGE('',*,*,#1336,.T.);
#2058=ORIENTED_EDGE('',*,*,#1339,.T.);
#2059=ORIENTED_EDGE('',*,*,#1342,.T.);
#2060=ORIENTED_EDGE('',*,*,#1345,.T.);
#2061=ORIENTED_EDGE('',*,*,#1514,.F.);
#2062=ORIENTED_EDGE('',*,*,#1348,.T.);
#2063=ORIENTED_EDGE('',*,*,#1352,.F.);
#2064=ORIENTED_EDGE('',*,*,#1355,.F.);
#2065=ORIENTED_EDGE('',*,*,#1358,.F.);
#2066=ORIENTED_EDGE('',*,*,#1361,.F.);
#2067=ORIENTED_EDGE('',*,*,#1364,.F.);
#2068=ORIENTED_EDGE('',*,*,#1367,.T.);
#2069=ORIENTED_EDGE('',*,*,#1370,.F.);
#2070=ORIENTED_EDGE('',*,*,#1373,.F.);
#2071=ORIENTED_EDGE('',*,*,#1376,.F.);
#2072=ORIENTED_EDGE('',*,*,#1379,.F.);
#2073=ORIENTED_EDGE('',*,*,#1382,.F.);
#2074=ORIENTED_EDGE('',*,*,#1385,.T.);
#2075=ORIENTED_EDGE('',*,*,#1388,.T.);
#2076=ORIENTED_EDGE('',*,*,#1391,.T.);
#2077=ORIENTED_EDGE('',*,*,#1394,.T.);
#2078=ORIENTED_EDGE('',*,*,#1397,.F.);
#2079=ORIENTED_EDGE('',*,*,#1400,.T.);
#2080=ORIENTED_EDGE('',*,*,#1403,.F.);
#2081=ORIENTED_EDGE('',*,*,#1406,.T.);
#2082=ORIENTED_EDGE('',*,*,#1409,.T.);
#2083=ORIENTED_EDGE('',*,*,#1412,.T.);
#2084=ORIENTED_EDGE('',*,*,#1415,.F.);
#2085=ORIENTED_EDGE('',*,*,#1418,.T.);
#2086=ORIENTED_EDGE('',*,*,#1421,.F.);
#2087=ORIENTED_EDGE('',*,*,#1424,.T.);
#2088=ORIENTED_EDGE('',*,*,#1427,.T.);
#2089=ORIENTED_EDGE('',*,*,#1430,.T.);
#2090=ORIENTED_EDGE('',*,*,#1433,.T.);
#2091=ORIENTED_EDGE('',*,*,#1436,.T.);
#2092=ORIENTED_EDGE('',*,*,#1439,.F.);
#2093=ORIENTED_EDGE('',*,*,#1442,.T.);
#2094=ORIENTED_EDGE('',*,*,#1445,.F.);
#2095=ORIENTED_EDGE('',*,*,#1448,.T.);
#2096=ORIENTED_EDGE('',*,*,#1451,.T.);
#2097=ORIENTED_EDGE('',*,*,#1454,.T.);
#2098=ORIENTED_EDGE('',*,*,#1457,.F.);
#2099=ORIENTED_EDGE('',*,*,#1460,.T.);
#2100=ORIENTED_EDGE('',*,*,#1463,.F.);
#2101=ORIENTED_EDGE('',*,*,#1466,.T.);
#2102=ORIENTED_EDGE('',*,*,#1469,.T.);
#2103=ORIENTED_EDGE('',*,*,#1472,.F.);
#2104=ORIENTED_EDGE('',*,*,#1475,.T.);
#2105=ORIENTED_EDGE('',*,*,#1478,.F.);
#2106=ORIENTED_EDGE('',*,*,#1481,.F.);
#2107=ORIENTED_EDGE('',*,*,#1484,.F.);
#2108=ORIENTED_EDGE('',*,*,#1487,.F.);
#2109=ORIENTED_EDGE('',*,*,#1490,.F.);
#2110=ORIENTED_EDGE('',*,*,#1493,.T.);
#2111=ORIENTED_EDGE('',*,*,#1496,.F.);
#2112=ORIENTED_EDGE('',*,*,#1499,.F.);
#2113=ORIENTED_EDGE('',*,*,#1502,.F.);
#2114=ORIENTED_EDGE('',*,*,#1505,.F.);
#2115=ORIENTED_EDGE('',*,*,#1508,.F.);
#2116=ORIENTED_EDGE('',*,*,#1511,.T.);
#2117=ORIENTED_EDGE('',*,*,#1191,.T.);
#2118=ORIENTED_EDGE('',*,*,#1194,.T.);
#2119=ORIENTED_EDGE('',*,*,#1197,.T.);
#2120=ORIENTED_EDGE('',*,*,#1200,.T.);
#2121=ORIENTED_EDGE('',*,*,#1203,.T.);
#2122=ORIENTED_EDGE('',*,*,#1206,.T.);
#2123=ORIENTED_EDGE('',*,*,#1209,.T.);
#2124=ORIENTED_EDGE('',*,*,#1212,.T.);
#2125=ORIENTED_EDGE('',*,*,#1215,.T.);
#2126=ORIENTED_EDGE('',*,*,#1218,.T.);
#2127=ORIENTED_EDGE('',*,*,#1221,.T.);
#2128=ORIENTED_EDGE('',*,*,#1224,.T.);
#2129=ORIENTED_EDGE('',*,*,#1227,.T.);
#2130=ORIENTED_EDGE('',*,*,#1230,.T.);
#2131=ORIENTED_EDGE('',*,*,#1233,.T.);
#2132=ORIENTED_EDGE('',*,*,#1236,.T.);
#2133=ORIENTED_EDGE('',*,*,#1239,.T.);
#2134=ORIENTED_EDGE('',*,*,#1242,.T.);
#2135=ORIENTED_EDGE('',*,*,#1245,.T.);
#2136=ORIENTED_EDGE('',*,*,#1248,.T.);
#2137=ORIENTED_EDGE('',*,*,#1251,.T.);
#2138=ORIENTED_EDGE('',*,*,#1254,.T.);
#2139=ORIENTED_EDGE('',*,*,#1257,.T.);
#2140=ORIENTED_EDGE('',*,*,#1260,.T.);
#2141=ORIENTED_EDGE('',*,*,#1263,.T.);
#2142=ORIENTED_EDGE('',*,*,#1266,.T.);
#2143=ORIENTED_EDGE('',*,*,#1269,.T.);
#2144=ORIENTED_EDGE('',*,*,#1272,.T.);
#2145=ORIENTED_EDGE('',*,*,#1275,.T.);
#2146=ORIENTED_EDGE('',*,*,#1278,.T.);
#2147=ORIENTED_EDGE('',*,*,#1281,.T.);
#2148=ORIENTED_EDGE('',*,*,#1284,.T.);
#2149=ORIENTED_EDGE('',*,*,#1287,.T.);
#2150=ORIENTED_EDGE('',*,*,#1290,.T.);
#2151=ORIENTED_EDGE('',*,*,#1293,.T.);
#2152=ORIENTED_EDGE('',*,*,#1296,.T.);
#2153=ORIENTED_EDGE('',*,*,#1299,.T.);
#2154=ORIENTED_EDGE('',*,*,#1302,.T.);
#2155=ORIENTED_EDGE('',*,*,#1305,.T.);
#2156=ORIENTED_EDGE('',*,*,#1308,.T.);
#2157=ORIENTED_EDGE('',*,*,#1311,.T.);
#2158=ORIENTED_EDGE('',*,*,#1314,.T.);
#2159=ORIENTED_EDGE('',*,*,#1317,.T.);
#2160=ORIENTED_EDGE('',*,*,#1320,.T.);
#2161=ORIENTED_EDGE('',*,*,#1323,.T.);
#2162=ORIENTED_EDGE('',*,*,#1326,.T.);
#2163=ORIENTED_EDGE('',*,*,#1329,.T.);
#2164=ORIENTED_EDGE('',*,*,#1332,.T.);
#2165=ORIENTED_EDGE('',*,*,#1335,.T.);
#2166=ORIENTED_EDGE('',*,*,#1338,.T.);
#2167=ORIENTED_EDGE('',*,*,#1341,.T.);
#2168=ORIENTED_EDGE('',*,*,#1344,.T.);
#2169=ORIENTED_EDGE('',*,*,#1347,.T.);
#2170=CYLINDRICAL_SURFACE('',#2376,2.);
#2171=CYLINDRICAL_SURFACE('',#2379,2.);
#2172=CYLINDRICAL_SURFACE('',#2382,2.);
#2173=CYLINDRICAL_SURFACE('',#2385,2.);
#2174=CYLINDRICAL_SURFACE('',#2388,2.00000002980232);
#2175=CYLINDRICAL_SURFACE('',#2391,2.);
#2176=CYLINDRICAL_SURFACE('',#2394,2.);
#2177=CYLINDRICAL_SURFACE('',#2397,2.);
#2178=CYLINDRICAL_SURFACE('',#2400,2.);
#2179=CYLINDRICAL_SURFACE('',#2403,2.);
#2180=CYLINDRICAL_SURFACE('',#2406,2.);
#2181=CYLINDRICAL_SURFACE('',#2409,2.00000002980232);
#2182=CYLINDRICAL_SURFACE('',#2412,1.99999999999999);
#2183=CYLINDRICAL_SURFACE('',#2415,2.00000002980232);
#2184=CYLINDRICAL_SURFACE('',#2418,2.);
#2185=CYLINDRICAL_SURFACE('',#2421,2.);
#2186=CYLINDRICAL_SURFACE('',#2424,2.);
#2187=CYLINDRICAL_SURFACE('',#2427,2.);
#2188=CYLINDRICAL_SURFACE('',#2430,2.);
#2189=CYLINDRICAL_SURFACE('',#2433,2.00000002980232);
#2190=CYLINDRICAL_SURFACE('',#2436,2.);
#2191=CYLINDRICAL_SURFACE('',#2439,2.);
#2192=CYLINDRICAL_SURFACE('',#2442,2.);
#2193=CYLINDRICAL_SURFACE('',#2445,2.);
#2194=CYLINDRICAL_SURFACE('',#2448,2.);
#2195=CYLINDRICAL_SURFACE('',#2451,2.);
#2196=CYLINDRICAL_SURFACE('',#2454,2.);
#2197=CYLINDRICAL_SURFACE('',#2457,1.99999999999999);
#2198=CYLINDRICAL_SURFACE('',#2460,2.00000002980232);
#2199=CYLINDRICAL_SURFACE('',#2463,2.);
#2200=CYLINDRICAL_SURFACE('',#2466,2.);
#2201=CYLINDRICAL_SURFACE('',#2469,2.);
#2202=CYLINDRICAL_SURFACE('',#2472,2.);
#2203=CYLINDRICAL_SURFACE('',#2475,1.99999999999999);
#2204=CYLINDRICAL_SURFACE('',#2478,2.);
#2205=CYLINDRICAL_SURFACE('',#2481,2.00000002980232);
#2206=CYLINDRICAL_SURFACE('',#2484,2.);
#2207=CYLINDRICAL_SURFACE('',#2487,2.00000002980232);
#2208=CYLINDRICAL_SURFACE('',#2490,2.);
#2209=CYLINDRICAL_SURFACE('',#2493,2.);
#2210=CYLINDRICAL_SURFACE('',#2496,2.);
#2211=CYLINDRICAL_SURFACE('',#2499,2.);
#2212=CYLINDRICAL_SURFACE('',#2502,1.99999999999999);
#2213=CYLINDRICAL_SURFACE('',#2505,2.00000002980232);
#2214=CYLINDRICAL_SURFACE('',#2508,2.);
#2215=CYLINDRICAL_SURFACE('',#2511,2.);
#2216=CYLINDRICAL_SURFACE('',#2514,2.);
#2217=CYLINDRICAL_SURFACE('',#2517,2.);
#2218=CYLINDRICAL_SURFACE('',#2520,2.);
#2219=CYLINDRICAL_SURFACE('',#2523,2.);
#2220=CYLINDRICAL_SURFACE('',#2526,2.);
#2221=CYLINDRICAL_SURFACE('',#2529,2.);
#2222=CYLINDRICAL_SURFACE('',#2532,8.5);
#2223=CYLINDRICAL_SURFACE('',#2535,3.);
#2224=CYLINDRICAL_SURFACE('',#2539,3.);
#2225=CYLINDRICAL_SURFACE('',#2543,3.);
#2226=CYLINDRICAL_SURFACE('',#2547,3.00000000000001);
#2227=CYLINDRICAL_SURFACE('',#2551,3.00000000000001);
#2228=CYLINDRICAL_SURFACE('',#2555,2.99999999999999);
#2229=CYLINDRICAL_SURFACE('',#2559,3.);
#2230=CYLINDRICAL_SURFACE('',#2563,3.);
#2231=CYLINDRICAL_SURFACE('',#2567,2.99999999999999);
#2232=CYLINDRICAL_SURFACE('',#2571,3.00000000000001);
#2233=CYLINDRICAL_SURFACE('',#2575,3.00000000000001);
#2234=CYLINDRICAL_SURFACE('',#2579,3.00000000000001);
#2235=CYLINDRICAL_SURFACE('',#2583,3.);
#2236=CYLINDRICAL_SURFACE('',#2587,3.);
#2237=CYLINDRICAL_SURFACE('',#2591,3.00000000000001);
#2238=CYLINDRICAL_SURFACE('',#2595,3.);
#2239=CYLINDRICAL_SURFACE('',#2599,2.99999999999998);
#2240=CYLINDRICAL_SURFACE('',#2603,3.00000000000001);
#2241=CYLINDRICAL_SURFACE('',#2607,3.00000000000002);
#2242=CYLINDRICAL_SURFACE('',#2611,3.00000000000001);
#2243=CYLINDRICAL_SURFACE('',#2615,3.);
#2244=CYLINDRICAL_SURFACE('',#2619,3.);
#2245=CYLINDRICAL_SURFACE('',#2623,3.00000000000001);
#2246=CYLINDRICAL_SURFACE('',#2627,3.00000000000002);
#2247=CYLINDRICAL_SURFACE('',#2631,3.00000000000001);
#2248=CYLINDRICAL_SURFACE('',#2635,2.99999999999998);
#2249=CYLINDRICAL_SURFACE('',#2639,3.);
#2250=CYLINDRICAL_SURFACE('',#2643,3.00000000000001);
#2251=ADVANCED_FACE('',(#151),#2170,.F.);
#2252=ADVANCED_FACE('',(#152),#2171,.F.);
#2253=ADVANCED_FACE('',(#153),#2172,.F.);
#2254=ADVANCED_FACE('',(#154),#2173,.F.);
#2255=ADVANCED_FACE('',(#155),#2174,.F.);
#2256=ADVANCED_FACE('',(#156),#2175,.F.);
#2257=ADVANCED_FACE('',(#157),#2176,.F.);
#2258=ADVANCED_FACE('',(#158),#2177,.F.);
#2259=ADVANCED_FACE('',(#159),#2178,.F.);
#2260=ADVANCED_FACE('',(#160),#2179,.F.);
#2261=ADVANCED_FACE('',(#161),#2180,.F.);
#2262=ADVANCED_FACE('',(#162),#2181,.F.);
#2263=ADVANCED_FACE('',(#163),#2182,.F.);
#2264=ADVANCED_FACE('',(#164),#2183,.F.);
#2265=ADVANCED_FACE('',(#165),#2184,.F.);
#2266=ADVANCED_FACE('',(#166),#2185,.F.);
#2267=ADVANCED_FACE('',(#167),#2186,.F.);
#2268=ADVANCED_FACE('',(#168),#2187,.F.);
#2269=ADVANCED_FACE('',(#169),#2188,.F.);
#2270=ADVANCED_FACE('',(#170),#2189,.F.);
#2271=ADVANCED_FACE('',(#171),#2190,.F.);
#2272=ADVANCED_FACE('',(#172),#2191,.F.);
#2273=ADVANCED_FACE('',(#173),#2192,.F.);
#2274=ADVANCED_FACE('',(#174),#2193,.F.);
#2275=ADVANCED_FACE('',(#175),#2194,.F.);
#2276=ADVANCED_FACE('',(#176),#2195,.F.);
#2277=ADVANCED_FACE('',(#177),#2196,.F.);
#2278=ADVANCED_FACE('',(#178),#2197,.F.);
#2279=ADVANCED_FACE('',(#179),#2198,.F.);
#2280=ADVANCED_FACE('',(#180),#2199,.F.);
#2281=ADVANCED_FACE('',(#181),#2200,.F.);
#2282=ADVANCED_FACE('',(#182),#2201,.F.);
#2283=ADVANCED_FACE('',(#183),#2202,.F.);
#2284=ADVANCED_FACE('',(#184),#2203,.F.);
#2285=ADVANCED_FACE('',(#185),#2204,.F.);
#2286=ADVANCED_FACE('',(#186),#2205,.F.);
#2287=ADVANCED_FACE('',(#187),#2206,.F.);
#2288=ADVANCED_FACE('',(#188),#2207,.F.);
#2289=ADVANCED_FACE('',(#189),#2208,.F.);
#2290=ADVANCED_FACE('',(#190),#2209,.F.);
#2291=ADVANCED_FACE('',(#191),#2210,.F.);
#2292=ADVANCED_FACE('',(#192),#2211,.F.);
#2293=ADVANCED_FACE('',(#193),#2212,.F.);
#2294=ADVANCED_FACE('',(#194),#2213,.F.);
#2295=ADVANCED_FACE('',(#195),#2214,.F.);
#2296=ADVANCED_FACE('',(#196),#2215,.F.);
#2297=ADVANCED_FACE('',(#197),#2216,.F.);
#2298=ADVANCED_FACE('',(#198),#2217,.F.);
#2299=ADVANCED_FACE('',(#199),#2218,.F.);
#2300=ADVANCED_FACE('',(#200),#2219,.F.);
#2301=ADVANCED_FACE('',(#201),#2220,.F.);
#2302=ADVANCED_FACE('',(#202),#2221,.F.);
#2303=ADVANCED_FACE('',(#203),#2222,.F.);
#2304=ADVANCED_FACE('',(#204),#2223,.F.);
#2305=ADVANCED_FACE('',(#205),#121,.T.);
#2306=ADVANCED_FACE('',(#206),#2224,.T.);
#2307=ADVANCED_FACE('',(#207),#122,.T.);
#2308=ADVANCED_FACE('',(#208),#2225,.T.);
#2309=ADVANCED_FACE('',(#209),#123,.T.);
#2310=ADVANCED_FACE('',(#210),#2226,.F.);
#2311=ADVANCED_FACE('',(#211),#124,.T.);
#2312=ADVANCED_FACE('',(#212),#2227,.T.);
#2313=ADVANCED_FACE('',(#213),#125,.T.);
#2314=ADVANCED_FACE('',(#214),#2228,.T.);
#2315=ADVANCED_FACE('',(#215),#126,.T.);
#2316=ADVANCED_FACE('',(#216),#2229,.F.);
#2317=ADVANCED_FACE('',(#217),#127,.T.);
#2318=ADVANCED_FACE('',(#218),#2230,.F.);
#2319=ADVANCED_FACE('',(#219),#128,.T.);
#2320=ADVANCED_FACE('',(#220),#2231,.T.);
#2321=ADVANCED_FACE('',(#221),#129,.T.);
#2322=ADVANCED_FACE('',(#222),#2232,.T.);
#2323=ADVANCED_FACE('',(#223),#130,.T.);
#2324=ADVANCED_FACE('',(#224),#2233,.F.);
#2325=ADVANCED_FACE('',(#225),#131,.T.);
#2326=ADVANCED_FACE('',(#226),#2234,.T.);
#2327=ADVANCED_FACE('',(#227),#132,.T.);
#2328=ADVANCED_FACE('',(#228),#2235,.T.);
#2329=ADVANCED_FACE('',(#229),#133,.T.);
#2330=ADVANCED_FACE('',(#230),#2236,.F.);
#2331=ADVANCED_FACE('',(#231),#134,.T.);
#2332=ADVANCED_FACE('',(#232),#2237,.F.);
#2333=ADVANCED_FACE('',(#233),#135,.T.);
#2334=ADVANCED_FACE('',(#234),#2238,.T.);
#2335=ADVANCED_FACE('',(#235),#136,.T.);
#2336=ADVANCED_FACE('',(#236),#2239,.T.);
#2337=ADVANCED_FACE('',(#237),#137,.T.);
#2338=ADVANCED_FACE('',(#238),#2240,.F.);
#2339=ADVANCED_FACE('',(#239),#138,.T.);
#2340=ADVANCED_FACE('',(#240),#2241,.T.);
#2341=ADVANCED_FACE('',(#241),#139,.T.);
#2342=ADVANCED_FACE('',(#242),#2242,.T.);
#2343=ADVANCED_FACE('',(#243),#140,.T.);
#2344=ADVANCED_FACE('',(#244),#2243,.F.);
#2345=ADVANCED_FACE('',(#245),#141,.T.);
#2346=ADVANCED_FACE('',(#246),#2244,.F.);
#2347=ADVANCED_FACE('',(#247),#142,.T.);
#2348=ADVANCED_FACE('',(#248),#2245,.T.);
#2349=ADVANCED_FACE('',(#249),#143,.T.);
#2350=ADVANCED_FACE('',(#250),#2246,.T.);
#2351=ADVANCED_FACE('',(#251),#144,.T.);
#2352=ADVANCED_FACE('',(#252),#2247,.F.);
#2353=ADVANCED_FACE('',(#253),#145,.T.);
#2354=ADVANCED_FACE('',(#254),#2248,.T.);
#2355=ADVANCED_FACE('',(#255),#146,.T.);
#2356=ADVANCED_FACE('',(#256),#2249,.T.);
#2357=ADVANCED_FACE('',(#257),#147,.T.);
#2358=ADVANCED_FACE('',(#258),#2250,.F.);
#2359=ADVANCED_FACE('',(#259),#148,.T.);
#2360=ADVANCED_FACE('',(#260,#15,#16,#17,#18,#19,#20,#21,#22,#23,#24,#25,
#26,#27,#28,#29,#30,#31,#32,#33,#34,#35,#36,#37,#38,#39,#40,#41,#42,#43,
#44,#45,#46,#47,#48,#49,#50,#51,#52,#53,#54,#55,#56,#57,#58,#59,#60,#61,
#62,#63,#64,#65,#66,#67),#149,.T.);
#2361=ADVANCED_FACE('',(#261,#68,#69,#70,#71,#72,#73,#74,#75,#76,#77,#78,
#79,#80,#81,#82,#83,#84,#85,#86,#87,#88,#89,#90,#91,#92,#93,#94,#95,#96,
#97,#98,#99,#100,#101,#102,#103,#104,#105,#106,#107,#108,#109,#110,#111,
#112,#113,#114,#115,#116,#117,#118,#119,#120),#150,.F.);
#2362=CLOSED_SHELL('',(#2251,#2252,#2253,#2254,#2255,#2256,#2257,#2258,
#2259,#2260,#2261,#2262,#2263,#2264,#2265,#2266,#2267,#2268,#2269,#2270,
#2271,#2272,#2273,#2274,#2275,#2276,#2277,#2278,#2279,#2280,#2281,#2282,
#2283,#2284,#2285,#2286,#2287,#2288,#2289,#2290,#2291,#2292,#2293,#2294,
#2295,#2296,#2297,#2298,#2299,#2300,#2301,#2302,#2303,#2304,#2305,#2306,
#2307,#2308,#2309,#2310,#2311,#2312,#2313,#2314,#2315,#2316,#2317,#2318,
#2319,#2320,#2321,#2322,#2323,#2324,#2325,#2326,#2327,#2328,#2329,#2330,
#2331,#2332,#2333,#2334,#2335,#2336,#2337,#2338,#2339,#2340,#2341,#2342,
#2343,#2344,#2345,#2346,#2347,#2348,#2349,#2350,#2351,#2352,#2353,#2354,
#2355,#2356,#2357,#2358,#2359,#2360,#2361));
#2363=DERIVED_UNIT_ELEMENT(#2365,1.);
#2364=DERIVED_UNIT_ELEMENT(#4024,-3.);
#2365=(
MASS_UNIT()
NAMED_UNIT(*)
SI_UNIT(.KILO.,.GRAM.)
);
#2366=DERIVED_UNIT((#2363,#2364));
#2367=MEASURE_REPRESENTATION_ITEM('density measure',
POSITIVE_RATIO_MEASURE(7850.),#2366);
#2368=PROPERTY_DEFINITION_REPRESENTATION(#2373,#2370);
#2369=PROPERTY_DEFINITION_REPRESENTATION(#2374,#2371);
#2370=REPRESENTATION('material name',(#2372),#4021);
#2371=REPRESENTATION('density',(#2367),#4021);
#2372=DESCRIPTIVE_REPRESENTATION_ITEM('Steel','Steel');
#2373=PROPERTY_DEFINITION('material property','material name',#4031);
#2374=PROPERTY_DEFINITION('material property','density of part',#4031);
#2375=AXIS2_PLACEMENT_3D('',#3362,#2649,#2650);
#2376=AXIS2_PLACEMENT_3D('',#3363,#2651,#2652);
#2377=AXIS2_PLACEMENT_3D('',#3365,#2653,#2654);
#2378=AXIS2_PLACEMENT_3D('',#3368,#2656,#2657);
#2379=AXIS2_PLACEMENT_3D('',#3369,#2658,#2659);
#2380=AXIS2_PLACEMENT_3D('',#3371,#2660,#2661);
#2381=AXIS2_PLACEMENT_3D('',#3374,#2663,#2664);
#2382=AXIS2_PLACEMENT_3D('',#3375,#2665,#2666);
#2383=AXIS2_PLACEMENT_3D('',#3377,#2667,#2668);
#2384=AXIS2_PLACEMENT_3D('',#3380,#2670,#2671);
#2385=AXIS2_PLACEMENT_3D('',#3381,#2672,#2673);
#2386=AXIS2_PLACEMENT_3D('',#3383,#2674,#2675);
#2387=AXIS2_PLACEMENT_3D('',#3386,#2677,#2678);
#2388=AXIS2_PLACEMENT_3D('',#3387,#2679,#2680);
#2389=AXIS2_PLACEMENT_3D('',#3389,#2681,#2682);
#2390=AXIS2_PLACEMENT_3D('',#3392,#2684,#2685);
#2391=AXIS2_PLACEMENT_3D('',#3393,#2686,#2687);
#2392=AXIS2_PLACEMENT_3D('',#3395,#2688,#2689);
#2393=AXIS2_PLACEMENT_3D('',#3398,#2691,#2692);
#2394=AXIS2_PLACEMENT_3D('',#3399,#2693,#2694);
#2395=AXIS2_PLACEMENT_3D('',#3401,#2695,#2696);
#2396=AXIS2_PLACEMENT_3D('',#3404,#2698,#2699);
#2397=AXIS2_PLACEMENT_3D('',#3405,#2700,#2701);
#2398=AXIS2_PLACEMENT_3D('',#3407,#2702,#2703);
#2399=AXIS2_PLACEMENT_3D('',#3410,#2705,#2706);
#2400=AXIS2_PLACEMENT_3D('',#3411,#2707,#2708);
#2401=AXIS2_PLACEMENT_3D('',#3413,#2709,#2710);
#2402=AXIS2_PLACEMENT_3D('',#3416,#2712,#2713);
#2403=AXIS2_PLACEMENT_3D('',#3417,#2714,#2715);
#2404=AXIS2_PLACEMENT_3D('',#3419,#2716,#2717);
#2405=AXIS2_PLACEMENT_3D('',#3422,#2719,#2720);
#2406=AXIS2_PLACEMENT_3D('',#3423,#2721,#2722);
#2407=AXIS2_PLACEMENT_3D('',#3425,#2723,#2724);
#2408=AXIS2_PLACEMENT_3D('',#3428,#2726,#2727);
#2409=AXIS2_PLACEMENT_3D('',#3429,#2728,#2729);
#2410=AXIS2_PLACEMENT_3D('',#3431,#2730,#2731);
#2411=AXIS2_PLACEMENT_3D('',#3434,#2733,#2734);
#2412=AXIS2_PLACEMENT_3D('',#3435,#2735,#2736);
#2413=AXIS2_PLACEMENT_3D('',#3437,#2737,#2738);
#2414=AXIS2_PLACEMENT_3D('',#3440,#2740,#2741);
#2415=AXIS2_PLACEMENT_3D('',#3441,#2742,#2743);
#2416=AXIS2_PLACEMENT_3D('',#3443,#2744,#2745);
#2417=AXIS2_PLACEMENT_3D('',#3446,#2747,#2748);
#2418=AXIS2_PLACEMENT_3D('',#3447,#2749,#2750);
#2419=AXIS2_PLACEMENT_3D('',#3449,#2751,#2752);
#2420=AXIS2_PLACEMENT_3D('',#3452,#2754,#2755);
#2421=AXIS2_PLACEMENT_3D('',#3453,#2756,#2757);
#2422=AXIS2_PLACEMENT_3D('',#3455,#2758,#2759);
#2423=AXIS2_PLACEMENT_3D('',#3458,#2761,#2762);
#2424=AXIS2_PLACEMENT_3D('',#3459,#2763,#2764);
#2425=AXIS2_PLACEMENT_3D('',#3461,#2765,#2766);
#2426=AXIS2_PLACEMENT_3D('',#3464,#2768,#2769);
#2427=AXIS2_PLACEMENT_3D('',#3465,#2770,#2771);
#2428=AXIS2_PLACEMENT_3D('',#3467,#2772,#2773);
#2429=AXIS2_PLACEMENT_3D('',#3470,#2775,#2776);
#2430=AXIS2_PLACEMENT_3D('',#3471,#2777,#2778);
#2431=AXIS2_PLACEMENT_3D('',#3473,#2779,#2780);
#2432=AXIS2_PLACEMENT_3D('',#3476,#2782,#2783);
#2433=AXIS2_PLACEMENT_3D('',#3477,#2784,#2785);
#2434=AXIS2_PLACEMENT_3D('',#3479,#2786,#2787);
#2435=AXIS2_PLACEMENT_3D('',#3482,#2789,#2790);
#2436=AXIS2_PLACEMENT_3D('',#3483,#2791,#2792);
#2437=AXIS2_PLACEMENT_3D('',#3485,#2793,#2794);
#2438=AXIS2_PLACEMENT_3D('',#3488,#2796,#2797);
#2439=AXIS2_PLACEMENT_3D('',#3489,#2798,#2799);
#2440=AXIS2_PLACEMENT_3D('',#3491,#2800,#2801);
#2441=AXIS2_PLACEMENT_3D('',#3494,#2803,#2804);
#2442=AXIS2_PLACEMENT_3D('',#3495,#2805,#2806);
#2443=AXIS2_PLACEMENT_3D('',#3497,#2807,#2808);
#2444=AXIS2_PLACEMENT_3D('',#3500,#2810,#2811);
#2445=AXIS2_PLACEMENT_3D('',#3501,#2812,#2813);
#2446=AXIS2_PLACEMENT_3D('',#3503,#2814,#2815);
#2447=AXIS2_PLACEMENT_3D('',#3506,#2817,#2818);
#2448=AXIS2_PLACEMENT_3D('',#3507,#2819,#2820);
#2449=AXIS2_PLACEMENT_3D('',#3509,#2821,#2822);
#2450=AXIS2_PLACEMENT_3D('',#3512,#2824,#2825);
#2451=AXIS2_PLACEMENT_3D('',#3513,#2826,#2827);
#2452=AXIS2_PLACEMENT_3D('',#3515,#2828,#2829);
#2453=AXIS2_PLACEMENT_3D('',#3518,#2831,#2832);
#2454=AXIS2_PLACEMENT_3D('',#3519,#2833,#2834);
#2455=AXIS2_PLACEMENT_3D('',#3521,#2835,#2836);
#2456=AXIS2_PLACEMENT_3D('',#3524,#2838,#2839);
#2457=AXIS2_PLACEMENT_3D('',#3525,#2840,#2841);
#2458=AXIS2_PLACEMENT_3D('',#3527,#2842,#2843);
#2459=AXIS2_PLACEMENT_3D('',#3530,#2845,#2846);
#2460=AXIS2_PLACEMENT_3D('',#3531,#2847,#2848);
#2461=AXIS2_PLACEMENT_3D('',#3533,#2849,#2850);
#2462=AXIS2_PLACEMENT_3D('',#3536,#2852,#2853);
#2463=AXIS2_PLACEMENT_3D('',#3537,#2854,#2855);
#2464=AXIS2_PLACEMENT_3D('',#3539,#2856,#2857);
#2465=AXIS2_PLACEMENT_3D('',#3542,#2859,#2860);
#2466=AXIS2_PLACEMENT_3D('',#3543,#2861,#2862);
#2467=AXIS2_PLACEMENT_3D('',#3545,#2863,#2864);
#2468=AXIS2_PLACEMENT_3D('',#3548,#2866,#2867);
#2469=AXIS2_PLACEMENT_3D('',#3549,#2868,#2869);
#2470=AXIS2_PLACEMENT_3D('',#3551,#2870,#2871);
#2471=AXIS2_PLACEMENT_3D('',#3554,#2873,#2874);
#2472=AXIS2_PLACEMENT_3D('',#3555,#2875,#2876);
#2473=AXIS2_PLACEMENT_3D('',#3557,#2877,#2878);
#2474=AXIS2_PLACEMENT_3D('',#3560,#2880,#2881);
#2475=AXIS2_PLACEMENT_3D('',#3561,#2882,#2883);
#2476=AXIS2_PLACEMENT_3D('',#3563,#2884,#2885);
#2477=AXIS2_PLACEMENT_3D('',#3566,#2887,#2888);
#2478=AXIS2_PLACEMENT_3D('',#3567,#2889,#2890);
#2479=AXIS2_PLACEMENT_3D('',#3569,#2891,#2892);
#2480=AXIS2_PLACEMENT_3D('',#3572,#2894,#2895);
#2481=AXIS2_PLACEMENT_3D('',#3573,#2896,#2897);
#2482=AXIS2_PLACEMENT_3D('',#3575,#2898,#2899);
#2483=AXIS2_PLACEMENT_3D('',#3578,#2901,#2902);
#2484=AXIS2_PLACEMENT_3D('',#3579,#2903,#2904);
#2485=AXIS2_PLACEMENT_3D('',#3581,#2905,#2906);
#2486=AXIS2_PLACEMENT_3D('',#3584,#2908,#2909);
#2487=AXIS2_PLACEMENT_3D('',#3585,#2910,#2911);
#2488=AXIS2_PLACEMENT_3D('',#3587,#2912,#2913);
#2489=AXIS2_PLACEMENT_3D('',#3590,#2915,#2916);
#2490=AXIS2_PLACEMENT_3D('',#3591,#2917,#2918);
#2491=AXIS2_PLACEMENT_3D('',#3593,#2919,#2920);
#2492=AXIS2_PLACEMENT_3D('',#3596,#2922,#2923);
#2493=AXIS2_PLACEMENT_3D('',#3597,#2924,#2925);
#2494=AXIS2_PLACEMENT_3D('',#3599,#2926,#2927);
#2495=AXIS2_PLACEMENT_3D('',#3602,#2929,#2930);
#2496=AXIS2_PLACEMENT_3D('',#3603,#2931,#2932);
#2497=AXIS2_PLACEMENT_3D('',#3605,#2933,#2934);
#2498=AXIS2_PLACEMENT_3D('',#3608,#2936,#2937);
#2499=AXIS2_PLACEMENT_3D('',#3609,#2938,#2939);
#2500=AXIS2_PLACEMENT_3D('',#3611,#2940,#2941);
#2501=AXIS2_PLACEMENT_3D('',#3614,#2943,#2944);
#2502=AXIS2_PLACEMENT_3D('',#3615,#2945,#2946);
#2503=AXIS2_PLACEMENT_3D('',#3617,#2947,#2948);
#2504=AXIS2_PLACEMENT_3D('',#3620,#2950,#2951);
#2505=AXIS2_PLACEMENT_3D('',#3621,#2952,#2953);
#2506=AXIS2_PLACEMENT_3D('',#3623,#2954,#2955);
#2507=AXIS2_PLACEMENT_3D('',#3626,#2957,#2958);
#2508=AXIS2_PLACEMENT_3D('',#3627,#2959,#2960);
#2509=AXIS2_PLACEMENT_3D('',#3629,#2961,#2962);
#2510=AXIS2_PLACEMENT_3D('',#3632,#2964,#2965);
#2511=AXIS2_PLACEMENT_3D('',#3633,#2966,#2967);
#2512=AXIS2_PLACEMENT_3D('',#3635,#2968,#2969);
#2513=AXIS2_PLACEMENT_3D('',#3638,#2971,#2972);
#2514=AXIS2_PLACEMENT_3D('',#3639,#2973,#2974);
#2515=AXIS2_PLACEMENT_3D('',#3641,#2975,#2976);
#2516=AXIS2_PLACEMENT_3D('',#3644,#2978,#2979);
#2517=AXIS2_PLACEMENT_3D('',#3645,#2980,#2981);
#2518=AXIS2_PLACEMENT_3D('',#3647,#2982,#2983);
#2519=AXIS2_PLACEMENT_3D('',#3650,#2985,#2986);
#2520=AXIS2_PLACEMENT_3D('',#3651,#2987,#2988);
#2521=AXIS2_PLACEMENT_3D('',#3653,#2989,#2990);
#2522=AXIS2_PLACEMENT_3D('',#3656,#2992,#2993);
#2523=AXIS2_PLACEMENT_3D('',#3657,#2994,#2995);
#2524=AXIS2_PLACEMENT_3D('',#3659,#2996,#2997);
#2525=AXIS2_PLACEMENT_3D('',#3662,#2999,#3000);
#2526=AXIS2_PLACEMENT_3D('',#3663,#3001,#3002);
#2527=AXIS2_PLACEMENT_3D('',#3665,#3003,#3004);
#2528=AXIS2_PLACEMENT_3D('',#3668,#3006,#3007);
#2529=AXIS2_PLACEMENT_3D('',#3669,#3008,#3009);
#2530=AXIS2_PLACEMENT_3D('',#3671,#3010,#3011);
#2531=AXIS2_PLACEMENT_3D('',#3674,#3013,#3014);
#2532=AXIS2_PLACEMENT_3D('',#3675,#3015,#3016);
#2533=AXIS2_PLACEMENT_3D('',#3677,#3017,#3018);
#2534=AXIS2_PLACEMENT_3D('',#3680,#3020,#3021);
#2535=AXIS2_PLACEMENT_3D('',#3681,#3022,#3023);
#2536=AXIS2_PLACEMENT_3D('',#3684,#3024,#3025);
#2537=AXIS2_PLACEMENT_3D('',#3688,#3027,#3028);
#2538=AXIS2_PLACEMENT_3D('',#3690,#3030,#3031);
#2539=AXIS2_PLACEMENT_3D('',#3696,#3035,#3036);
#2540=AXIS2_PLACEMENT_3D('',#3698,#3037,#3038);
#2541=AXIS2_PLACEMENT_3D('',#3700,#3039,#3040);
#2542=AXIS2_PLACEMENT_3D('',#3702,#3042,#3043);
#2543=AXIS2_PLACEMENT_3D('',#3708,#3047,#3048);
#2544=AXIS2_PLACEMENT_3D('',#3710,#3049,#3050);
#2545=AXIS2_PLACEMENT_3D('',#3712,#3051,#3052);
#2546=AXIS2_PLACEMENT_3D('',#3714,#3054,#3055);
#2547=AXIS2_PLACEMENT_3D('',#3720,#3059,#3060);
#2548=AXIS2_PLACEMENT_3D('',#3722,#3061,#3062);
#2549=AXIS2_PLACEMENT_3D('',#3724,#3063,#3064);
#2550=AXIS2_PLACEMENT_3D('',#3726,#3066,#3067);
#2551=AXIS2_PLACEMENT_3D('',#3732,#3071,#3072);
#2552=AXIS2_PLACEMENT_3D('',#3734,#3073,#3074);
#2553=AXIS2_PLACEMENT_3D('',#3736,#3075,#3076);
#2554=AXIS2_PLACEMENT_3D('',#3738,#3078,#3079);
#2555=AXIS2_PLACEMENT_3D('',#3744,#3083,#3084);
#2556=AXIS2_PLACEMENT_3D('',#3746,#3085,#3086);
#2557=AXIS2_PLACEMENT_3D('',#3748,#3087,#3088);
#2558=AXIS2_PLACEMENT_3D('',#3750,#3090,#3091);
#2559=AXIS2_PLACEMENT_3D('',#3756,#3095,#3096);
#2560=AXIS2_PLACEMENT_3D('',#3758,#3097,#3098);
#2561=AXIS2_PLACEMENT_3D('',#3760,#3099,#3100);
#2562=AXIS2_PLACEMENT_3D('',#3762,#3102,#3103);
#2563=AXIS2_PLACEMENT_3D('',#3768,#3107,#3108);
#2564=AXIS2_PLACEMENT_3D('',#3770,#3109,#3110);
#2565=AXIS2_PLACEMENT_3D('',#3772,#3111,#3112);
#2566=AXIS2_PLACEMENT_3D('',#3774,#3114,#3115);
#2567=AXIS2_PLACEMENT_3D('',#3780,#3119,#3120);
#2568=AXIS2_PLACEMENT_3D('',#3782,#3121,#3122);
#2569=AXIS2_PLACEMENT_3D('',#3784,#3123,#3124);
#2570=AXIS2_PLACEMENT_3D('',#3786,#3126,#3127);
#2571=AXIS2_PLACEMENT_3D('',#3792,#3131,#3132);
#2572=AXIS2_PLACEMENT_3D('',#3794,#3133,#3134);
#2573=AXIS2_PLACEMENT_3D('',#3796,#3135,#3136);
#2574=AXIS2_PLACEMENT_3D('',#3798,#3138,#3139);
#2575=AXIS2_PLACEMENT_3D('',#3804,#3143,#3144);
#2576=AXIS2_PLACEMENT_3D('',#3806,#3145,#3146);
#2577=AXIS2_PLACEMENT_3D('',#3808,#3147,#3148);
#2578=AXIS2_PLACEMENT_3D('',#3810,#3150,#3151);
#2579=AXIS2_PLACEMENT_3D('',#3816,#3155,#3156);
#2580=AXIS2_PLACEMENT_3D('',#3818,#3157,#3158);
#2581=AXIS2_PLACEMENT_3D('',#3820,#3159,#3160);
#2582=AXIS2_PLACEMENT_3D('',#3822,#3162,#3163);
#2583=AXIS2_PLACEMENT_3D('',#3828,#3167,#3168);
#2584=AXIS2_PLACEMENT_3D('',#3830,#3169,#3170);
#2585=AXIS2_PLACEMENT_3D('',#3832,#3171,#3172);
#2586=AXIS2_PLACEMENT_3D('',#3834,#3174,#3175);
#2587=AXIS2_PLACEMENT_3D('',#3840,#3179,#3180);
#2588=AXIS2_PLACEMENT_3D('',#3842,#3181,#3182);
#2589=AXIS2_PLACEMENT_3D('',#3844,#3183,#3184);
#2590=AXIS2_PLACEMENT_3D('',#3846,#3186,#3187);
#2591=AXIS2_PLACEMENT_3D('',#3852,#3191,#3192);
#2592=AXIS2_PLACEMENT_3D('',#3854,#3193,#3194);
#2593=AXIS2_PLACEMENT_3D('',#3856,#3195,#3196);
#2594=AXIS2_PLACEMENT_3D('',#3858,#3198,#3199);
#2595=AXIS2_PLACEMENT_3D('',#3864,#3203,#3204);
#2596=AXIS2_PLACEMENT_3D('',#3866,#3205,#3206);
#2597=AXIS2_PLACEMENT_3D('',#3868,#3207,#3208);
#2598=AXIS2_PLACEMENT_3D('',#3870,#3210,#3211);
#2599=AXIS2_PLACEMENT_3D('',#3876,#3215,#3216);
#2600=AXIS2_PLACEMENT_3D('',#3878,#3217,#3218);
#2601=AXIS2_PLACEMENT_3D('',#3880,#3219,#3220);
#2602=AXIS2_PLACEMENT_3D('',#3882,#3222,#3223);
#2603=AXIS2_PLACEMENT_3D('',#3888,#3227,#3228);
#2604=AXIS2_PLACEMENT_3D('',#3890,#3229,#3230);
#2605=AXIS2_PLACEMENT_3D('',#3892,#3231,#3232);
#2606=AXIS2_PLACEMENT_3D('',#3894,#3234,#3235);
#2607=AXIS2_PLACEMENT_3D('',#3900,#3239,#3240);
#2608=AXIS2_PLACEMENT_3D('',#3902,#3241,#3242);
#2609=AXIS2_PLACEMENT_3D('',#3904,#3243,#3244);
#2610=AXIS2_PLACEMENT_3D('',#3906,#3246,#3247);
#2611=AXIS2_PLACEMENT_3D('',#3912,#3251,#3252);
#2612=AXIS2_PLACEMENT_3D('',#3914,#3253,#3254);
#2613=AXIS2_PLACEMENT_3D('',#3916,#3255,#3256);
#2614=AXIS2_PLACEMENT_3D('',#3918,#3258,#3259);
#2615=AXIS2_PLACEMENT_3D('',#3924,#3263,#3264);
#2616=AXIS2_PLACEMENT_3D('',#3926,#3265,#3266);
#2617=AXIS2_PLACEMENT_3D('',#3928,#3267,#3268);
#2618=AXIS2_PLACEMENT_3D('',#3930,#3270,#3271);
#2619=AXIS2_PLACEMENT_3D('',#3936,#3275,#3276);
#2620=AXIS2_PLACEMENT_3D('',#3938,#3277,#3278);
#2621=AXIS2_PLACEMENT_3D('',#3940,#3279,#3280);
#2622=AXIS2_PLACEMENT_3D('',#3942,#3282,#3283);
#2623=AXIS2_PLACEMENT_3D('',#3948,#3287,#3288);
#2624=AXIS2_PLACEMENT_3D('',#3950,#3289,#3290);
#2625=AXIS2_PLACEMENT_3D('',#3952,#3291,#3292);
#2626=AXIS2_PLACEMENT_3D('',#3954,#3294,#3295);
#2627=AXIS2_PLACEMENT_3D('',#3960,#3299,#3300);
#2628=AXIS2_PLACEMENT_3D('',#3962,#3301,#3302);
#2629=AXIS2_PLACEMENT_3D('',#3964,#3303,#3304);
#2630=AXIS2_PLACEMENT_3D('',#3966,#3306,#3307);
#2631=AXIS2_PLACEMENT_3D('',#3972,#3311,#3312);
#2632=AXIS2_PLACEMENT_3D('',#3974,#3313,#3314);
#2633=AXIS2_PLACEMENT_3D('',#3976,#3315,#3316);
#2634=AXIS2_PLACEMENT_3D('',#3978,#3318,#3319);
#2635=AXIS2_PLACEMENT_3D('',#3984,#3323,#3324);
#2636=AXIS2_PLACEMENT_3D('',#3986,#3325,#3326);
#2637=AXIS2_PLACEMENT_3D('',#3988,#3327,#3328);
#2638=AXIS2_PLACEMENT_3D('',#3990,#3330,#3331);
#2639=AXIS2_PLACEMENT_3D('',#3996,#3335,#3336);
#2640=AXIS2_PLACEMENT_3D('',#3998,#3337,#3338);
#2641=AXIS2_PLACEMENT_3D('',#4000,#3339,#3340);
#2642=AXIS2_PLACEMENT_3D('',#4002,#3342,#3343);
#2643=AXIS2_PLACEMENT_3D('',#4008,#3347,#3348);
#2644=AXIS2_PLACEMENT_3D('',#4010,#3349,#3350);
#2645=AXIS2_PLACEMENT_3D('',#4012,#3351,#3352);
#2646=AXIS2_PLACEMENT_3D('',#4014,#3354,#3355);
#2647=AXIS2_PLACEMENT_3D('',#4017,#3358,#3359);
#2648=AXIS2_PLACEMENT_3D('',#4018,#3360,#3361);
#2649=DIRECTION('axis',(0.,0.,1.));
#2650=DIRECTION('refdir',(1.,0.,0.));
#2651=DIRECTION('center_axis',(0.,0.,-1.));
#2652=DIRECTION('ref_axis',(-1.,0.,0.));
#2653=DIRECTION('center_axis',(0.,0.,-1.));
#2654=DIRECTION('ref_axis',(-1.,0.,0.));
#2655=DIRECTION('',(0.,0.,-1.));
#2656=DIRECTION('center_axis',(0.,0.,1.));
#2657=DIRECTION('ref_axis',(-1.,0.,0.));
#2658=DIRECTION('center_axis',(0.,0.,-1.));
#2659=DIRECTION('ref_axis',(-1.,0.,0.));
#2660=DIRECTION('center_axis',(0.,0.,-1.));
#2661=DIRECTION('ref_axis',(-1.,0.,0.));
#2662=DIRECTION('',(0.,0.,-1.));
#2663=DIRECTION('center_axis',(0.,0.,1.));
#2664=DIRECTION('ref_axis',(-1.,0.,0.));
#2665=DIRECTION('center_axis',(0.,0.,-1.));
#2666=DIRECTION('ref_axis',(-1.,0.,0.));
#2667=DIRECTION('center_axis',(0.,0.,-1.));
#2668=DIRECTION('ref_axis',(-1.,0.,0.));
#2669=DIRECTION('',(0.,0.,-1.));
#2670=DIRECTION('center_axis',(0.,0.,1.));
#2671=DIRECTION('ref_axis',(-1.,0.,0.));
#2672=DIRECTION('center_axis',(0.,0.,-1.));
#2673=DIRECTION('ref_axis',(-1.,0.,0.));
#2674=DIRECTION('center_axis',(0.,0.,-1.));
#2675=DIRECTION('ref_axis',(-1.,0.,0.));
#2676=DIRECTION('',(0.,0.,-1.));
#2677=DIRECTION('center_axis',(0.,0.,1.));
#2678=DIRECTION('ref_axis',(-1.,0.,0.));
#2679=DIRECTION('center_axis',(0.,0.,-1.));
#2680=DIRECTION('ref_axis',(-1.,0.,0.));
#2681=DIRECTION('center_axis',(0.,0.,-1.));
#2682=DIRECTION('ref_axis',(-1.,0.,0.));
#2683=DIRECTION('',(0.,0.,-1.));
#2684=DIRECTION('center_axis',(0.,0.,1.));
#2685=DIRECTION('ref_axis',(-1.,0.,0.));
#2686=DIRECTION('center_axis',(0.,0.,-1.));
#2687=DIRECTION('ref_axis',(-1.,0.,0.));
#2688=DIRECTION('center_axis',(0.,0.,-1.));
#2689=DIRECTION('ref_axis',(-1.,0.,0.));
#2690=DIRECTION('',(0.,0.,-1.));
#2691=DIRECTION('center_axis',(0.,0.,1.));
#2692=DIRECTION('ref_axis',(-1.,0.,0.));
#2693=DIRECTION('center_axis',(0.,0.,-1.));
#2694=DIRECTION('ref_axis',(-1.,0.,0.));
#2695=DIRECTION('center_axis',(0.,0.,-1.));
#2696=DIRECTION('ref_axis',(-1.,0.,0.));
#2697=DIRECTION('',(0.,0.,-1.));
#2698=DIRECTION('center_axis',(0.,0.,1.));
#2699=DIRECTION('ref_axis',(-1.,0.,0.));
#2700=DIRECTION('center_axis',(0.,0.,-1.));
#2701=DIRECTION('ref_axis',(-1.,0.,0.));
#2702=DIRECTION('center_axis',(0.,0.,-1.));
#2703=DIRECTION('ref_axis',(-1.,0.,0.));
#2704=DIRECTION('',(0.,0.,-1.));
#2705=DIRECTION('center_axis',(0.,0.,1.));
#2706=DIRECTION('ref_axis',(-1.,0.,0.));
#2707=DIRECTION('center_axis',(0.,0.,-1.));
#2708=DIRECTION('ref_axis',(-1.,0.,0.));
#2709=DIRECTION('center_axis',(0.,0.,-1.));
#2710=DIRECTION('ref_axis',(-1.,0.,0.));
#2711=DIRECTION('',(0.,0.,-1.));
#2712=DIRECTION('center_axis',(0.,0.,1.));
#2713=DIRECTION('ref_axis',(-1.,0.,0.));
#2714=DIRECTION('center_axis',(0.,0.,-1.));
#2715=DIRECTION('ref_axis',(-1.,0.,0.));
#2716=DIRECTION('center_axis',(0.,0.,-1.));
#2717=DIRECTION('ref_axis',(-1.,0.,0.));
#2718=DIRECTION('',(0.,0.,-1.));
#2719=DIRECTION('center_axis',(0.,0.,1.));
#2720=DIRECTION('ref_axis',(-1.,0.,0.));
#2721=DIRECTION('center_axis',(0.,0.,-1.));
#2722=DIRECTION('ref_axis',(-1.,0.,0.));
#2723=DIRECTION('center_axis',(0.,0.,-1.));
#2724=DIRECTION('ref_axis',(-1.,0.,0.));
#2725=DIRECTION('',(0.,0.,-1.));
#2726=DIRECTION('center_axis',(0.,0.,1.));
#2727=DIRECTION('ref_axis',(-1.,0.,0.));
#2728=DIRECTION('center_axis',(0.,0.,-1.));
#2729=DIRECTION('ref_axis',(-1.,0.,0.));
#2730=DIRECTION('center_axis',(0.,0.,-1.));
#2731=DIRECTION('ref_axis',(-1.,0.,0.));
#2732=DIRECTION('',(0.,0.,-1.));
#2733=DIRECTION('center_axis',(0.,0.,1.));
#2734=DIRECTION('ref_axis',(-1.,0.,0.));
#2735=DIRECTION('center_axis',(0.,0.,-1.));
#2736=DIRECTION('ref_axis',(-1.,0.,0.));
#2737=DIRECTION('center_axis',(0.,0.,-1.));
#2738=DIRECTION('ref_axis',(-1.,0.,0.));
#2739=DIRECTION('',(0.,0.,-1.));
#2740=DIRECTION('center_axis',(0.,0.,1.));
#2741=DIRECTION('ref_axis',(-1.,0.,0.));
#2742=DIRECTION('center_axis',(0.,0.,-1.));
#2743=DIRECTION('ref_axis',(-1.,0.,0.));
#2744=DIRECTION('center_axis',(0.,0.,-1.));
#2745=DIRECTION('ref_axis',(-1.,0.,0.));
#2746=DIRECTION('',(0.,0.,-1.));
#2747=DIRECTION('center_axis',(0.,0.,1.));
#2748=DIRECTION('ref_axis',(-1.,0.,0.));
#2749=DIRECTION('center_axis',(0.,0.,-1.));
#2750=DIRECTION('ref_axis',(-1.,0.,0.));
#2751=DIRECTION('center_axis',(0.,0.,-1.));
#2752=DIRECTION('ref_axis',(-1.,0.,0.));
#2753=DIRECTION('',(0.,0.,-1.));
#2754=DIRECTION('center_axis',(0.,0.,1.));
#2755=DIRECTION('ref_axis',(-1.,0.,0.));
#2756=DIRECTION('center_axis',(0.,0.,-1.));
#2757=DIRECTION('ref_axis',(-1.,0.,0.));
#2758=DIRECTION('center_axis',(0.,0.,-1.));
#2759=DIRECTION('ref_axis',(-1.,0.,0.));
#2760=DIRECTION('',(0.,0.,-1.));
#2761=DIRECTION('center_axis',(0.,0.,1.));
#2762=DIRECTION('ref_axis',(-1.,0.,0.));
#2763=DIRECTION('center_axis',(0.,0.,-1.));
#2764=DIRECTION('ref_axis',(-1.,0.,0.));
#2765=DIRECTION('center_axis',(0.,0.,-1.));
#2766=DIRECTION('ref_axis',(-1.,0.,0.));
#2767=DIRECTION('',(0.,0.,-1.));
#2768=DIRECTION('center_axis',(0.,0.,1.));
#2769=DIRECTION('ref_axis',(-1.,0.,0.));
#2770=DIRECTION('center_axis',(0.,0.,-1.));
#2771=DIRECTION('ref_axis',(-1.,0.,0.));
#2772=DIRECTION('center_axis',(0.,0.,-1.));
#2773=DIRECTION('ref_axis',(-1.,0.,0.));
#2774=DIRECTION('',(0.,0.,-1.));
#2775=DIRECTION('center_axis',(0.,0.,1.));
#2776=DIRECTION('ref_axis',(-1.,0.,0.));
#2777=DIRECTION('center_axis',(0.,0.,-1.));
#2778=DIRECTION('ref_axis',(-1.,0.,0.));
#2779=DIRECTION('center_axis',(0.,0.,-1.));
#2780=DIRECTION('ref_axis',(-1.,0.,0.));
#2781=DIRECTION('',(0.,0.,-1.));
#2782=DIRECTION('center_axis',(0.,0.,1.));
#2783=DIRECTION('ref_axis',(-1.,0.,0.));
#2784=DIRECTION('center_axis',(0.,0.,-1.));
#2785=DIRECTION('ref_axis',(-1.,0.,0.));
#2786=DIRECTION('center_axis',(0.,0.,-1.));
#2787=DIRECTION('ref_axis',(-1.,0.,0.));
#2788=DIRECTION('',(0.,0.,-1.));
#2789=DIRECTION('center_axis',(0.,0.,1.));
#2790=DIRECTION('ref_axis',(-1.,0.,0.));
#2791=DIRECTION('center_axis',(0.,0.,-1.));
#2792=DIRECTION('ref_axis',(-1.,0.,0.));
#2793=DIRECTION('center_axis',(0.,0.,-1.));
#2794=DIRECTION('ref_axis',(-1.,0.,0.));
#2795=DIRECTION('',(0.,0.,-1.));
#2796=DIRECTION('center_axis',(0.,0.,1.));
#2797=DIRECTION('ref_axis',(-1.,0.,0.));
#2798=DIRECTION('center_axis',(0.,0.,-1.));
#2799=DIRECTION('ref_axis',(-1.,0.,0.));
#2800=DIRECTION('center_axis',(0.,0.,-1.));
#2801=DIRECTION('ref_axis',(-1.,0.,0.));
#2802=DIRECTION('',(0.,0.,-1.));
#2803=DIRECTION('center_axis',(0.,0.,1.));
#2804=DIRECTION('ref_axis',(-1.,0.,0.));
#2805=DIRECTION('center_axis',(0.,0.,-1.));
#2806=DIRECTION('ref_axis',(-1.,0.,0.));
#2807=DIRECTION('center_axis',(0.,0.,-1.));
#2808=DIRECTION('ref_axis',(-1.,0.,0.));
#2809=DIRECTION('',(0.,0.,-1.));
#2810=DIRECTION('center_axis',(0.,0.,1.));
#2811=DIRECTION('ref_axis',(-1.,0.,0.));
#2812=DIRECTION('center_axis',(0.,0.,-1.));
#2813=DIRECTION('ref_axis',(-1.,0.,0.));
#2814=DIRECTION('center_axis',(0.,0.,-1.));
#2815=DIRECTION('ref_axis',(-1.,0.,0.));
#2816=DIRECTION('',(0.,0.,-1.));
#2817=DIRECTION('center_axis',(0.,0.,1.));
#2818=DIRECTION('ref_axis',(-1.,0.,0.));
#2819=DIRECTION('center_axis',(0.,0.,-1.));
#2820=DIRECTION('ref_axis',(-1.,0.,0.));
#2821=DIRECTION('center_axis',(0.,0.,-1.));
#2822=DIRECTION('ref_axis',(-1.,0.,0.));
#2823=DIRECTION('',(0.,0.,-1.));
#2824=DIRECTION('center_axis',(0.,0.,1.));
#2825=DIRECTION('ref_axis',(-1.,0.,0.));
#2826=DIRECTION('center_axis',(0.,0.,-1.));
#2827=DIRECTION('ref_axis',(-1.,0.,0.));
#2828=DIRECTION('center_axis',(0.,0.,-1.));
#2829=DIRECTION('ref_axis',(-1.,0.,0.));
#2830=DIRECTION('',(0.,0.,-1.));
#2831=DIRECTION('center_axis',(0.,0.,1.));
#2832=DIRECTION('ref_axis',(-1.,0.,0.));
#2833=DIRECTION('center_axis',(0.,0.,-1.));
#2834=DIRECTION('ref_axis',(-1.,0.,0.));
#2835=DIRECTION('center_axis',(0.,0.,-1.));
#2836=DIRECTION('ref_axis',(-1.,0.,0.));
#2837=DIRECTION('',(0.,0.,-1.));
#2838=DIRECTION('center_axis',(0.,0.,1.));
#2839=DIRECTION('ref_axis',(-1.,0.,0.));
#2840=DIRECTION('center_axis',(0.,0.,-1.));
#2841=DIRECTION('ref_axis',(-1.,0.,0.));
#2842=DIRECTION('center_axis',(0.,0.,-1.));
#2843=DIRECTION('ref_axis',(-1.,0.,0.));
#2844=DIRECTION('',(0.,0.,-1.));
#2845=DIRECTION('center_axis',(0.,0.,1.));
#2846=DIRECTION('ref_axis',(-1.,0.,0.));
#2847=DIRECTION('center_axis',(0.,0.,-1.));
#2848=DIRECTION('ref_axis',(-1.,0.,0.));
#2849=DIRECTION('center_axis',(0.,0.,-1.));
#2850=DIRECTION('ref_axis',(-1.,0.,0.));
#2851=DIRECTION('',(0.,0.,-1.));
#2852=DIRECTION('center_axis',(0.,0.,1.));
#2853=DIRECTION('ref_axis',(-1.,0.,0.));
#2854=DIRECTION('center_axis',(0.,0.,-1.));
#2855=DIRECTION('ref_axis',(-1.,0.,0.));
#2856=DIRECTION('center_axis',(0.,0.,-1.));
#2857=DIRECTION('ref_axis',(-1.,0.,0.));
#2858=DIRECTION('',(0.,0.,-1.));
#2859=DIRECTION('center_axis',(0.,0.,1.));
#2860=DIRECTION('ref_axis',(-1.,0.,0.));
#2861=DIRECTION('center_axis',(0.,0.,-1.));
#2862=DIRECTION('ref_axis',(-1.,0.,0.));
#2863=DIRECTION('center_axis',(0.,0.,-1.));
#2864=DIRECTION('ref_axis',(-1.,0.,0.));
#2865=DIRECTION('',(0.,0.,-1.));
#2866=DIRECTION('center_axis',(0.,0.,1.));
#2867=DIRECTION('ref_axis',(-1.,0.,0.));
#2868=DIRECTION('center_axis',(0.,0.,-1.));
#2869=DIRECTION('ref_axis',(-1.,0.,0.));
#2870=DIRECTION('center_axis',(0.,0.,-1.));
#2871=DIRECTION('ref_axis',(-1.,0.,0.));
#2872=DIRECTION('',(0.,0.,-1.));
#2873=DIRECTION('center_axis',(0.,0.,1.));
#2874=DIRECTION('ref_axis',(-1.,0.,0.));
#2875=DIRECTION('center_axis',(0.,0.,-1.));
#2876=DIRECTION('ref_axis',(-1.,0.,0.));
#2877=DIRECTION('center_axis',(0.,0.,-1.));
#2878=DIRECTION('ref_axis',(-1.,0.,0.));
#2879=DIRECTION('',(0.,0.,-1.));
#2880=DIRECTION('center_axis',(0.,0.,1.));
#2881=DIRECTION('ref_axis',(-1.,0.,0.));
#2882=DIRECTION('center_axis',(0.,0.,-1.));
#2883=DIRECTION('ref_axis',(-1.,0.,0.));
#2884=DIRECTION('center_axis',(0.,0.,-1.));
#2885=DIRECTION('ref_axis',(-1.,0.,0.));
#2886=DIRECTION('',(0.,0.,-1.));
#2887=DIRECTION('center_axis',(0.,0.,1.));
#2888=DIRECTION('ref_axis',(-1.,0.,0.));
#2889=DIRECTION('center_axis',(0.,0.,-1.));
#2890=DIRECTION('ref_axis',(-1.,0.,0.));
#2891=DIRECTION('center_axis',(0.,0.,-1.));
#2892=DIRECTION('ref_axis',(-1.,0.,0.));
#2893=DIRECTION('',(0.,0.,-1.));
#2894=DIRECTION('center_axis',(0.,0.,1.));
#2895=DIRECTION('ref_axis',(-1.,0.,0.));
#2896=DIRECTION('center_axis',(0.,0.,-1.));
#2897=DIRECTION('ref_axis',(-1.,0.,0.));
#2898=DIRECTION('center_axis',(0.,0.,-1.));
#2899=DIRECTION('ref_axis',(-1.,0.,0.));
#2900=DIRECTION('',(0.,0.,-1.));
#2901=DIRECTION('center_axis',(0.,0.,1.));
#2902=DIRECTION('ref_axis',(-1.,0.,0.));
#2903=DIRECTION('center_axis',(0.,0.,-1.));
#2904=DIRECTION('ref_axis',(-1.,0.,0.));
#2905=DIRECTION('center_axis',(0.,0.,-1.));
#2906=DIRECTION('ref_axis',(-1.,0.,0.));
#2907=DIRECTION('',(0.,0.,-1.));
#2908=DIRECTION('center_axis',(0.,0.,1.));
#2909=DIRECTION('ref_axis',(-1.,0.,0.));
#2910=DIRECTION('center_axis',(0.,0.,-1.));
#2911=DIRECTION('ref_axis',(-1.,0.,0.));
#2912=DIRECTION('center_axis',(0.,0.,-1.));
#2913=DIRECTION('ref_axis',(-1.,0.,0.));
#2914=DIRECTION('',(0.,0.,-1.));
#2915=DIRECTION('center_axis',(0.,0.,1.));
#2916=DIRECTION('ref_axis',(-1.,0.,0.));
#2917=DIRECTION('center_axis',(0.,0.,-1.));
#2918=DIRECTION('ref_axis',(-1.,0.,0.));
#2919=DIRECTION('center_axis',(0.,0.,-1.));
#2920=DIRECTION('ref_axis',(-1.,0.,0.));
#2921=DIRECTION('',(0.,0.,-1.));
#2922=DIRECTION('center_axis',(0.,0.,1.));
#2923=DIRECTION('ref_axis',(-1.,0.,0.));
#2924=DIRECTION('center_axis',(0.,0.,-1.));
#2925=DIRECTION('ref_axis',(-1.,0.,0.));
#2926=DIRECTION('center_axis',(0.,0.,-1.));
#2927=DIRECTION('ref_axis',(-1.,0.,0.));
#2928=DIRECTION('',(0.,0.,-1.));
#2929=DIRECTION('center_axis',(0.,0.,1.));
#2930=DIRECTION('ref_axis',(-1.,0.,0.));
#2931=DIRECTION('center_axis',(0.,0.,-1.));
#2932=DIRECTION('ref_axis',(-1.,0.,0.));
#2933=DIRECTION('center_axis',(0.,0.,-1.));
#2934=DIRECTION('ref_axis',(-1.,0.,0.));
#2935=DIRECTION('',(0.,0.,-1.));
#2936=DIRECTION('center_axis',(0.,0.,1.));
#2937=DIRECTION('ref_axis',(-1.,0.,0.));
#2938=DIRECTION('center_axis',(0.,0.,-1.));
#2939=DIRECTION('ref_axis',(-1.,0.,0.));
#2940=DIRECTION('center_axis',(0.,0.,-1.));
#2941=DIRECTION('ref_axis',(-1.,0.,0.));
#2942=DIRECTION('',(0.,0.,-1.));
#2943=DIRECTION('center_axis',(0.,0.,1.));
#2944=DIRECTION('ref_axis',(-1.,0.,0.));
#2945=DIRECTION('center_axis',(0.,0.,-1.));
#2946=DIRECTION('ref_axis',(-1.,0.,0.));
#2947=DIRECTION('center_axis',(0.,0.,-1.));
#2948=DIRECTION('ref_axis',(-1.,0.,0.));
#2949=DIRECTION('',(0.,0.,-1.));
#2950=DIRECTION('center_axis',(0.,0.,1.));
#2951=DIRECTION('ref_axis',(-1.,0.,0.));
#2952=DIRECTION('center_axis',(0.,0.,-1.));
#2953=DIRECTION('ref_axis',(-1.,0.,0.));
#2954=DIRECTION('center_axis',(0.,0.,-1.));
#2955=DIRECTION('ref_axis',(-1.,0.,0.));
#2956=DIRECTION('',(0.,0.,-1.));
#2957=DIRECTION('center_axis',(0.,0.,1.));
#2958=DIRECTION('ref_axis',(-1.,0.,0.));
#2959=DIRECTION('center_axis',(0.,0.,-1.));
#2960=DIRECTION('ref_axis',(-1.,0.,0.));
#2961=DIRECTION('center_axis',(0.,0.,-1.));
#2962=DIRECTION('ref_axis',(-1.,0.,0.));
#2963=DIRECTION('',(0.,0.,-1.));
#2964=DIRECTION('center_axis',(0.,0.,1.));
#2965=DIRECTION('ref_axis',(-1.,0.,0.));
#2966=DIRECTION('center_axis',(0.,0.,-1.));
#2967=DIRECTION('ref_axis',(-1.,0.,0.));
#2968=DIRECTION('center_axis',(0.,0.,-1.));
#2969=DIRECTION('ref_axis',(-1.,0.,0.));
#2970=DIRECTION('',(0.,0.,-1.));
#2971=DIRECTION('center_axis',(0.,0.,1.));
#2972=DIRECTION('ref_axis',(-1.,0.,0.));
#2973=DIRECTION('center_axis',(0.,0.,-1.));
#2974=DIRECTION('ref_axis',(-1.,0.,0.));
#2975=DIRECTION('center_axis',(0.,0.,-1.));
#2976=DIRECTION('ref_axis',(-1.,0.,0.));
#2977=DIRECTION('',(0.,0.,-1.));
#2978=DIRECTION('center_axis',(0.,0.,1.));
#2979=DIRECTION('ref_axis',(-1.,0.,0.));
#2980=DIRECTION('center_axis',(0.,0.,-1.));
#2981=DIRECTION('ref_axis',(-1.,0.,0.));
#2982=DIRECTION('center_axis',(0.,0.,-1.));
#2983=DIRECTION('ref_axis',(-1.,0.,0.));
#2984=DIRECTION('',(0.,0.,-1.));
#2985=DIRECTION('center_axis',(0.,0.,1.));
#2986=DIRECTION('ref_axis',(-1.,0.,0.));
#2987=DIRECTION('center_axis',(0.,0.,-1.));
#2988=DIRECTION('ref_axis',(-1.,0.,0.));
#2989=DIRECTION('center_axis',(0.,0.,-1.));
#2990=DIRECTION('ref_axis',(-1.,0.,0.));
#2991=DIRECTION('',(0.,0.,-1.));
#2992=DIRECTION('center_axis',(0.,0.,1.));
#2993=DIRECTION('ref_axis',(-1.,0.,0.));
#2994=DIRECTION('center_axis',(0.,0.,-1.));
#2995=DIRECTION('ref_axis',(-1.,0.,0.));
#2996=DIRECTION('center_axis',(0.,0.,-1.));
#2997=DIRECTION('ref_axis',(-1.,0.,0.));
#2998=DIRECTION('',(0.,0.,-1.));
#2999=DIRECTION('center_axis',(0.,0.,1.));
#3000=DIRECTION('ref_axis',(-1.,0.,0.));
#3001=DIRECTION('center_axis',(0.,0.,-1.));
#3002=DIRECTION('ref_axis',(-1.,0.,0.));
#3003=DIRECTION('center_axis',(0.,0.,-1.));
#3004=DIRECTION('ref_axis',(-1.,0.,0.));
#3005=DIRECTION('',(0.,0.,-1.));
#3006=DIRECTION('center_axis',(0.,0.,1.));
#3007=DIRECTION('ref_axis',(-1.,0.,0.));
#3008=DIRECTION('center_axis',(0.,0.,-1.));
#3009=DIRECTION('ref_axis',(-1.,0.,0.));
#3010=DIRECTION('center_axis',(0.,0.,-1.));
#3011=DIRECTION('ref_axis',(-1.,0.,0.));
#3012=DIRECTION('',(0.,0.,-1.));
#3013=DIRECTION('center_axis',(0.,0.,1.));
#3014=DIRECTION('ref_axis',(-1.,0.,0.));
#3015=DIRECTION('center_axis',(0.,0.,-1.));
#3016=DIRECTION('ref_axis',(1.,0.,0.));
#3017=DIRECTION('center_axis',(0.,0.,-1.));
#3018=DIRECTION('ref_axis',(1.,0.,0.));
#3019=DIRECTION('',(0.,0.,-1.));
#3020=DIRECTION('center_axis',(0.,0.,1.));
#3021=DIRECTION('ref_axis',(1.,0.,0.));
#3022=DIRECTION('center_axis',(0.,0.,1.));
#3023=DIRECTION('ref_axis',(1.,7.40148683083438E-16,0.));
#3024=DIRECTION('center_axis',(0.,0.,1.));
#3025=DIRECTION('ref_axis',(1.,7.40148683083438E-16,0.));
#3026=DIRECTION('',(0.,0.,1.));
#3027=DIRECTION('center_axis',(0.,0.,-1.));
#3028=DIRECTION('ref_axis',(1.,7.40148683083438E-16,0.));
#3029=DIRECTION('',(0.,0.,1.));
#3030=DIRECTION('center_axis',(8.22387425648264E-17,-1.,0.));
#3031=DIRECTION('ref_axis',(1.,8.22387425648264E-17,0.));
#3032=DIRECTION('',(1.,8.22387425648264E-17,0.));
#3033=DIRECTION('',(1.,8.22387425648264E-17,0.));
#3034=DIRECTION('',(0.,0.,1.));
#3035=DIRECTION('center_axis',(0.,0.,1.));
#3036=DIRECTION('ref_axis',(-1.,-3.70074341541719E-16,0.));
#3037=DIRECTION('center_axis',(0.,0.,1.));
#3038=DIRECTION('ref_axis',(-1.,-3.70074341541719E-16,0.));
#3039=DIRECTION('center_axis',(0.,0.,1.));
#3040=DIRECTION('ref_axis',(-1.,-3.70074341541719E-16,0.));
#3041=DIRECTION('',(0.,0.,1.));
#3042=DIRECTION('center_axis',(-1.,0.,0.));
#3043=DIRECTION('ref_axis',(0.,-1.,0.));
#3044=DIRECTION('',(0.,-1.,0.));
#3045=DIRECTION('',(0.,-1.,0.));
#3046=DIRECTION('',(0.,0.,1.));
#3047=DIRECTION('center_axis',(0.,0.,1.));
#3048=DIRECTION('ref_axis',(0.,1.,0.));
#3049=DIRECTION('center_axis',(0.,0.,1.));
#3050=DIRECTION('ref_axis',(0.,1.,0.));
#3051=DIRECTION('center_axis',(0.,0.,1.));
#3052=DIRECTION('ref_axis',(0.,1.,0.));
#3053=DIRECTION('',(0.,0.,1.));
#3054=DIRECTION('center_axis',(-6.16790569236198E-17,1.,0.));
#3055=DIRECTION('ref_axis',(-1.,-6.16790569236198E-17,0.));
#3056=DIRECTION('',(-1.,-6.16790569236198E-17,0.));
#3057=DIRECTION('',(-1.,-6.16790569236198E-17,0.));
#3058=DIRECTION('',(0.,0.,1.));
#3059=DIRECTION('center_axis',(0.,0.,1.));
#3060=DIRECTION('ref_axis',(1.48029736616687E-15,-1.,0.));
#3061=DIRECTION('center_axis',(0.,0.,1.));
#3062=DIRECTION('ref_axis',(1.48029736616687E-15,-1.,0.));
#3063=DIRECTION('center_axis',(0.,0.,-1.));
#3064=DIRECTION('ref_axis',(1.48029736616687E-15,-1.,0.));
#3065=DIRECTION('',(0.,0.,1.));
#3066=DIRECTION('center_axis',(-1.,-4.93432455388958E-16,0.));
#3067=DIRECTION('ref_axis',(4.93432455388958E-16,-1.,0.));
#3068=DIRECTION('',(4.93432455388958E-16,-1.,0.));
#3069=DIRECTION('',(4.93432455388958E-16,-1.,0.));
#3070=DIRECTION('',(0.,0.,1.));
#3071=DIRECTION('center_axis',(0.,0.,1.));
#3072=DIRECTION('ref_axis',(-1.48029736616687E-15,1.,0.));
#3073=DIRECTION('center_axis',(0.,0.,1.));
#3074=DIRECTION('ref_axis',(-1.48029736616687E-15,1.,0.));
#3075=DIRECTION('center_axis',(0.,0.,1.));
#3076=DIRECTION('ref_axis',(-1.48029736616687E-15,1.,0.));
#3077=DIRECTION('',(0.,0.,1.));
#3078=DIRECTION('center_axis',(1.11022302462516E-15,1.,0.));
#3079=DIRECTION('ref_axis',(-1.,1.11022302462516E-15,0.));
#3080=DIRECTION('',(-1.,1.11022302462516E-15,0.));
#3081=DIRECTION('',(-1.,1.11022302462516E-15,0.));
#3082=DIRECTION('',(0.,0.,1.));
#3083=DIRECTION('center_axis',(0.,0.,1.));
#3084=DIRECTION('ref_axis',(1.,-2.96059473233376E-15,0.));
#3085=DIRECTION('center_axis',(0.,0.,1.));
#3086=DIRECTION('ref_axis',(1.,-2.96059473233376E-15,0.));
#3087=DIRECTION('center_axis',(0.,0.,1.));
#3088=DIRECTION('ref_axis',(1.,-2.96059473233376E-15,0.));
#3089=DIRECTION('',(0.,0.,1.));
#3090=DIRECTION('center_axis',(1.,1.64477485129653E-16,0.));
#3091=DIRECTION('ref_axis',(-1.64477485129653E-16,1.,0.));
#3092=DIRECTION('',(-1.64477485129653E-16,1.,0.));
#3093=DIRECTION('',(-1.64477485129653E-16,1.,0.));
#3094=DIRECTION('',(0.,0.,1.));
#3095=DIRECTION('center_axis',(0.,0.,1.));
#3096=DIRECTION('ref_axis',(-1.,-3.70074341541719E-16,0.));
#3097=DIRECTION('center_axis',(0.,0.,1.));
#3098=DIRECTION('ref_axis',(-1.,-3.70074341541719E-16,0.));
#3099=DIRECTION('center_axis',(0.,0.,-1.));
#3100=DIRECTION('ref_axis',(-1.,-3.70074341541719E-16,0.));
#3101=DIRECTION('',(0.,0.,1.));
#3102=DIRECTION('center_axis',(0.,1.,0.));
#3103=DIRECTION('ref_axis',(-1.,0.,0.));
#3104=DIRECTION('',(1.,0.,0.));
#3105=DIRECTION('',(-1.,0.,0.));
#3106=DIRECTION('',(0.,0.,1.));
#3107=DIRECTION('center_axis',(0.,0.,1.));
#3108=DIRECTION('ref_axis',(0.,-1.,0.));
#3109=DIRECTION('center_axis',(0.,0.,1.));
#3110=DIRECTION('ref_axis',(0.,-1.,0.));
#3111=DIRECTION('center_axis',(0.,0.,-1.));
#3112=DIRECTION('ref_axis',(0.,-1.,0.));
#3113=DIRECTION('',(0.,0.,1.));
#3114=DIRECTION('center_axis',(-1.,1.64477485129653E-16,0.));
#3115=DIRECTION('ref_axis',(-1.64477485129653E-16,-1.,0.));
#3116=DIRECTION('',(1.64477485129653E-16,1.,0.));
#3117=DIRECTION('',(-1.64477485129653E-16,-1.,0.));
#3118=DIRECTION('',(0.,0.,1.));
#3119=DIRECTION('center_axis',(0.,0.,1.));
#3120=DIRECTION('ref_axis',(2.96059473233376E-15,1.,0.));
#3121=DIRECTION('center_axis',(0.,0.,1.));
#3122=DIRECTION('ref_axis',(2.96059473233376E-15,1.,0.));
#3123=DIRECTION('center_axis',(0.,0.,1.));
#3124=DIRECTION('ref_axis',(2.96059473233376E-15,1.,0.));
#3125=DIRECTION('',(0.,0.,1.));
#3126=DIRECTION('center_axis',(-1.11022302462516E-15,1.,0.));
#3127=DIRECTION('ref_axis',(-1.,-1.11022302462516E-15,0.));
#3128=DIRECTION('',(1.,1.11022302462516E-15,0.));
#3129=DIRECTION('',(-1.,-1.11022302462516E-15,0.));
#3130=DIRECTION('',(0.,0.,1.));
#3131=DIRECTION('center_axis',(0.,0.,1.));
#3132=DIRECTION('ref_axis',(1.,2.96059473233374E-15,0.));
#3133=DIRECTION('center_axis',(0.,0.,1.));
#3134=DIRECTION('ref_axis',(1.,2.96059473233374E-15,0.));
#3135=DIRECTION('center_axis',(0.,0.,1.));
#3136=DIRECTION('ref_axis',(1.,2.96059473233374E-15,0.));
#3137=DIRECTION('',(0.,0.,1.));
#3138=DIRECTION('center_axis',(1.,-4.93432455388958E-16,0.));
#3139=DIRECTION('ref_axis',(4.93432455388958E-16,1.,0.));
#3140=DIRECTION('',(-4.93432455388958E-16,-1.,0.));
#3141=DIRECTION('',(4.93432455388958E-16,1.,0.));
#3142=DIRECTION('',(0.,0.,1.));
#3143=DIRECTION('center_axis',(0.,0.,1.));
#3144=DIRECTION('ref_axis',(-1.,-2.03540887847945E-15,0.));
#3145=DIRECTION('center_axis',(0.,0.,1.));
#3146=DIRECTION('ref_axis',(-1.,-2.03540887847945E-15,0.));
#3147=DIRECTION('center_axis',(0.,0.,-1.));
#3148=DIRECTION('ref_axis',(-1.,-2.03540887847945E-15,0.));
#3149=DIRECTION('',(0.,0.,1.));
#3150=DIRECTION('center_axis',(6.16790569236198E-17,1.,0.));
#3151=DIRECTION('ref_axis',(-1.,6.16790569236198E-17,0.));
#3152=DIRECTION('',(1.,-6.16790569236198E-17,0.));
#3153=DIRECTION('',(-1.,6.16790569236198E-17,0.));
#3154=DIRECTION('',(0.,0.,1.));
#3155=DIRECTION('center_axis',(0.,0.,1.));
#3156=DIRECTION('ref_axis',(1.,9.25185853854295E-16,0.));
#3157=DIRECTION('center_axis',(0.,0.,1.));
#3158=DIRECTION('ref_axis',(1.,9.25185853854295E-16,0.));
#3159=DIRECTION('center_axis',(0.,0.,1.));
#3160=DIRECTION('ref_axis',(1.,9.25185853854295E-16,0.));
#3161=DIRECTION('',(0.,0.,1.));
#3162=DIRECTION('center_axis',(1.,0.,0.));
#3163=DIRECTION('ref_axis',(0.,1.,0.));
#3164=DIRECTION('',(0.,-1.,0.));
#3165=DIRECTION('',(0.,1.,0.));
#3166=DIRECTION('',(0.,0.,1.));
#3167=DIRECTION('center_axis',(0.,0.,1.));
#3168=DIRECTION('ref_axis',(0.,-1.,0.));
#3169=DIRECTION('center_axis',(0.,0.,1.));
#3170=DIRECTION('ref_axis',(0.,-1.,0.));
#3171=DIRECTION('center_axis',(0.,0.,1.));
#3172=DIRECTION('ref_axis',(0.,-1.,0.));
#3173=DIRECTION('',(0.,0.,1.));
#3174=DIRECTION('center_axis',(-8.22387425648264E-17,-1.,0.));
#3175=DIRECTION('ref_axis',(1.,-8.22387425648264E-17,0.));
#3176=DIRECTION('',(-1.,8.22387425648264E-17,0.));
#3177=DIRECTION('',(1.,-8.22387425648264E-17,0.));
#3178=DIRECTION('',(0.,0.,1.));
#3179=DIRECTION('center_axis',(0.,0.,1.));
#3180=DIRECTION('ref_axis',(0.,1.,0.));
#3181=DIRECTION('center_axis',(0.,0.,1.));
#3182=DIRECTION('ref_axis',(0.,1.,0.));
#3183=DIRECTION('center_axis',(0.,0.,-1.));
#3184=DIRECTION('ref_axis',(0.,1.,0.));
#3185=DIRECTION('',(0.,0.,1.));
#3186=DIRECTION('center_axis',(1.,-1.34572487833352E-16,0.));
#3187=DIRECTION('ref_axis',(1.34572487833352E-16,1.,0.));
#3188=DIRECTION('',(-1.34572487833352E-16,-1.,0.));
#3189=DIRECTION('',(1.34572487833352E-16,1.,0.));
#3190=DIRECTION('',(0.,0.,1.));
#3191=DIRECTION('center_axis',(0.,0.,1.));
#3192=DIRECTION('ref_axis',(-1.,0.,0.));
#3193=DIRECTION('center_axis',(0.,0.,1.));
#3194=DIRECTION('ref_axis',(-1.,0.,0.));
#3195=DIRECTION('center_axis',(0.,0.,-1.));
#3196=DIRECTION('ref_axis',(-1.,0.,0.));
#3197=DIRECTION('',(0.,0.,1.));
#3198=DIRECTION('center_axis',(0.,1.,0.));
#3199=DIRECTION('ref_axis',(-1.,0.,0.));
#3200=DIRECTION('',(1.,0.,0.));
#3201=DIRECTION('',(-1.,0.,0.));
#3202=DIRECTION('',(0.,0.,1.));
#3203=DIRECTION('center_axis',(0.,0.,1.));
#3204=DIRECTION('ref_axis',(1.,0.,0.));
#3205=DIRECTION('center_axis',(0.,0.,1.));
#3206=DIRECTION('ref_axis',(1.,0.,0.));
#3207=DIRECTION('center_axis',(0.,0.,1.));
#3208=DIRECTION('ref_axis',(1.,0.,0.));
#3209=DIRECTION('',(0.,0.,1.));
#3210=DIRECTION('center_axis',(1.,0.,0.));
#3211=DIRECTION('ref_axis',(0.,1.,0.));
#3212=DIRECTION('',(0.,-1.,0.));
#3213=DIRECTION('',(0.,1.,0.));
#3214=DIRECTION('',(0.,0.,1.));
#3215=DIRECTION('center_axis',(0.,0.,1.));
#3216=DIRECTION('ref_axis',(-8.88178419700131E-15,-1.,0.));
#3217=DIRECTION('center_axis',(0.,0.,1.));
#3218=DIRECTION('ref_axis',(-8.88178419700131E-15,-1.,0.));
#3219=DIRECTION('center_axis',(0.,0.,1.));
#3220=DIRECTION('ref_axis',(-8.88178419700131E-15,-1.,0.));
#3221=DIRECTION('',(0.,0.,1.));
#3222=DIRECTION('center_axis',(-8.88178419700125E-15,-1.,0.));
#3223=DIRECTION('ref_axis',(1.,-8.88178419700125E-15,0.));
#3224=DIRECTION('',(-1.,8.88178419700125E-15,0.));
#3225=DIRECTION('',(1.,-8.88178419700125E-15,0.));
#3226=DIRECTION('',(0.,0.,1.));
#3227=DIRECTION('center_axis',(0.,0.,1.));
#3228=DIRECTION('ref_axis',(5.92118946466749E-15,1.,0.));
#3229=DIRECTION('center_axis',(0.,0.,1.));
#3230=DIRECTION('ref_axis',(5.92118946466749E-15,1.,0.));
#3231=DIRECTION('center_axis',(0.,0.,-1.));
#3232=DIRECTION('ref_axis',(5.92118946466749E-15,1.,0.));
#3233=DIRECTION('',(0.,0.,1.));
#3234=DIRECTION('center_axis',(1.,-8.88178419700125E-15,0.));
#3235=DIRECTION('ref_axis',(8.88178419700125E-15,1.,0.));
#3236=DIRECTION('',(-8.88178419700125E-15,-1.,0.));
#3237=DIRECTION('',(8.88178419700125E-15,1.,0.));
#3238=DIRECTION('',(0.,0.,1.));
#3239=DIRECTION('center_axis',(0.,0.,1.));
#3240=DIRECTION('ref_axis',(-2.96059473233373E-15,-1.,0.));
#3241=DIRECTION('center_axis',(0.,0.,1.));
#3242=DIRECTION('ref_axis',(-2.96059473233373E-15,-1.,0.));
#3243=DIRECTION('center_axis',(0.,0.,1.));
#3244=DIRECTION('ref_axis',(-2.96059473233373E-15,-1.,0.));
#3245=DIRECTION('',(0.,0.,1.));
#3246=DIRECTION('center_axis',(-8.88178419700124E-15,-1.,0.));
#3247=DIRECTION('ref_axis',(1.,-8.88178419700124E-15,0.));
#3248=DIRECTION('',(-1.,8.88178419700124E-15,0.));
#3249=DIRECTION('',(1.,-8.88178419700124E-15,0.));
#3250=DIRECTION('',(0.,0.,1.));
#3251=DIRECTION('center_axis',(0.,0.,1.));
#3252=DIRECTION('ref_axis',(-1.,1.1842378929335E-14,0.));
#3253=DIRECTION('center_axis',(0.,0.,1.));
#3254=DIRECTION('ref_axis',(-1.,1.1842378929335E-14,0.));
#3255=DIRECTION('center_axis',(0.,0.,1.));
#3256=DIRECTION('ref_axis',(-1.,1.1842378929335E-14,0.));
#3257=DIRECTION('',(0.,0.,1.));
#3258=DIRECTION('center_axis',(-1.,8.47059048417712E-15,0.));
#3259=DIRECTION('ref_axis',(-8.47059048417712E-15,-1.,0.));
#3260=DIRECTION('',(8.47059048417712E-15,1.,0.));
#3261=DIRECTION('',(-8.47059048417712E-15,-1.,0.));
#3262=DIRECTION('',(0.,0.,1.));
#3263=DIRECTION('center_axis',(0.,0.,1.));
#3264=DIRECTION('ref_axis',(1.,-8.88178419700125E-15,0.));
#3265=DIRECTION('center_axis',(0.,0.,1.));
#3266=DIRECTION('ref_axis',(1.,-8.88178419700125E-15,0.));
#3267=DIRECTION('center_axis',(0.,0.,-1.));
#3268=DIRECTION('ref_axis',(1.,-8.88178419700125E-15,0.));
#3269=DIRECTION('',(0.,0.,1.));
#3270=DIRECTION('center_axis',(9.15092917266796E-15,-1.,0.));
#3271=DIRECTION('ref_axis',(1.,9.15092917266796E-15,0.));
#3272=DIRECTION('',(1.,9.15092917266796E-15,0.));
#3273=DIRECTION('',(1.,9.15092917266796E-15,0.));
#3274=DIRECTION('',(0.,0.,1.));
#3275=DIRECTION('center_axis',(0.,0.,1.));
#3276=DIRECTION('ref_axis',(-8.88178419700126E-15,1.,0.));
#3277=DIRECTION('center_axis',(0.,0.,1.));
#3278=DIRECTION('ref_axis',(-8.88178419700126E-15,1.,0.));
#3279=DIRECTION('center_axis',(0.,0.,-1.));
#3280=DIRECTION('ref_axis',(-8.88178419700126E-15,1.,0.));
#3281=DIRECTION('',(0.,0.,1.));
#3282=DIRECTION('center_axis',(1.,8.47059048417712E-15,0.));
#3283=DIRECTION('ref_axis',(-8.47059048417712E-15,1.,0.));
#3284=DIRECTION('',(-8.47059048417712E-15,1.,0.));
#3285=DIRECTION('',(-8.47059048417712E-15,1.,0.));
#3286=DIRECTION('',(0.,0.,1.));
#3287=DIRECTION('center_axis',(0.,0.,1.));
#3288=DIRECTION('ref_axis',(1.62832710278356E-14,-1.,0.));
#3289=DIRECTION('center_axis',(0.,0.,1.));
#3290=DIRECTION('ref_axis',(1.62832710278356E-14,-1.,0.));
#3291=DIRECTION('center_axis',(0.,0.,1.));
#3292=DIRECTION('ref_axis',(1.62832710278356E-14,-1.,0.));
#3293=DIRECTION('',(0.,0.,1.));
#3294=DIRECTION('center_axis',(8.88178419700124E-15,-1.,0.));
#3295=DIRECTION('ref_axis',(1.,8.88178419700124E-15,0.));
#3296=DIRECTION('',(1.,8.88178419700124E-15,0.));
#3297=DIRECTION('',(1.,8.88178419700124E-15,0.));
#3298=DIRECTION('',(0.,0.,1.));
#3299=DIRECTION('center_axis',(0.,0.,1.));
#3300=DIRECTION('ref_axis',(-1.,-1.77635683940024E-14,0.));
#3301=DIRECTION('center_axis',(0.,0.,1.));
#3302=DIRECTION('ref_axis',(-1.,-1.77635683940024E-14,0.));
#3303=DIRECTION('center_axis',(0.,0.,1.));
#3304=DIRECTION('ref_axis',(-1.,-1.77635683940024E-14,0.));
#3305=DIRECTION('',(0.,0.,1.));
#3306=DIRECTION('center_axis',(-1.,-8.88178419700125E-15,0.));
#3307=DIRECTION('ref_axis',(8.88178419700125E-15,-1.,0.));
#3308=DIRECTION('',(8.88178419700125E-15,-1.,0.));
#3309=DIRECTION('',(8.88178419700125E-15,-1.,0.));
#3310=DIRECTION('',(0.,0.,1.));
#3311=DIRECTION('center_axis',(0.,0.,1.));
#3312=DIRECTION('ref_axis',(1.,1.1842378929335E-14,0.));
#3313=DIRECTION('center_axis',(0.,0.,1.));
#3314=DIRECTION('ref_axis',(1.,1.1842378929335E-14,0.));
#3315=DIRECTION('center_axis',(0.,0.,-1.));
#3316=DIRECTION('ref_axis',(1.,1.1842378929335E-14,0.));
#3317=DIRECTION('',(0.,0.,1.));
#3318=DIRECTION('center_axis',(8.88178419700125E-15,-1.,0.));
#3319=DIRECTION('ref_axis',(1.,8.88178419700125E-15,0.));
#3320=DIRECTION('',(1.,8.88178419700125E-15,0.));
#3321=DIRECTION('',(1.,8.88178419700125E-15,0.));
#3322=DIRECTION('',(0.,0.,1.));
#3323=DIRECTION('center_axis',(0.,0.,1.));
#3324=DIRECTION('ref_axis',(-1.,5.92118946466754E-15,0.));
#3325=DIRECTION('center_axis',(0.,0.,1.));
#3326=DIRECTION('ref_axis',(-1.,5.92118946466754E-15,0.));
#3327=DIRECTION('center_axis',(0.,0.,1.));
#3328=DIRECTION('ref_axis',(-1.,5.92118946466754E-15,0.));
#3329=DIRECTION('',(0.,0.,1.));
#3330=DIRECTION('center_axis',(-1.,0.,0.));
#3331=DIRECTION('ref_axis',(0.,-1.,0.));
#3332=DIRECTION('',(0.,-1.,0.));
#3333=DIRECTION('',(0.,-1.,0.));
#3334=DIRECTION('',(0.,0.,1.));
#3335=DIRECTION('center_axis',(0.,0.,1.));
#3336=DIRECTION('ref_axis',(0.,1.,0.));
#3337=DIRECTION('center_axis',(0.,0.,1.));
#3338=DIRECTION('ref_axis',(0.,1.,0.));
#3339=DIRECTION('center_axis',(0.,0.,1.));
#3340=DIRECTION('ref_axis',(0.,1.,0.));
#3341=DIRECTION('',(0.,0.,1.));
#3342=DIRECTION('center_axis',(0.,1.,0.));
#3343=DIRECTION('ref_axis',(-1.,0.,0.));
#3344=DIRECTION('',(-1.,0.,0.));
#3345=DIRECTION('',(-1.,0.,0.));
#3346=DIRECTION('',(0.,0.,1.));
#3347=DIRECTION('center_axis',(0.,0.,1.));
#3348=DIRECTION('ref_axis',(0.,-1.,0.));
#3349=DIRECTION('center_axis',(0.,0.,1.));
#3350=DIRECTION('ref_axis',(0.,-1.,0.));
#3351=DIRECTION('center_axis',(0.,0.,-1.));
#3352=DIRECTION('ref_axis',(0.,-1.,0.));
#3353=DIRECTION('',(0.,0.,1.));
#3354=DIRECTION('center_axis',(-1.,-1.34572487833352E-16,0.));
#3355=DIRECTION('ref_axis',(1.34572487833352E-16,-1.,0.));
#3356=DIRECTION('',(1.34572487833352E-16,-1.,0.));
#3357=DIRECTION('',(1.34572487833352E-16,-1.,0.));
#3358=DIRECTION('center_axis',(0.,0.,1.));
#3359=DIRECTION('ref_axis',(1.,0.,0.));
#3360=DIRECTION('center_axis',(0.,0.,1.));
#3361=DIRECTION('ref_axis',(1.,0.,0.));
#3362=CARTESIAN_POINT('',(0.,0.,0.));
#3363=CARTESIAN_POINT('Origin',(24.5,13.0988376443404,5.));
#3364=CARTESIAN_POINT('',(26.5,13.0988376443404,5.));
#3365=CARTESIAN_POINT('Origin',(24.5,13.0988376443404,5.));
#3366=CARTESIAN_POINT('',(26.5,13.0988376443404,0.));
#3367=CARTESIAN_POINT('',(26.5,13.0988376443404,5.));
#3368=CARTESIAN_POINT('Origin',(24.5,13.0988376443404,0.));
#3369=CARTESIAN_POINT('Origin',(-24.5,28.,5.));
#3370=CARTESIAN_POINT('',(-22.5,28.,5.));
#3371=CARTESIAN_POINT('Origin',(-24.5,28.,5.));
#3372=CARTESIAN_POINT('',(-22.5,28.,0.));
#3373=CARTESIAN_POINT('',(-22.5,28.,5.));
#3374=CARTESIAN_POINT('Origin',(-24.5,28.,0.));
#3375=CARTESIAN_POINT('Origin',(-24.5,18.0988376443404,5.));
#3376=CARTESIAN_POINT('',(-22.5,18.0988376443404,5.));
#3377=CARTESIAN_POINT('Origin',(-24.5,18.0988376443404,5.));
#3378=CARTESIAN_POINT('',(-22.5,18.0988376443404,0.));
#3379=CARTESIAN_POINT('',(-22.5,18.0988376443404,5.));
#3380=CARTESIAN_POINT('Origin',(-24.5,18.0988376443404,0.));
#3381=CARTESIAN_POINT('Origin',(-42.5,-4.9999991953369,5.));
#3382=CARTESIAN_POINT('',(-40.5,-4.9999991953369,5.));
#3383=CARTESIAN_POINT('Origin',(-42.5,-4.9999991953369,5.));
#3384=CARTESIAN_POINT('',(-40.5,-4.9999991953369,0.));
#3385=CARTESIAN_POINT('',(-40.5,-4.9999991953369,5.));
#3386=CARTESIAN_POINT('Origin',(-42.5,-4.9999991953369,0.));
#3387=CARTESIAN_POINT('Origin',(-57.5,-54.0000008046627,5.));
#3388=CARTESIAN_POINT('',(-55.4999999701977,-54.0000008046627,5.));
#3389=CARTESIAN_POINT('Origin',(-57.5,-54.0000008046627,5.));
#3390=CARTESIAN_POINT('',(-55.4999999701977,-54.0000008046627,0.));
#3391=CARTESIAN_POINT('',(-55.4999999701977,-54.0000008046627,5.));
#3392=CARTESIAN_POINT('Origin',(-57.5,-54.0000008046627,0.));
#3393=CARTESIAN_POINT('Origin',(-37.5,-54.0000008046627,5.));
#3394=CARTESIAN_POINT('',(-35.5,-54.0000008046627,5.));
#3395=CARTESIAN_POINT('Origin',(-37.5,-54.0000008046627,5.));
#3396=CARTESIAN_POINT('',(-35.5,-54.0000008046627,0.));
#3397=CARTESIAN_POINT('',(-35.5,-54.0000008046627,5.));
#3398=CARTESIAN_POINT('Origin',(-37.5,-54.0000008046627,0.));
#3399=CARTESIAN_POINT('Origin',(-24.5,-77.09883764434,5.));
#3400=CARTESIAN_POINT('',(-22.5,-77.09883764434,5.));
#3401=CARTESIAN_POINT('Origin',(-24.5,-77.09883764434,5.));
#3402=CARTESIAN_POINT('',(-22.5,-77.09883764434,0.));
#3403=CARTESIAN_POINT('',(-22.5,-77.09883764434,5.));
#3404=CARTESIAN_POINT('Origin',(-24.5,-77.09883764434,0.));
#3405=CARTESIAN_POINT('Origin',(24.5,-86.9999999999996,5.));
#3406=CARTESIAN_POINT('',(26.5,-86.9999999999996,5.));
#3407=CARTESIAN_POINT('Origin',(24.5,-86.9999999999996,5.));
#3408=CARTESIAN_POINT('',(26.5,-86.9999999999996,0.));
#3409=CARTESIAN_POINT('',(26.5,-86.9999999999996,5.));
#3410=CARTESIAN_POINT('Origin',(24.5,-86.9999999999996,0.));
#3411=CARTESIAN_POINT('Origin',(24.5,-67.09883764434,5.));
#3412=CARTESIAN_POINT('',(26.5,-67.09883764434,5.));
#3413=CARTESIAN_POINT('Origin',(24.5,-67.09883764434,5.));
#3414=CARTESIAN_POINT('',(26.5,-67.09883764434,0.));
#3415=CARTESIAN_POINT('',(26.5,-67.09883764434,5.));
#3416=CARTESIAN_POINT('Origin',(24.5,-67.09883764434,0.));
#3417=CARTESIAN_POINT('Origin',(42.5,-54.0000008046627,5.));
#3418=CARTESIAN_POINT('',(44.5,-54.0000008046627,5.));
#3419=CARTESIAN_POINT('Origin',(42.5,-54.0000008046627,5.));
#3420=CARTESIAN_POINT('',(44.5,-54.0000008046627,0.));
#3421=CARTESIAN_POINT('',(44.5,-54.0000008046627,5.));
#3422=CARTESIAN_POINT('Origin',(42.5,-54.0000008046627,0.));
#3423=CARTESIAN_POINT('Origin',(37.5,-4.9999991953369,5.));
#3424=CARTESIAN_POINT('',(39.5,-4.9999991953369,5.));
#3425=CARTESIAN_POINT('Origin',(37.5,-4.9999991953369,5.));
#3426=CARTESIAN_POINT('',(39.5,-4.9999991953369,0.));
#3427=CARTESIAN_POINT('',(39.5,-4.9999991953369,5.));
#3428=CARTESIAN_POINT('Origin',(37.5,-4.9999991953369,0.));
#3429=CARTESIAN_POINT('Origin',(52.5,-4.9999991953369,5.));
#3430=CARTESIAN_POINT('',(54.5000000298023,-4.9999991953369,5.));
#3431=CARTESIAN_POINT('Origin',(52.5,-4.9999991953369,5.));
#3432=CARTESIAN_POINT('',(54.5000000298023,-4.9999991953369,0.));
#3433=CARTESIAN_POINT('',(54.5000000298023,-4.9999991953369,5.));
#3434=CARTESIAN_POINT('Origin',(52.5,-4.9999991953369,0.));
#3435=CARTESIAN_POINT('Origin',(47.5,-4.9999991953369,5.));
#3436=CARTESIAN_POINT('',(49.5,-4.9999991953369,5.));
#3437=CARTESIAN_POINT('Origin',(47.5,-4.9999991953369,5.));
#3438=CARTESIAN_POINT('',(49.5,-4.9999991953369,0.));
#3439=CARTESIAN_POINT('',(49.5,-4.9999991953369,5.));
#3440=CARTESIAN_POINT('Origin',(47.5,-4.9999991953369,0.));
#3441=CARTESIAN_POINT('Origin',(57.5,-54.0000008046627,5.));
#3442=CARTESIAN_POINT('',(59.5000000298023,-54.0000008046627,5.));
#3443=CARTESIAN_POINT('Origin',(57.5,-54.0000008046627,5.));
#3444=CARTESIAN_POINT('',(59.5000000298023,-54.0000008046627,0.));
#3445=CARTESIAN_POINT('',(59.5000000298023,-54.0000008046627,5.));
#3446=CARTESIAN_POINT('Origin',(57.5,-54.0000008046627,0.));
#3447=CARTESIAN_POINT('Origin',(37.5,-54.0000008046627,5.));
#3448=CARTESIAN_POINT('',(39.5,-54.0000008046627,5.));
#3449=CARTESIAN_POINT('Origin',(37.5,-54.0000008046627,5.));
#3450=CARTESIAN_POINT('',(39.5,-54.0000008046627,0.));
#3451=CARTESIAN_POINT('',(39.5,-54.0000008046627,5.));
#3452=CARTESIAN_POINT('Origin',(37.5,-54.0000008046627,0.));
#3453=CARTESIAN_POINT('Origin',(24.5,-72.09883764434,5.));
#3454=CARTESIAN_POINT('',(26.5,-72.09883764434,5.));
#3455=CARTESIAN_POINT('Origin',(24.5,-72.09883764434,5.));
#3456=CARTESIAN_POINT('',(26.5,-72.09883764434,0.));
#3457=CARTESIAN_POINT('',(26.5,-72.09883764434,5.));
#3458=CARTESIAN_POINT('Origin',(24.5,-72.09883764434,0.));
#3459=CARTESIAN_POINT('Origin',(-24.5,-62.09883764434,5.));
#3460=CARTESIAN_POINT('',(-22.5,-62.09883764434,5.));
#3461=CARTESIAN_POINT('Origin',(-24.5,-62.09883764434,5.));
#3462=CARTESIAN_POINT('',(-22.5,-62.09883764434,0.));
#3463=CARTESIAN_POINT('',(-22.5,-62.09883764434,5.));
#3464=CARTESIAN_POINT('Origin',(-24.5,-62.09883764434,0.));
#3465=CARTESIAN_POINT('Origin',(-24.5,-81.9999999999996,5.));
#3466=CARTESIAN_POINT('',(-22.5,-81.9999999999996,5.));
#3467=CARTESIAN_POINT('Origin',(-24.5,-81.9999999999996,5.));
#3468=CARTESIAN_POINT('',(-22.5,-81.9999999999996,0.));
#3469=CARTESIAN_POINT('',(-22.5,-81.9999999999996,5.));
#3470=CARTESIAN_POINT('Origin',(-24.5,-81.9999999999996,0.));
#3471=CARTESIAN_POINT('Origin',(-42.5,-54.0000008046627,5.));
#3472=CARTESIAN_POINT('',(-40.5,-54.0000008046627,5.));
#3473=CARTESIAN_POINT('Origin',(-42.5,-54.0000008046627,5.));
#3474=CARTESIAN_POINT('',(-40.5,-54.0000008046627,0.));
#3475=CARTESIAN_POINT('',(-40.5,-54.0000008046627,5.));
#3476=CARTESIAN_POINT('Origin',(-42.5,-54.0000008046627,0.));
#3477=CARTESIAN_POINT('Origin',(-57.5,-4.9999991953369,5.));
#3478=CARTESIAN_POINT('',(-55.4999999701977,-4.9999991953369,5.));
#3479=CARTESIAN_POINT('Origin',(-57.5,-4.9999991953369,5.));
#3480=CARTESIAN_POINT('',(-55.4999999701977,-4.9999991953369,0.));
#3481=CARTESIAN_POINT('',(-55.4999999701977,-4.9999991953369,5.));
#3482=CARTESIAN_POINT('Origin',(-57.5,-4.9999991953369,0.));
#3483=CARTESIAN_POINT('Origin',(-32.5,-4.9999991953369,5.));
#3484=CARTESIAN_POINT('',(-30.5,-4.9999991953369,5.));
#3485=CARTESIAN_POINT('Origin',(-32.5,-4.9999991953369,5.));
#3486=CARTESIAN_POINT('',(-30.5,-4.9999991953369,0.));
#3487=CARTESIAN_POINT('',(-30.5,-4.9999991953369,5.));
#3488=CARTESIAN_POINT('Origin',(-32.5,-4.9999991953369,0.));
#3489=CARTESIAN_POINT('Origin',(-24.5,13.0988376443404,5.));
#3490=CARTESIAN_POINT('',(-22.5,13.0988376443404,5.));
#3491=CARTESIAN_POINT('Origin',(-24.5,13.0988376443404,5.));
#3492=CARTESIAN_POINT('',(-22.5,13.0988376443404,0.));
#3493=CARTESIAN_POINT('',(-22.5,13.0988376443404,5.));
#3494=CARTESIAN_POINT('Origin',(-24.5,13.0988376443404,0.));
#3495=CARTESIAN_POINT('Origin',(24.5,28.,5.));
#3496=CARTESIAN_POINT('',(26.5,28.,5.));
#3497=CARTESIAN_POINT('Origin',(24.5,28.,5.));
#3498=CARTESIAN_POINT('',(26.5,28.,0.));
#3499=CARTESIAN_POINT('',(26.5,28.,5.));
#3500=CARTESIAN_POINT('Origin',(24.5,28.,0.));
#3501=CARTESIAN_POINT('Origin',(24.5,8.09883764434042,5.));
#3502=CARTESIAN_POINT('',(26.5,8.09883764434042,5.));
#3503=CARTESIAN_POINT('Origin',(24.5,8.09883764434042,5.));
#3504=CARTESIAN_POINT('',(26.5,8.09883764434042,0.));
#3505=CARTESIAN_POINT('',(26.5,8.09883764434042,5.));
#3506=CARTESIAN_POINT('Origin',(24.5,8.09883764434042,0.));
#3507=CARTESIAN_POINT('Origin',(24.5,18.0988376443404,5.));
#3508=CARTESIAN_POINT('',(26.5,18.0988376443404,5.));
#3509=CARTESIAN_POINT('Origin',(24.5,18.0988376443404,5.));
#3510=CARTESIAN_POINT('',(26.5,18.0988376443404,0.));
#3511=CARTESIAN_POINT('',(26.5,18.0988376443404,5.));
#3512=CARTESIAN_POINT('Origin',(24.5,18.0988376443404,0.));
#3513=CARTESIAN_POINT('Origin',(-24.5,23.,5.));
#3514=CARTESIAN_POINT('',(-22.5,23.,5.));
#3515=CARTESIAN_POINT('Origin',(-24.5,23.,5.));
#3516=CARTESIAN_POINT('',(-22.5,23.,0.));
#3517=CARTESIAN_POINT('',(-22.5,23.,5.));
#3518=CARTESIAN_POINT('Origin',(-24.5,23.,0.));
#3519=CARTESIAN_POINT('Origin',(-24.5,3.09883764434042,5.));
#3520=CARTESIAN_POINT('',(-22.5,3.09883764434042,5.));
#3521=CARTESIAN_POINT('Origin',(-24.5,3.09883764434042,5.));
#3522=CARTESIAN_POINT('',(-22.5,3.09883764434042,0.));
#3523=CARTESIAN_POINT('',(-22.5,3.09883764434042,5.));
#3524=CARTESIAN_POINT('Origin',(-24.5,3.09883764434042,0.));
#3525=CARTESIAN_POINT('Origin',(-47.5,-4.9999991953369,5.));
#3526=CARTESIAN_POINT('',(-45.5,-4.9999991953369,5.));
#3527=CARTESIAN_POINT('Origin',(-47.5,-4.9999991953369,5.));
#3528=CARTESIAN_POINT('',(-45.5,-4.9999991953369,0.));
#3529=CARTESIAN_POINT('',(-45.5,-4.9999991953369,5.));
#3530=CARTESIAN_POINT('Origin',(-47.5,-4.9999991953369,0.));
#3531=CARTESIAN_POINT('Origin',(-52.5,-54.0000008046627,5.));
#3532=CARTESIAN_POINT('',(-50.4999999701977,-54.0000008046627,5.));
#3533=CARTESIAN_POINT('Origin',(-52.5,-54.0000008046627,5.));
#3534=CARTESIAN_POINT('',(-50.4999999701977,-54.0000008046627,0.));
#3535=CARTESIAN_POINT('',(-50.4999999701977,-54.0000008046627,5.));
#3536=CARTESIAN_POINT('Origin',(-52.5,-54.0000008046627,0.));
#3537=CARTESIAN_POINT('Origin',(-32.5,-54.0000008046627,5.));
#3538=CARTESIAN_POINT('',(-30.5,-54.0000008046627,5.));
#3539=CARTESIAN_POINT('Origin',(-32.5,-54.0000008046627,5.));
#3540=CARTESIAN_POINT('',(-30.5,-54.0000008046627,0.));
#3541=CARTESIAN_POINT('',(-30.5,-54.0000008046627,5.));
#3542=CARTESIAN_POINT('Origin',(-32.5,-54.0000008046627,0.));
#3543=CARTESIAN_POINT('Origin',(-24.5,-72.09883764434,5.));
#3544=CARTESIAN_POINT('',(-22.5,-72.09883764434,5.));
#3545=CARTESIAN_POINT('Origin',(-24.5,-72.09883764434,5.));
#3546=CARTESIAN_POINT('',(-22.5,-72.09883764434,0.));
#3547=CARTESIAN_POINT('',(-22.5,-72.09883764434,5.));
#3548=CARTESIAN_POINT('Origin',(-24.5,-72.09883764434,0.));
#3549=CARTESIAN_POINT('Origin',(24.5,-81.9999999999996,5.));
#3550=CARTESIAN_POINT('',(26.5,-81.9999999999996,5.));
#3551=CARTESIAN_POINT('Origin',(24.5,-81.9999999999996,5.));
#3552=CARTESIAN_POINT('',(26.5,-81.9999999999996,0.));
#3553=CARTESIAN_POINT('',(26.5,-81.9999999999996,5.));
#3554=CARTESIAN_POINT('Origin',(24.5,-81.9999999999996,0.));
#3555=CARTESIAN_POINT('Origin',(24.5,-62.09883764434,5.));
#3556=CARTESIAN_POINT('',(26.5,-62.09883764434,5.));
#3557=CARTESIAN_POINT('Origin',(24.5,-62.09883764434,5.));
#3558=CARTESIAN_POINT('',(26.5,-62.09883764434,0.));
#3559=CARTESIAN_POINT('',(26.5,-62.09883764434,5.));
#3560=CARTESIAN_POINT('Origin',(24.5,-62.09883764434,0.));
#3561=CARTESIAN_POINT('Origin',(47.5,-54.0000008046627,5.));
#3562=CARTESIAN_POINT('',(49.5,-54.0000008046627,5.));
#3563=CARTESIAN_POINT('Origin',(47.5,-54.0000008046627,5.));
#3564=CARTESIAN_POINT('',(49.5,-54.0000008046627,0.));
#3565=CARTESIAN_POINT('',(49.5,-54.0000008046627,5.));
#3566=CARTESIAN_POINT('Origin',(47.5,-54.0000008046627,0.));
#3567=CARTESIAN_POINT('Origin',(32.5,-4.9999991953369,5.));
#3568=CARTESIAN_POINT('',(34.5,-4.9999991953369,5.));
#3569=CARTESIAN_POINT('Origin',(32.5,-4.9999991953369,5.));
#3570=CARTESIAN_POINT('',(34.5,-4.9999991953369,0.));
#3571=CARTESIAN_POINT('',(34.5,-4.9999991953369,5.));
#3572=CARTESIAN_POINT('Origin',(32.5,-4.9999991953369,0.));
#3573=CARTESIAN_POINT('Origin',(57.5,-4.9999991953369,5.));
#3574=CARTESIAN_POINT('',(59.5000000298023,-4.9999991953369,5.));
#3575=CARTESIAN_POINT('Origin',(57.5,-4.9999991953369,5.));
#3576=CARTESIAN_POINT('',(59.5000000298023,-4.9999991953369,0.));
#3577=CARTESIAN_POINT('',(59.5000000298023,-4.9999991953369,5.));
#3578=CARTESIAN_POINT('Origin',(57.5,-4.9999991953369,0.));
#3579=CARTESIAN_POINT('Origin',(42.5,-4.9999991953369,5.));
#3580=CARTESIAN_POINT('',(44.5,-4.9999991953369,5.));
#3581=CARTESIAN_POINT('Origin',(42.5,-4.9999991953369,5.));
#3582=CARTESIAN_POINT('',(44.5,-4.9999991953369,0.));
#3583=CARTESIAN_POINT('',(44.5,-4.9999991953369,5.));
#3584=CARTESIAN_POINT('Origin',(42.5,-4.9999991953369,0.));
#3585=CARTESIAN_POINT('Origin',(52.5,-54.0000008046627,5.));
#3586=CARTESIAN_POINT('',(54.5000000298023,-54.0000008046627,5.));
#3587=CARTESIAN_POINT('Origin',(52.5,-54.0000008046627,5.));
#3588=CARTESIAN_POINT('',(54.5000000298023,-54.0000008046627,0.));
#3589=CARTESIAN_POINT('',(54.5000000298023,-54.0000008046627,5.));
#3590=CARTESIAN_POINT('Origin',(52.5,-54.0000008046627,0.));
#3591=CARTESIAN_POINT('Origin',(32.5,-54.0000008046627,5.));
#3592=CARTESIAN_POINT('',(34.5,-54.0000008046627,5.));
#3593=CARTESIAN_POINT('Origin',(32.5,-54.0000008046627,5.));
#3594=CARTESIAN_POINT('',(34.5,-54.0000008046627,0.));
#3595=CARTESIAN_POINT('',(34.5,-54.0000008046627,5.));
#3596=CARTESIAN_POINT('Origin',(32.5,-54.0000008046627,0.));
#3597=CARTESIAN_POINT('Origin',(24.5,-77.09883764434,5.));
#3598=CARTESIAN_POINT('',(26.5,-77.09883764434,5.));
#3599=CARTESIAN_POINT('Origin',(24.5,-77.09883764434,5.));
#3600=CARTESIAN_POINT('',(26.5,-77.09883764434,0.));
#3601=CARTESIAN_POINT('',(26.5,-77.09883764434,5.));
#3602=CARTESIAN_POINT('Origin',(24.5,-77.09883764434,0.));
#3603=CARTESIAN_POINT('Origin',(-24.5,-67.09883764434,5.));
#3604=CARTESIAN_POINT('',(-22.5,-67.09883764434,5.));
#3605=CARTESIAN_POINT('Origin',(-24.5,-67.09883764434,5.));
#3606=CARTESIAN_POINT('',(-22.5,-67.09883764434,0.));
#3607=CARTESIAN_POINT('',(-22.5,-67.09883764434,5.));
#3608=CARTESIAN_POINT('Origin',(-24.5,-67.09883764434,0.));
#3609=CARTESIAN_POINT('Origin',(-24.5,-86.9999999999996,5.));
#3610=CARTESIAN_POINT('',(-22.5,-86.9999999999996,5.));
#3611=CARTESIAN_POINT('Origin',(-24.5,-86.9999999999996,5.));
#3612=CARTESIAN_POINT('',(-22.5,-86.9999999999996,0.));
#3613=CARTESIAN_POINT('',(-22.5,-86.9999999999996,5.));
#3614=CARTESIAN_POINT('Origin',(-24.5,-86.9999999999996,0.));
#3615=CARTESIAN_POINT('Origin',(-47.5,-54.0000008046627,5.));
#3616=CARTESIAN_POINT('',(-45.5,-54.0000008046627,5.));
#3617=CARTESIAN_POINT('Origin',(-47.5,-54.0000008046627,5.));
#3618=CARTESIAN_POINT('',(-45.5,-54.0000008046627,0.));
#3619=CARTESIAN_POINT('',(-45.5,-54.0000008046627,5.));
#3620=CARTESIAN_POINT('Origin',(-47.5,-54.0000008046627,0.));
#3621=CARTESIAN_POINT('Origin',(-52.5,-4.9999991953369,5.));
#3622=CARTESIAN_POINT('',(-50.4999999701977,-4.9999991953369,5.));
#3623=CARTESIAN_POINT('Origin',(-52.5,-4.9999991953369,5.));
#3624=CARTESIAN_POINT('',(-50.4999999701977,-4.9999991953369,0.));
#3625=CARTESIAN_POINT('',(-50.4999999701977,-4.9999991953369,5.));
#3626=CARTESIAN_POINT('Origin',(-52.5,-4.9999991953369,0.));
#3627=CARTESIAN_POINT('Origin',(-37.5,-4.9999991953369,5.));
#3628=CARTESIAN_POINT('',(-35.5,-4.9999991953369,5.));
#3629=CARTESIAN_POINT('Origin',(-37.5,-4.9999991953369,5.));
#3630=CARTESIAN_POINT('',(-35.5,-4.9999991953369,0.));
#3631=CARTESIAN_POINT('',(-35.5,-4.9999991953369,5.));
#3632=CARTESIAN_POINT('Origin',(-37.5,-4.9999991953369,0.));
#3633=CARTESIAN_POINT('Origin',(-24.5,8.09883764434042,5.));
#3634=CARTESIAN_POINT('',(-22.5,8.09883764434042,5.));
#3635=CARTESIAN_POINT('Origin',(-24.5,8.09883764434042,5.));
#3636=CARTESIAN_POINT('',(-22.5,8.09883764434042,0.));
#3637=CARTESIAN_POINT('',(-22.5,8.09883764434042,5.));
#3638=CARTESIAN_POINT('Origin',(-24.5,8.09883764434042,0.));
#3639=CARTESIAN_POINT('Origin',(24.5,23.,5.));
#3640=CARTESIAN_POINT('',(26.5,23.,5.));
#3641=CARTESIAN_POINT('Origin',(24.5,23.,5.));
#3642=CARTESIAN_POINT('',(26.5,23.,0.));
#3643=CARTESIAN_POINT('',(26.5,23.,5.));
#3644=CARTESIAN_POINT('Origin',(24.5,23.,0.));
#3645=CARTESIAN_POINT('Origin',(24.5,3.09883764434042,5.));
#3646=CARTESIAN_POINT('',(26.5,3.09883764434042,5.));
#3647=CARTESIAN_POINT('Origin',(24.5,3.09883764434042,5.));
#3648=CARTESIAN_POINT('',(26.5,3.09883764434042,0.));
#3649=CARTESIAN_POINT('',(26.5,3.09883764434042,5.));
#3650=CARTESIAN_POINT('Origin',(24.5,3.09883764434042,0.));
#3651=CARTESIAN_POINT('Origin',(20.,-29.4999999999998,5.));
#3652=CARTESIAN_POINT('',(22.,-29.4999999999998,5.));
#3653=CARTESIAN_POINT('Origin',(20.,-29.4999999999998,5.));
#3654=CARTESIAN_POINT('',(22.,-29.4999999999998,0.));
#3655=CARTESIAN_POINT('',(22.,-29.4999999999998,5.));
#3656=CARTESIAN_POINT('Origin',(20.,-29.4999999999998,0.));
#3657=CARTESIAN_POINT('Origin',(1.63890662921135E-16,-49.4999999999998,
5.));
#3658=CARTESIAN_POINT('',(2.,-49.4999999999998,5.));
#3659=CARTESIAN_POINT('Origin',(1.63890662921135E-16,-49.4999999999998,
5.));
#3660=CARTESIAN_POINT('',(2.,-49.4999999999998,0.));
#3661=CARTESIAN_POINT('',(2.,-49.4999999999998,5.));
#3662=CARTESIAN_POINT('Origin',(1.63890662921135E-16,-49.4999999999998,
0.));
#3663=CARTESIAN_POINT('Origin',(-1.72295312301705E-16,-9.4999999999998,
5.));
#3664=CARTESIAN_POINT('',(2.,-9.4999999999998,5.));
#3665=CARTESIAN_POINT('Origin',(-1.72295312301705E-16,-9.4999999999998,
5.));
#3666=CARTESIAN_POINT('',(2.,-9.4999999999998,0.));
#3667=CARTESIAN_POINT('',(2.,-9.4999999999998,5.));
#3668=CARTESIAN_POINT('Origin',(-1.72295312301705E-16,-9.4999999999998,
0.));
#3669=CARTESIAN_POINT('Origin',(-20.,-29.4999999999998,5.));
#3670=CARTESIAN_POINT('',(-18.,-29.4999999999998,5.));
#3671=CARTESIAN_POINT('Origin',(-20.,-29.4999999999998,5.));
#3672=CARTESIAN_POINT('',(-18.,-29.4999999999998,0.));
#3673=CARTESIAN_POINT('',(-18.,-29.4999999999998,5.));
#3674=CARTESIAN_POINT('Origin',(-20.,-29.4999999999998,0.));
#3675=CARTESIAN_POINT('Origin',(6.71951717976376E-15,-29.4999999999998,
0.));
#3676=CARTESIAN_POINT('',(-8.49999999999999,-29.4999999999998,5.));
#3677=CARTESIAN_POINT('Origin',(6.71951717976376E-15,-29.4999999999998,
5.));
#3678=CARTESIAN_POINT('',(-8.49999999999999,-29.4999999999998,0.));
#3679=CARTESIAN_POINT('',(-8.49999999999999,-29.4999999999998,0.));
#3680=CARTESIAN_POINT('Origin',(6.71951717976376E-15,-29.4999999999998,
0.));
#3681=CARTESIAN_POINT('Origin',(-32.5,-13.,0.));
#3682=CARTESIAN_POINT('',(-29.5,-13.,0.));
#3683=CARTESIAN_POINT('',(-32.5,-10.,0.));
#3684=CARTESIAN_POINT('Origin',(-32.5,-13.,0.));
#3685=CARTESIAN_POINT('',(-29.5,-13.,5.));
#3686=CARTESIAN_POINT('',(-29.5,-13.,0.));
#3687=CARTESIAN_POINT('',(-32.5,-10.,5.));
#3688=CARTESIAN_POINT('Origin',(-32.5,-13.,5.));
#3689=CARTESIAN_POINT('',(-32.5,-10.,0.));
#3690=CARTESIAN_POINT('Origin',(-59.5,-10.,0.));
#3691=CARTESIAN_POINT('',(-59.5,-10.,0.));
#3692=CARTESIAN_POINT('',(-59.5,-10.,0.));
#3693=CARTESIAN_POINT('',(-59.5,-10.,5.));
#3694=CARTESIAN_POINT('',(-59.5,-10.,5.));
#3695=CARTESIAN_POINT('',(-59.5,-10.,0.));
#3696=CARTESIAN_POINT('Origin',(-59.5,-7.,0.));
#3697=CARTESIAN_POINT('',(-62.5,-7.,0.));
#3698=CARTESIAN_POINT('Origin',(-59.5,-7.,0.));
#3699=CARTESIAN_POINT('',(-62.5,-7.,5.));
#3700=CARTESIAN_POINT('Origin',(-59.5,-7.,5.));
#3701=CARTESIAN_POINT('',(-62.5,-7.,0.));
#3702=CARTESIAN_POINT('Origin',(-62.5,-3.,0.));
#3703=CARTESIAN_POINT('',(-62.5,-3.,0.));
#3704=CARTESIAN_POINT('',(-62.5,-3.,0.));
#3705=CARTESIAN_POINT('',(-62.5,-3.,5.));
#3706=CARTESIAN_POINT('',(-62.5,-3.,5.));
#3707=CARTESIAN_POINT('',(-62.5,-3.,0.));
#3708=CARTESIAN_POINT('Origin',(-59.5,-3.,0.));
#3709=CARTESIAN_POINT('',(-59.5,0.,0.));
#3710=CARTESIAN_POINT('Origin',(-59.5,-3.,0.));
#3711=CARTESIAN_POINT('',(-59.5,0.,5.));
#3712=CARTESIAN_POINT('Origin',(-59.5,-3.,5.));
#3713=CARTESIAN_POINT('',(-59.5,0.,0.));
#3714=CARTESIAN_POINT('Origin',(-32.5,1.66533453693773E-15,0.));
#3715=CARTESIAN_POINT('',(-32.5,1.66533453693773E-15,0.));
#3716=CARTESIAN_POINT('',(-32.5,1.66533453693773E-15,0.));
#3717=CARTESIAN_POINT('',(-32.5,2.22044604925031E-15,5.));
#3718=CARTESIAN_POINT('',(-32.5,1.66533453693773E-15,5.));
#3719=CARTESIAN_POINT('',(-32.5,1.66533453693773E-15,0.));
#3720=CARTESIAN_POINT('Origin',(-32.5,3.00000000000001,0.));
#3721=CARTESIAN_POINT('',(-29.5,3.,0.));
#3722=CARTESIAN_POINT('Origin',(-32.5,3.00000000000001,0.));
#3723=CARTESIAN_POINT('',(-29.5,3.,5.));
#3724=CARTESIAN_POINT('Origin',(-32.5,3.00000000000001,5.));
#3725=CARTESIAN_POINT('',(-29.5,3.,0.));
#3726=CARTESIAN_POINT('Origin',(-29.5,30.,0.));
#3727=CARTESIAN_POINT('',(-29.5,30.,0.));
#3728=CARTESIAN_POINT('',(-29.5,30.,0.));
#3729=CARTESIAN_POINT('',(-29.5,30.,5.));
#3730=CARTESIAN_POINT('',(-29.5,30.,5.));
#3731=CARTESIAN_POINT('',(-29.5,30.,0.));
#3732=CARTESIAN_POINT('Origin',(-26.5,30.,0.));
#3733=CARTESIAN_POINT('',(-26.5,33.,0.));
#3734=CARTESIAN_POINT('Origin',(-26.5,30.,0.));
#3735=CARTESIAN_POINT('',(-26.5,33.,5.));
#3736=CARTESIAN_POINT('Origin',(-26.5,30.,5.));
#3737=CARTESIAN_POINT('',(-26.5,33.,0.));
#3738=CARTESIAN_POINT('Origin',(-22.5,33.,0.));
#3739=CARTESIAN_POINT('',(-22.5,33.,0.));
#3740=CARTESIAN_POINT('',(-22.5,33.,0.));
#3741=CARTESIAN_POINT('',(-22.5,33.,5.));
#3742=CARTESIAN_POINT('',(-22.5,33.,5.));
#3743=CARTESIAN_POINT('',(-22.5,33.,0.));
#3744=CARTESIAN_POINT('Origin',(-22.5,30.,0.));
#3745=CARTESIAN_POINT('',(-19.5,30.,0.));
#3746=CARTESIAN_POINT('Origin',(-22.5,30.,0.));
#3747=CARTESIAN_POINT('',(-19.5,30.,5.));
#3748=CARTESIAN_POINT('Origin',(-22.5,30.,5.));
#3749=CARTESIAN_POINT('',(-19.5,30.,0.));
#3750=CARTESIAN_POINT('Origin',(-19.5,3.,0.));
#3751=CARTESIAN_POINT('',(-19.5,3.,0.));
#3752=CARTESIAN_POINT('',(-19.5,3.,0.));
#3753=CARTESIAN_POINT('',(-19.5,3.,5.));
#3754=CARTESIAN_POINT('',(-19.5,3.,5.));
#3755=CARTESIAN_POINT('',(-19.5,3.,0.));
#3756=CARTESIAN_POINT('Origin',(-16.5,3.,0.));
#3757=CARTESIAN_POINT('',(-16.5,-5.55111512312578E-16,0.));
#3758=CARTESIAN_POINT('Origin',(-16.5,3.,0.));
#3759=CARTESIAN_POINT('',(-16.5,0.,5.));
#3760=CARTESIAN_POINT('Origin',(-16.5,3.,5.));
#3761=CARTESIAN_POINT('',(-16.5,-5.55111512312578E-16,0.));
#3762=CARTESIAN_POINT('Origin',(16.5,0.,0.));
#3763=CARTESIAN_POINT('',(16.5,0.,0.));
#3764=CARTESIAN_POINT('',(0.,0.,0.));
#3765=CARTESIAN_POINT('',(16.5,0.,5.));
#3766=CARTESIAN_POINT('',(0.,0.,5.));
#3767=CARTESIAN_POINT('',(16.5,0.,0.));
#3768=CARTESIAN_POINT('Origin',(16.5,3.,0.));
#3769=CARTESIAN_POINT('',(19.5,3.,0.));
#3770=CARTESIAN_POINT('Origin',(16.5,3.,0.));
#3771=CARTESIAN_POINT('',(19.5,3.,5.));
#3772=CARTESIAN_POINT('Origin',(16.5,3.,5.));
#3773=CARTESIAN_POINT('',(19.5,3.,0.));
#3774=CARTESIAN_POINT('Origin',(19.5,30.,0.));
#3775=CARTESIAN_POINT('',(19.5,30.,0.));
#3776=CARTESIAN_POINT('',(19.5,3.,0.));
#3777=CARTESIAN_POINT('',(19.5,30.,5.));
#3778=CARTESIAN_POINT('',(19.5,3.,5.));
#3779=CARTESIAN_POINT('',(19.5,30.,0.));
#3780=CARTESIAN_POINT('Origin',(22.5,30.,0.));
#3781=CARTESIAN_POINT('',(22.5,33.,0.));
#3782=CARTESIAN_POINT('Origin',(22.5,30.,0.));
#3783=CARTESIAN_POINT('',(22.5,33.,5.));
#3784=CARTESIAN_POINT('Origin',(22.5,30.,5.));
#3785=CARTESIAN_POINT('',(22.5,33.,0.));
#3786=CARTESIAN_POINT('Origin',(26.5,33.,0.));
#3787=CARTESIAN_POINT('',(26.5,33.,0.));
#3788=CARTESIAN_POINT('',(22.5,33.,0.));
#3789=CARTESIAN_POINT('',(26.5,33.,5.));
#3790=CARTESIAN_POINT('',(22.5,33.,5.));
#3791=CARTESIAN_POINT('',(26.5,33.,0.));
#3792=CARTESIAN_POINT('Origin',(26.5,30.,0.));
#3793=CARTESIAN_POINT('',(29.5,30.,0.));
#3794=CARTESIAN_POINT('Origin',(26.5,30.,0.));
#3795=CARTESIAN_POINT('',(29.5,30.,5.));
#3796=CARTESIAN_POINT('Origin',(26.5,30.,5.));
#3797=CARTESIAN_POINT('',(29.5,30.,0.));
#3798=CARTESIAN_POINT('Origin',(29.5,3.,0.));
#3799=CARTESIAN_POINT('',(29.5,3.,0.));
#3800=CARTESIAN_POINT('',(29.5,30.,0.));
#3801=CARTESIAN_POINT('',(29.5,3.,5.));
#3802=CARTESIAN_POINT('',(29.5,30.,5.));
#3803=CARTESIAN_POINT('',(29.5,3.,0.));
#3804=CARTESIAN_POINT('Origin',(32.5,3.00000000000001,0.));
#3805=CARTESIAN_POINT('',(32.5,1.66533453693773E-15,0.));
#3806=CARTESIAN_POINT('Origin',(32.5,3.00000000000001,0.));
#3807=CARTESIAN_POINT('',(32.5,2.22044604925031E-15,5.));
#3808=CARTESIAN_POINT('Origin',(32.5,3.00000000000001,5.));
#3809=CARTESIAN_POINT('',(32.5,1.66533453693773E-15,0.));
#3810=CARTESIAN_POINT('Origin',(59.5,0.,0.));
#3811=CARTESIAN_POINT('',(59.5,4.44089209850063E-15,0.));
#3812=CARTESIAN_POINT('',(32.5,1.66533453693773E-15,0.));
#3813=CARTESIAN_POINT('',(59.5,4.44089209850063E-15,5.));
#3814=CARTESIAN_POINT('',(32.5,1.66533453693773E-15,5.));
#3815=CARTESIAN_POINT('',(59.5,4.44089209850063E-15,0.));
#3816=CARTESIAN_POINT('Origin',(59.5,-3.,0.));
#3817=CARTESIAN_POINT('',(62.5,-3.,0.));
#3818=CARTESIAN_POINT('Origin',(59.5,-3.,0.));
#3819=CARTESIAN_POINT('',(62.5,-3.,5.));
#3820=CARTESIAN_POINT('Origin',(59.5,-3.,5.));
#3821=CARTESIAN_POINT('',(62.5,-3.,0.));
#3822=CARTESIAN_POINT('Origin',(62.5,-7.,0.));
#3823=CARTESIAN_POINT('',(62.5,-7.,0.));
#3824=CARTESIAN_POINT('',(62.5,-3.,0.));
#3825=CARTESIAN_POINT('',(62.5,-7.,5.));
#3826=CARTESIAN_POINT('',(62.5,-3.,5.));
#3827=CARTESIAN_POINT('',(62.5,-7.,0.));
#3828=CARTESIAN_POINT('Origin',(59.5,-7.,0.));
#3829=CARTESIAN_POINT('',(59.5,-10.,0.));
#3830=CARTESIAN_POINT('Origin',(59.5,-7.,0.));
#3831=CARTESIAN_POINT('',(59.5,-10.,5.));
#3832=CARTESIAN_POINT('Origin',(59.5,-7.,5.));
#3833=CARTESIAN_POINT('',(59.5,-10.,0.));
#3834=CARTESIAN_POINT('Origin',(32.5,-10.,0.));
#3835=CARTESIAN_POINT('',(32.5,-10.,0.));
#3836=CARTESIAN_POINT('',(59.5,-10.,0.));
#3837=CARTESIAN_POINT('',(32.5,-10.,5.));
#3838=CARTESIAN_POINT('',(59.5,-10.,5.));
#3839=CARTESIAN_POINT('',(32.5,-10.,0.));
#3840=CARTESIAN_POINT('Origin',(32.5,-13.,0.));
#3841=CARTESIAN_POINT('',(29.5,-13.,0.));
#3842=CARTESIAN_POINT('Origin',(32.5,-13.,0.));
#3843=CARTESIAN_POINT('',(29.5,-13.,5.));
#3844=CARTESIAN_POINT('Origin',(32.5,-13.,5.));
#3845=CARTESIAN_POINT('',(29.5,-13.,0.));
#3846=CARTESIAN_POINT('Origin',(29.5,-46.,0.));
#3847=CARTESIAN_POINT('',(29.5,-46.,0.));
#3848=CARTESIAN_POINT('',(29.5,-13.,0.));
#3849=CARTESIAN_POINT('',(29.5,-46.,5.));
#3850=CARTESIAN_POINT('',(29.5,-13.,5.));
#3851=CARTESIAN_POINT('',(29.5,-46.,0.));
#3852=CARTESIAN_POINT('Origin',(32.5,-46.,0.));
#3853=CARTESIAN_POINT('',(32.5,-49.,0.));
#3854=CARTESIAN_POINT('Origin',(32.5,-46.,0.));
#3855=CARTESIAN_POINT('',(32.5,-49.,5.));
#3856=CARTESIAN_POINT('Origin',(32.5,-46.,5.));
#3857=CARTESIAN_POINT('',(32.5,-49.,0.));
#3858=CARTESIAN_POINT('Origin',(59.5,-49.,0.));
#3859=CARTESIAN_POINT('',(59.5,-49.,0.));
#3860=CARTESIAN_POINT('',(32.5,-49.,0.));
#3861=CARTESIAN_POINT('',(59.5,-49.,5.));
#3862=CARTESIAN_POINT('',(32.5,-49.,5.));
#3863=CARTESIAN_POINT('',(59.5,-49.,0.));
#3864=CARTESIAN_POINT('Origin',(59.5,-52.,0.));
#3865=CARTESIAN_POINT('',(62.5,-52.,0.));
#3866=CARTESIAN_POINT('Origin',(59.5,-52.,0.));
#3867=CARTESIAN_POINT('',(62.5,-52.,5.));
#3868=CARTESIAN_POINT('Origin',(59.5,-52.,5.));
#3869=CARTESIAN_POINT('',(62.5,-52.,0.));
#3870=CARTESIAN_POINT('Origin',(62.5,-56.,0.));
#3871=CARTESIAN_POINT('',(62.5,-56.,0.));
#3872=CARTESIAN_POINT('',(62.5,-52.,0.));
#3873=CARTESIAN_POINT('',(62.5,-56.,5.));
#3874=CARTESIAN_POINT('',(62.5,-52.,5.));
#3875=CARTESIAN_POINT('',(62.5,-56.,0.));
#3876=CARTESIAN_POINT('Origin',(59.5,-56.,0.));
#3877=CARTESIAN_POINT('',(59.5,-59.,0.));
#3878=CARTESIAN_POINT('Origin',(59.5,-56.,0.));
#3879=CARTESIAN_POINT('',(59.5,-59.,5.));
#3880=CARTESIAN_POINT('Origin',(59.5,-56.,5.));
#3881=CARTESIAN_POINT('',(59.5,-59.,0.));
#3882=CARTESIAN_POINT('Origin',(32.5,-58.9999999999998,0.));
#3883=CARTESIAN_POINT('',(32.5,-58.9999999999998,0.));
#3884=CARTESIAN_POINT('',(59.5,-59.,0.));
#3885=CARTESIAN_POINT('',(32.5,-58.9999999999998,5.));
#3886=CARTESIAN_POINT('',(59.5,-59.,5.));
#3887=CARTESIAN_POINT('',(32.5,-58.9999999999998,0.));
#3888=CARTESIAN_POINT('Origin',(32.5,-61.9999999999998,0.));
#3889=CARTESIAN_POINT('',(29.5,-61.9999999999997,0.));
#3890=CARTESIAN_POINT('Origin',(32.5,-61.9999999999998,0.));
#3891=CARTESIAN_POINT('',(29.5,-61.9999999999997,5.));
#3892=CARTESIAN_POINT('Origin',(32.5,-61.9999999999998,5.));
#3893=CARTESIAN_POINT('',(29.5,-61.9999999999997,0.));
#3894=CARTESIAN_POINT('Origin',(29.4999999999997,-88.9999999999997,0.));
#3895=CARTESIAN_POINT('',(29.4999999999997,-88.9999999999997,0.));
#3896=CARTESIAN_POINT('',(29.5,-61.9999999999997,0.));
#3897=CARTESIAN_POINT('',(29.4999999999997,-88.9999999999997,5.));
#3898=CARTESIAN_POINT('',(29.5,-61.9999999999997,5.));
#3899=CARTESIAN_POINT('',(29.4999999999997,-88.9999999999997,0.));
#3900=CARTESIAN_POINT('Origin',(26.4999999999997,-88.9999999999997,0.));
#3901=CARTESIAN_POINT('',(26.4999999999997,-91.9999999999997,0.));
#3902=CARTESIAN_POINT('Origin',(26.4999999999997,-88.9999999999997,0.));
#3903=CARTESIAN_POINT('',(26.4999999999997,-91.9999999999997,5.));
#3904=CARTESIAN_POINT('Origin',(26.4999999999997,-88.9999999999997,5.));
#3905=CARTESIAN_POINT('',(26.4999999999997,-91.9999999999997,0.));
#3906=CARTESIAN_POINT('Origin',(22.4999999999997,-91.9999999999997,0.));
#3907=CARTESIAN_POINT('',(22.4999999999997,-91.9999999999997,0.));
#3908=CARTESIAN_POINT('',(26.4999999999997,-91.9999999999997,0.));
#3909=CARTESIAN_POINT('',(22.4999999999997,-91.9999999999997,5.));
#3910=CARTESIAN_POINT('',(26.4999999999997,-91.9999999999997,5.));
#3911=CARTESIAN_POINT('',(22.4999999999997,-91.9999999999997,0.));
#3912=CARTESIAN_POINT('Origin',(22.4999999999997,-88.9999999999997,0.));
#3913=CARTESIAN_POINT('',(19.4999999999997,-88.9999999999996,0.));
#3914=CARTESIAN_POINT('Origin',(22.4999999999997,-88.9999999999997,0.));
#3915=CARTESIAN_POINT('',(19.4999999999997,-88.9999999999996,5.));
#3916=CARTESIAN_POINT('Origin',(22.4999999999997,-88.9999999999997,5.));
#3917=CARTESIAN_POINT('',(19.4999999999997,-88.9999999999996,0.));
#3918=CARTESIAN_POINT('Origin',(19.5,-61.9999999999996,0.));
#3919=CARTESIAN_POINT('',(19.5,-61.9999999999996,0.));
#3920=CARTESIAN_POINT('',(19.4999999999997,-88.9999999999996,0.));
#3921=CARTESIAN_POINT('',(19.5,-61.9999999999996,5.));
#3922=CARTESIAN_POINT('',(19.4999999999997,-88.9999999999996,5.));
#3923=CARTESIAN_POINT('',(19.5,-61.9999999999996,0.));
#3924=CARTESIAN_POINT('Origin',(16.5,-61.9999999999996,0.));
#3925=CARTESIAN_POINT('',(16.5,-58.9999999999996,0.));
#3926=CARTESIAN_POINT('Origin',(16.5,-61.9999999999996,0.));
#3927=CARTESIAN_POINT('',(16.5,-58.9999999999996,5.));
#3928=CARTESIAN_POINT('Origin',(16.5,-61.9999999999996,5.));
#3929=CARTESIAN_POINT('',(16.5,-58.9999999999996,0.));
#3930=CARTESIAN_POINT('Origin',(-16.5,-58.9999999999996,0.));
#3931=CARTESIAN_POINT('',(-16.5,-58.9999999999996,0.));
#3932=CARTESIAN_POINT('',(-16.5,-58.9999999999996,0.));
#3933=CARTESIAN_POINT('',(-16.5,-58.9999999999996,5.));
#3934=CARTESIAN_POINT('',(-16.5,-58.9999999999996,5.));
#3935=CARTESIAN_POINT('',(-16.5,-58.9999999999996,0.));
#3936=CARTESIAN_POINT('Origin',(-16.5,-61.9999999999996,0.));
#3937=CARTESIAN_POINT('',(-19.5,-61.9999999999996,0.));
#3938=CARTESIAN_POINT('Origin',(-16.5,-61.9999999999996,0.));
#3939=CARTESIAN_POINT('',(-19.5,-61.9999999999996,5.));
#3940=CARTESIAN_POINT('Origin',(-16.5,-61.9999999999996,5.));
#3941=CARTESIAN_POINT('',(-19.5,-61.9999999999996,0.));
#3942=CARTESIAN_POINT('Origin',(-19.4999999999997,-88.9999999999996,0.));
#3943=CARTESIAN_POINT('',(-19.4999999999997,-88.9999999999996,0.));
#3944=CARTESIAN_POINT('',(-19.4999999999997,-88.9999999999996,0.));
#3945=CARTESIAN_POINT('',(-19.4999999999997,-88.9999999999996,5.));
#3946=CARTESIAN_POINT('',(-19.4999999999997,-88.9999999999996,5.));
#3947=CARTESIAN_POINT('',(-19.4999999999997,-88.9999999999996,0.));
#3948=CARTESIAN_POINT('Origin',(-22.4999999999997,-88.9999999999997,0.));
#3949=CARTESIAN_POINT('',(-22.4999999999997,-91.9999999999997,0.));
#3950=CARTESIAN_POINT('Origin',(-22.4999999999997,-88.9999999999997,0.));
#3951=CARTESIAN_POINT('',(-22.4999999999997,-91.9999999999997,5.));
#3952=CARTESIAN_POINT('Origin',(-22.4999999999997,-88.9999999999997,5.));
#3953=CARTESIAN_POINT('',(-22.4999999999997,-91.9999999999997,0.));
#3954=CARTESIAN_POINT('Origin',(-26.4999999999997,-91.9999999999997,0.));
#3955=CARTESIAN_POINT('',(-26.4999999999997,-91.9999999999997,0.));
#3956=CARTESIAN_POINT('',(-26.4999999999997,-91.9999999999997,0.));
#3957=CARTESIAN_POINT('',(-26.4999999999997,-91.9999999999997,5.));
#3958=CARTESIAN_POINT('',(-26.4999999999997,-91.9999999999997,5.));
#3959=CARTESIAN_POINT('',(-26.4999999999997,-91.9999999999997,0.));
#3960=CARTESIAN_POINT('Origin',(-26.4999999999997,-88.9999999999997,0.));
#3961=CARTESIAN_POINT('',(-29.4999999999997,-88.9999999999997,0.));
#3962=CARTESIAN_POINT('Origin',(-26.4999999999997,-88.9999999999997,0.));
#3963=CARTESIAN_POINT('',(-29.4999999999997,-88.9999999999997,5.));
#3964=CARTESIAN_POINT('Origin',(-26.4999999999997,-88.9999999999997,5.));
#3965=CARTESIAN_POINT('',(-29.4999999999997,-88.9999999999997,0.));
#3966=CARTESIAN_POINT('Origin',(-29.5,-61.9999999999997,0.));
#3967=CARTESIAN_POINT('',(-29.5,-61.9999999999997,0.));
#3968=CARTESIAN_POINT('',(-29.5,-61.9999999999997,0.));
#3969=CARTESIAN_POINT('',(-29.5,-61.9999999999997,5.));
#3970=CARTESIAN_POINT('',(-29.5,-61.9999999999997,5.));
#3971=CARTESIAN_POINT('',(-29.5,-61.9999999999997,0.));
#3972=CARTESIAN_POINT('Origin',(-32.5,-61.9999999999998,0.));
#3973=CARTESIAN_POINT('',(-32.5,-58.9999999999998,0.));
#3974=CARTESIAN_POINT('Origin',(-32.5,-61.9999999999998,0.));
#3975=CARTESIAN_POINT('',(-32.5,-58.9999999999998,5.));
#3976=CARTESIAN_POINT('Origin',(-32.5,-61.9999999999998,5.));
#3977=CARTESIAN_POINT('',(-32.5,-58.9999999999998,0.));
#3978=CARTESIAN_POINT('Origin',(-59.5,-59.,0.));
#3979=CARTESIAN_POINT('',(-59.5,-59.,0.));
#3980=CARTESIAN_POINT('',(-59.5,-59.,0.));
#3981=CARTESIAN_POINT('',(-59.5,-59.,5.));
#3982=CARTESIAN_POINT('',(-59.5,-59.,5.));
#3983=CARTESIAN_POINT('',(-59.5,-59.,0.));
#3984=CARTESIAN_POINT('Origin',(-59.5,-56.,0.));
#3985=CARTESIAN_POINT('',(-62.5,-56.,0.));
#3986=CARTESIAN_POINT('Origin',(-59.5,-56.,0.));
#3987=CARTESIAN_POINT('',(-62.5,-56.,5.));
#3988=CARTESIAN_POINT('Origin',(-59.5,-56.,5.));
#3989=CARTESIAN_POINT('',(-62.5,-56.,0.));
#3990=CARTESIAN_POINT('Origin',(-62.5,-52.,0.));
#3991=CARTESIAN_POINT('',(-62.5,-52.,0.));
#3992=CARTESIAN_POINT('',(-62.5,-52.,0.));
#3993=CARTESIAN_POINT('',(-62.5,-52.,5.));
#3994=CARTESIAN_POINT('',(-62.5,-52.,5.));
#3995=CARTESIAN_POINT('',(-62.5,-52.,0.));
#3996=CARTESIAN_POINT('Origin',(-59.5,-52.,0.));
#3997=CARTESIAN_POINT('',(-59.5,-49.,0.));
#3998=CARTESIAN_POINT('Origin',(-59.5,-52.,0.));
#3999=CARTESIAN_POINT('',(-59.5,-49.,5.));
#4000=CARTESIAN_POINT('Origin',(-59.5,-52.,5.));
#4001=CARTESIAN_POINT('',(-59.5,-49.,0.));
#4002=CARTESIAN_POINT('Origin',(-32.5,-49.,0.));
#4003=CARTESIAN_POINT('',(-32.5,-49.,0.));
#4004=CARTESIAN_POINT('',(-32.5,-49.,0.));
#4005=CARTESIAN_POINT('',(-32.5,-49.,5.));
#4006=CARTESIAN_POINT('',(-32.5,-49.,5.));
#4007=CARTESIAN_POINT('',(-32.5,-49.,0.));
#4008=CARTESIAN_POINT('Origin',(-32.5,-46.,0.));
#4009=CARTESIAN_POINT('',(-29.5,-46.,0.));
#4010=CARTESIAN_POINT('Origin',(-32.5,-46.,0.));
#4011=CARTESIAN_POINT('',(-29.5,-46.,5.));
#4012=CARTESIAN_POINT('Origin',(-32.5,-46.,5.));
#4013=CARTESIAN_POINT('',(-29.5,-46.,0.));
#4014=CARTESIAN_POINT('Origin',(-29.5,-13.,0.));
#4015=CARTESIAN_POINT('',(-29.5,-13.,0.));
#4016=CARTESIAN_POINT('',(-29.5,-13.,5.));
#4017=CARTESIAN_POINT('Origin',(0.,-29.4999999999999,5.));
#4018=CARTESIAN_POINT('Origin',(0.,-29.4999999999999,0.));
#4019=UNCERTAINTY_MEASURE_WITH_UNIT(LENGTH_MEASURE(0.01),#4023,
'DISTANCE_ACCURACY_VALUE',
'Maximum model space distance between geometric entities at asserted c
onnectivities');
#4020=UNCERTAINTY_MEASURE_WITH_UNIT(LENGTH_MEASURE(0.01),#4023,
'DISTANCE_ACCURACY_VALUE',
'Maximum model space distance between geometric entities at asserted c
onnectivities');
#4021=(
GEOMETRIC_REPRESENTATION_CONTEXT(3)
GLOBAL_UNCERTAINTY_ASSIGNED_CONTEXT((#4019))
GLOBAL_UNIT_ASSIGNED_CONTEXT((#4023,#4025,#4026))
REPRESENTATION_CONTEXT('','3D')
);
#4022=(
GEOMETRIC_REPRESENTATION_CONTEXT(3)
GLOBAL_UNCERTAINTY_ASSIGNED_CONTEXT((#4020))
GLOBAL_UNIT_ASSIGNED_CONTEXT((#4023,#4025,#4026))
REPRESENTATION_CONTEXT('','3D')
);
#4023=(
LENGTH_UNIT()
NAMED_UNIT(*)
SI_UNIT(.MILLI.,.METRE.)
);
#4024=(
LENGTH_UNIT()
NAMED_UNIT(*)
SI_UNIT($,.METRE.)
);
#4025=(
NAMED_UNIT(*)
PLANE_ANGLE_UNIT()
SI_UNIT($,.RADIAN.)
);
#4026=(
NAMED_UNIT(*)
SI_UNIT($,.STERADIAN.)
SOLID_ANGLE_UNIT()
);
#4027=SHAPE_DEFINITION_REPRESENTATION(#4028,#4029);
#4028=PRODUCT_DEFINITION_SHAPE('',$,#4031);
#4029=SHAPE_REPRESENTATION('',(#2375),#4021);
#4030=PRODUCT_DEFINITION_CONTEXT('part definition',#4035,'design');
#4031=PRODUCT_DEFINITION('Base plate - 4 fingers',
'Base plate - 4 fingers v1',#4032,#4030);
#4032=PRODUCT_DEFINITION_FORMATION('',$,#4037);
#4033=PRODUCT_RELATED_PRODUCT_CATEGORY('Base plate - 4 fingers v1',
'Base plate - 4 fingers v1',(#4037));
#4034=APPLICATION_PROTOCOL_DEFINITION('international standard',
'automotive_design',2009,#4035);
#4035=APPLICATION_CONTEXT(
'Core Data for Automotive Mechanical Design Process');
#4036=PRODUCT_CONTEXT('part definition',#4035,'mechanical');
#4037=PRODUCT('Base plate - 4 fingers','Base plate - 4 fingers v1',$,(#4036));
#4038=PRESENTATION_STYLE_ASSIGNMENT((#4039));
#4039=SURFACE_STYLE_USAGE(.BOTH.,#4040);
#4040=SURFACE_SIDE_STYLE('',(#4041));
#4041=SURFACE_STYLE_FILL_AREA(#4042);
#4042=FILL_AREA_STYLE('Steel - Satin',(#4043));
#4043=FILL_AREA_STYLE_COLOUR('Steel - Satin',#4044);
#4044=COLOUR_RGB('Steel - Satin',0.627450980392157,0.627450980392157,0.627450980392157);
ENDSEC;
END-ISO-10303-21;
