ISO-10303-21;
HEADER;
FILE_DESCRIPTION((''),'2;1');
FILE_NAME('BASEPLATE','2026-06-22T13:05:00',('jcamm'),(''),
'CREO PARAMETRIC BY PTC INC, 2025010','CREO PARAMETRIC BY PTC INC, 2025010','');
FILE_SCHEMA(('CONFIG_CONTROL_DESIGN'));
ENDSEC;
DATA;
#2=DIRECTION('',(-5.E-1,8.660254037844E-1,0.E0));
#3=VECTOR('',#2,4.E0);
#4=CARTESIAN_POINT('',(3.551537180436E1,4.648557158515E1,5.E0));
#5=LINE('',#4,#3);
#6=CARTESIAN_POINT('',(3.291729559301E1,4.498557158515E1,5.E0));
#7=DIRECTION('',(0.E0,0.E0,1.E0));
#8=DIRECTION('',(1.E0,0.E0,0.E0));
#9=AXIS2_PLACEMENT_3D('',#6,#7,#8);
#11=CARTESIAN_POINT('',(3.291729559301E1,4.498557158515E1,5.E0));
#12=DIRECTION('',(0.E0,0.E0,1.E0));
#13=DIRECTION('',(5.E-1,-8.660254037844E-1,0.E0));
#14=AXIS2_PLACEMENT_3D('',#11,#12,#13);
#16=DIRECTION('',(8.660254037844E-1,5.E-1,0.E0));
#17=VECTOR('',#16,2.7E1);
#18=CARTESIAN_POINT('',(1.103460969083E1,2.888749537380E1,5.E0));
#19=LINE('',#18,#17);
#20=CARTESIAN_POINT('',(1.253460969083E1,2.628941916244E1,5.E0));
#21=DIRECTION('',(0.E0,0.E0,-1.E0));
#22=DIRECTION('',(-1.E0,0.E0,0.E0));
#23=AXIS2_PLACEMENT_3D('',#20,#21,#22);
#25=CARTESIAN_POINT('',(1.253460969083E1,2.628941916244E1,5.E0));
#26=DIRECTION('',(0.E0,0.E0,-1.E0));
#27=DIRECTION('',(-8.660254037844E-1,-5.E-1,0.E0));
#28=AXIS2_PLACEMENT_3D('',#25,#26,#27);
#30=DIRECTION('',(-5.E-1,8.660254037844E-1,0.E0));
#31=VECTOR('',#30,3.3E1);
#32=CARTESIAN_POINT('',(2.643653347947E1,-3.789419162443E0,5.E0));
#33=LINE('',#32,#31);
#34=CARTESIAN_POINT('',(2.903460969083E1,-2.289419162443E0,5.E0));
#35=DIRECTION('',(0.E0,0.E0,-1.E0));
#36=DIRECTION('',(5.E-1,-8.660254037844E-1,0.E0));
#37=AXIS2_PLACEMENT_3D('',#34,#35,#36);
#39=DIRECTION('',(-8.660254037844E-1,-5.E-1,0.E0));
#40=VECTOR('',#39,2.7E1);
#41=CARTESIAN_POINT('',(5.391729559301E1,8.612504626203E0,5.E0));
#42=LINE('',#41,#40);
#43=CARTESIAN_POINT('',(5.541729559301E1,6.014428414850E0,5.E0));
#44=DIRECTION('',(0.E0,0.E0,1.E0));
#45=DIRECTION('',(8.660254037844E-1,5.E-1,0.E0));
#46=AXIS2_PLACEMENT_3D('',#43,#44,#45);
#48=DIRECTION('',(-5.E-1,8.660254037844E-1,0.E0));
#49=VECTOR('',#48,4.E0);
#50=CARTESIAN_POINT('',(6.001537180436E1,4.050326799712E0,5.E0));
#51=LINE('',#50,#49);
#52=CARTESIAN_POINT('',(5.741729559301E1,2.550326799712E0,5.E0));
#53=DIRECTION('',(0.E0,0.E0,1.E0));
#54=DIRECTION('',(1.E0,0.E0,0.E0));
#55=AXIS2_PLACEMENT_3D('',#52,#53,#54);
#57=CARTESIAN_POINT('',(5.741729559301E1,2.550326799712E0,5.E0));
#58=DIRECTION('',(0.E0,0.E0,1.E0));
#59=DIRECTION('',(5.E-1,-8.660254037844E-1,0.E0));
#60=AXIS2_PLACEMENT_3D('',#57,#58,#59);
#62=DIRECTION('',(8.660254037844E-1,5.E-1,0.E0));
#63=VECTOR('',#62,3.223611625134E1);
#64=CARTESIAN_POINT('',(3.1E1,-1.616580753731E1,5.E0));
#65=LINE('',#64,#63);
#66=CARTESIAN_POINT('',(3.25E1,-1.876388374866E1,5.E0));
#67=DIRECTION('',(0.E0,0.E0,-1.E0));
#68=DIRECTION('',(-1.E0,0.E0,0.E0));
#69=AXIS2_PLACEMENT_3D('',#66,#67,#68);
#71=DIRECTION('',(0.E0,1.E0,0.E0));
#72=VECTOR('',#71,3.223611625134E1);
#73=CARTESIAN_POINT('',(2.95E1,-5.1E1,5.E0));
#74=LINE('',#73,#72);
#75=CARTESIAN_POINT('',(2.65E1,-5.1E1,5.E0));
#76=DIRECTION('',(0.E0,0.E0,1.E0));
#77=DIRECTION('',(0.E0,-1.E0,0.E0));
#78=AXIS2_PLACEMENT_3D('',#75,#76,#77);
#80=DIRECTION('',(1.E0,0.E0,0.E0));
#81=VECTOR('',#80,4.E0);
#82=CARTESIAN_POINT('',(2.25E1,-5.4E1,5.E0));
#83=LINE('',#82,#81);
#84=CARTESIAN_POINT('',(2.25E1,-5.1E1,5.E0));
#85=DIRECTION('',(0.E0,0.E0,1.E0));
#86=DIRECTION('',(-1.E0,0.E0,0.E0));
#87=AXIS2_PLACEMENT_3D('',#84,#85,#86);
#89=DIRECTION('',(0.E0,-1.E0,0.E0));
#90=VECTOR('',#89,2.7E1);
#91=CARTESIAN_POINT('',(1.95E1,-2.4E1,5.E0));
#92=LINE('',#91,#90);
#93=CARTESIAN_POINT('',(1.65E1,-2.4E1,5.E0));
#94=DIRECTION('',(0.E0,0.E0,-1.E0));
#95=DIRECTION('',(0.E0,1.E0,0.E0));
#96=AXIS2_PLACEMENT_3D('',#93,#94,#95);
#98=DIRECTION('',(1.E0,0.E0,0.E0));
#99=VECTOR('',#98,3.3E1);
#100=CARTESIAN_POINT('',(-1.65E1,-2.1E1,5.E0));
#101=LINE('',#100,#99);
#102=CARTESIAN_POINT('',(-1.65E1,-2.4E1,5.E0));
#103=DIRECTION('',(0.E0,0.E0,-1.E0));
#104=DIRECTION('',(-1.E0,0.E0,0.E0));
#105=AXIS2_PLACEMENT_3D('',#102,#103,#104);
#107=DIRECTION('',(0.E0,1.E0,0.E0));
#108=VECTOR('',#107,2.7E1);
#109=CARTESIAN_POINT('',(-1.95E1,-5.1E1,5.E0));
#110=LINE('',#109,#108);
#111=CARTESIAN_POINT('',(-2.25E1,-5.1E1,5.E0));
#112=DIRECTION('',(0.E0,0.E0,1.E0));
#113=DIRECTION('',(0.E0,-1.E0,0.E0));
#114=AXIS2_PLACEMENT_3D('',#111,#112,#113);
#116=DIRECTION('',(1.E0,0.E0,0.E0));
#117=VECTOR('',#116,4.E0);
#118=CARTESIAN_POINT('',(-2.65E1,-5.4E1,5.E0));
#119=LINE('',#118,#117);
#120=CARTESIAN_POINT('',(-2.65E1,-5.1E1,5.E0));
#121=DIRECTION('',(0.E0,0.E0,1.E0));
#122=DIRECTION('',(-1.E0,0.E0,0.E0));
#123=AXIS2_PLACEMENT_3D('',#120,#121,#122);
#125=DIRECTION('',(0.E0,-1.E0,0.E0));
#126=VECTOR('',#125,3.223611625134E1);
#127=CARTESIAN_POINT('',(-2.95E1,-1.876388374866E1,5.E0));
#128=LINE('',#127,#126);
#129=CARTESIAN_POINT('',(-3.25E1,-1.876388374866E1,5.E0));
#130=DIRECTION('',(0.E0,0.E0,-1.E0));
#131=DIRECTION('',(5.E-1,8.660254037844E-1,0.E0));
#132=AXIS2_PLACEMENT_3D('',#129,#130,#131);
#134=DIRECTION('',(8.660254037844E-1,-5.E-1,0.E0));
#135=VECTOR('',#134,3.223611625134E1);
#136=CARTESIAN_POINT('',(-5.891729559301E1,-4.774941164114E-2,5.E0));
#137=LINE('',#136,#135);
#138=CARTESIAN_POINT('',(-5.741729559301E1,2.550326799712E0,5.E0));
#139=DIRECTION('',(0.E0,0.E0,1.E0));
#140=DIRECTION('',(-1.E0,0.E0,0.E0));
#141=AXIS2_PLACEMENT_3D('',#138,#139,#140);
#143=CARTESIAN_POINT('',(-5.741729559301E1,2.550326799712E0,5.E0));
#144=DIRECTION('',(0.E0,0.E0,1.E0));
#145=DIRECTION('',(-8.660254037844E-1,5.E-1,0.E0));
#146=AXIS2_PLACEMENT_3D('',#143,#144,#145);
#148=DIRECTION('',(-5.E-1,-8.660254037844E-1,0.E0));
#149=VECTOR('',#148,4.E0);
#150=CARTESIAN_POINT('',(-5.801537180436E1,7.514428414850E0,5.E0));
#151=LINE('',#150,#149);
#152=CARTESIAN_POINT('',(-5.541729559301E1,6.014428414850E0,5.E0));
#153=DIRECTION('',(0.E0,0.E0,1.E0));
#154=DIRECTION('',(5.E-1,8.660254037844E-1,0.E0));
#155=AXIS2_PLACEMENT_3D('',#152,#153,#154);
#157=DIRECTION('',(-8.660254037844E-1,5.E-1,0.E0));
#158=VECTOR('',#157,2.7E1);
#159=CARTESIAN_POINT('',(-3.053460969083E1,-4.887495373797E0,5.E0));
#160=LINE('',#159,#158);
#161=CARTESIAN_POINT('',(-2.903460969083E1,-2.289419162443E0,5.E0));
#162=DIRECTION('',(0.E0,0.E0,-1.E0));
#163=DIRECTION('',(8.660254037844E-1,-5.E-1,0.E0));
#164=AXIS2_PLACEMENT_3D('',#161,#162,#163);
#166=DIRECTION('',(-5.E-1,-8.660254037844E-1,0.E0));
#167=VECTOR('',#166,3.3E1);
#168=CARTESIAN_POINT('',(-9.936533479473E0,2.478941916244E1,5.E0));
#169=LINE('',#168,#167);
#170=CARTESIAN_POINT('',(-1.253460969083E1,2.628941916244E1,5.E0));
#171=DIRECTION('',(0.E0,0.E0,-1.E0));
#172=DIRECTION('',(1.E0,0.E0,0.E0));
#173=AXIS2_PLACEMENT_3D('',#170,#171,#172);
#175=CARTESIAN_POINT('',(-1.253460969083E1,2.628941916244E1,5.E0));
#176=DIRECTION('',(0.E0,0.E0,-1.E0));
#177=DIRECTION('',(5.E-1,8.660254037844E-1,0.E0));
#178=AXIS2_PLACEMENT_3D('',#175,#176,#177);
#180=DIRECTION('',(8.660254037844E-1,-5.E-1,0.E0));
#181=VECTOR('',#180,2.7E1);
#182=CARTESIAN_POINT('',(-3.441729559301E1,4.238749537380E1,5.E0));
#183=LINE('',#182,#181);
#184=CARTESIAN_POINT('',(-3.291729559301E1,4.498557158515E1,5.E0));
#185=DIRECTION('',(0.E0,0.E0,1.E0));
#186=DIRECTION('',(-1.E0,0.E0,0.E0));
#187=AXIS2_PLACEMENT_3D('',#184,#185,#186);
#189=CARTESIAN_POINT('',(-3.291729559301E1,4.498557158515E1,5.E0));
#190=DIRECTION('',(0.E0,0.E0,1.E0));
#191=DIRECTION('',(-8.660254037844E-1,5.E-1,0.E0));
#192=AXIS2_PLACEMENT_3D('',#189,#190,#191);
#194=DIRECTION('',(-5.E-1,-8.660254037844E-1,0.E0));
#195=VECTOR('',#194,4.E0);
#196=CARTESIAN_POINT('',(-3.351537180436E1,4.994967320029E1,5.E0));
#197=LINE('',#196,#195);
#198=CARTESIAN_POINT('',(-3.091729559301E1,4.844967320029E1,5.E0));
#199=DIRECTION('',(0.E0,0.E0,1.E0));
#200=DIRECTION('',(5.E-1,8.660254037844E-1,0.E0));
#201=AXIS2_PLACEMENT_3D('',#198,#199,#200);
#203=DIRECTION('',(-8.660254037844E-1,5.E-1,0.E0));
#204=VECTOR('',#203,3.223611625134E1);
#205=CARTESIAN_POINT('',(-1.5E0,3.492969128597E1,5.E0));
#206=LINE('',#205,#204);
#207=CARTESIAN_POINT('',(-2.775557561563E-14,3.752776749733E1,5.E0));
#208=DIRECTION('',(0.E0,0.E0,-1.E0));
#209=DIRECTION('',(5.E-1,-8.660254037844E-1,0.E0));
#210=AXIS2_PLACEMENT_3D('',#207,#208,#209);
#212=DIRECTION('',(-8.660254037844E-1,-5.E-1,0.E0));
#213=VECTOR('',#212,3.223611625134E1);
#214=CARTESIAN_POINT('',(2.941729559301E1,5.104774941164E1,5.E0));
#215=LINE('',#214,#213);
#216=CARTESIAN_POINT('',(3.091729559301E1,4.844967320029E1,5.E0));
#217=DIRECTION('',(0.E0,0.E0,1.E0));
#218=DIRECTION('',(8.660254037844E-1,5.E-1,0.E0));
#219=AXIS2_PLACEMENT_3D('',#216,#217,#218);
#221=CARTESIAN_POINT('',(2.45E1,-2.4E1,5.E0));
#222=DIRECTION('',(0.E0,0.E0,-1.E0));
#223=DIRECTION('',(1.E0,0.E0,0.E0));
#224=AXIS2_PLACEMENT_3D('',#221,#222,#223);
#226=CARTESIAN_POINT('',(2.45E1,-2.4E1,5.E0));
#227=DIRECTION('',(0.E0,0.E0,-1.E0));
#228=DIRECTION('',(-1.E0,0.E0,0.E0));
#229=AXIS2_PLACEMENT_3D('',#226,#227,#228);
#231=CARTESIAN_POINT('',(2.45E1,-2.9E1,5.E0));
#232=DIRECTION('',(0.E0,0.E0,-1.E0));
#233=DIRECTION('',(1.E0,0.E0,0.E0));
#234=AXIS2_PLACEMENT_3D('',#231,#232,#233);
#236=CARTESIAN_POINT('',(2.45E1,-2.9E1,5.E0));
#237=DIRECTION('',(0.E0,0.E0,-1.E0));
#238=DIRECTION('',(-1.E0,0.E0,0.E0));
#239=AXIS2_PLACEMENT_3D('',#236,#237,#238);
#241=CARTESIAN_POINT('',(2.45E1,-3.4E1,5.E0));
#242=DIRECTION('',(0.E0,0.E0,-1.E0));
#243=DIRECTION('',(1.E0,0.E0,0.E0));
#244=AXIS2_PLACEMENT_3D('',#241,#242,#243);
#246=CARTESIAN_POINT('',(2.45E1,-3.4E1,5.E0));
#247=DIRECTION('',(0.E0,0.E0,-1.E0));
#248=DIRECTION('',(-1.E0,0.E0,0.E0));
#249=AXIS2_PLACEMENT_3D('',#246,#247,#248);
#251=CARTESIAN_POINT('',(2.45E1,-3.9E1,5.E0));
#252=DIRECTION('',(0.E0,0.E0,-1.E0));
#253=DIRECTION('',(1.E0,0.E0,0.E0));
#254=AXIS2_PLACEMENT_3D('',#251,#252,#253);
#256=CARTESIAN_POINT('',(2.45E1,-3.9E1,5.E0));
#257=DIRECTION('',(0.E0,0.E0,-1.E0));
#258=DIRECTION('',(-1.E0,0.E0,0.E0));
#259=AXIS2_PLACEMENT_3D('',#256,#257,#258);
#261=CARTESIAN_POINT('',(2.45E1,-4.4E1,5.E0));
#262=DIRECTION('',(0.E0,0.E0,-1.E0));
#263=DIRECTION('',(1.E0,0.E0,0.E0));
#264=AXIS2_PLACEMENT_3D('',#261,#262,#263);
#266=CARTESIAN_POINT('',(2.45E1,-4.4E1,5.E0));
#267=DIRECTION('',(0.E0,0.E0,-1.E0));
#268=DIRECTION('',(-1.E0,0.E0,0.E0));
#269=AXIS2_PLACEMENT_3D('',#266,#267,#268);
#271=CARTESIAN_POINT('',(2.45E1,-4.9E1,5.E0));
#272=DIRECTION('',(0.E0,0.E0,-1.E0));
#273=DIRECTION('',(1.E0,0.E0,0.E0));
#274=AXIS2_PLACEMENT_3D('',#271,#272,#273);
#276=CARTESIAN_POINT('',(2.45E1,-4.9E1,5.E0));
#277=DIRECTION('',(0.E0,0.E0,-1.E0));
#278=DIRECTION('',(-1.E0,0.E0,0.E0));
#279=AXIS2_PLACEMENT_3D('',#276,#277,#278);
#281=CARTESIAN_POINT('',(-2.45E1,-4.9E1,5.E0));
#282=DIRECTION('',(0.E0,0.E0,-1.E0));
#283=DIRECTION('',(-1.E0,0.E0,0.E0));
#284=AXIS2_PLACEMENT_3D('',#281,#282,#283);
#286=CARTESIAN_POINT('',(-2.45E1,-4.9E1,5.E0));
#287=DIRECTION('',(0.E0,0.E0,-1.E0));
#288=DIRECTION('',(1.E0,0.E0,0.E0));
#289=AXIS2_PLACEMENT_3D('',#286,#287,#288);
#291=CARTESIAN_POINT('',(-2.45E1,-4.4E1,5.E0));
#292=DIRECTION('',(0.E0,0.E0,-1.E0));
#293=DIRECTION('',(-1.E0,0.E0,0.E0));
#294=AXIS2_PLACEMENT_3D('',#291,#292,#293);
#296=CARTESIAN_POINT('',(-2.45E1,-4.4E1,5.E0));
#297=DIRECTION('',(0.E0,0.E0,-1.E0));
#298=DIRECTION('',(1.E0,0.E0,0.E0));
#299=AXIS2_PLACEMENT_3D('',#296,#297,#298);
#301=CARTESIAN_POINT('',(-2.45E1,-3.9E1,5.E0));
#302=DIRECTION('',(0.E0,0.E0,-1.E0));
#303=DIRECTION('',(-1.E0,0.E0,0.E0));
#304=AXIS2_PLACEMENT_3D('',#301,#302,#303);
#306=CARTESIAN_POINT('',(-2.45E1,-3.9E1,5.E0));
#307=DIRECTION('',(0.E0,0.E0,-1.E0));
#308=DIRECTION('',(1.E0,0.E0,0.E0));
#309=AXIS2_PLACEMENT_3D('',#306,#307,#308);
#311=CARTESIAN_POINT('',(-2.45E1,-3.4E1,5.E0));
#312=DIRECTION('',(0.E0,0.E0,-1.E0));
#313=DIRECTION('',(-1.E0,0.E0,0.E0));
#314=AXIS2_PLACEMENT_3D('',#311,#312,#313);
#316=CARTESIAN_POINT('',(-2.45E1,-3.4E1,5.E0));
#317=DIRECTION('',(0.E0,0.E0,-1.E0));
#318=DIRECTION('',(1.E0,0.E0,0.E0));
#319=AXIS2_PLACEMENT_3D('',#316,#317,#318);
#321=CARTESIAN_POINT('',(-2.45E1,-2.9E1,5.E0));
#322=DIRECTION('',(0.E0,0.E0,-1.E0));
#323=DIRECTION('',(-1.E0,0.E0,0.E0));
#324=AXIS2_PLACEMENT_3D('',#321,#322,#323);
#326=CARTESIAN_POINT('',(-2.45E1,-2.9E1,5.E0));
#327=DIRECTION('',(0.E0,0.E0,-1.E0));
#328=DIRECTION('',(1.E0,0.E0,0.E0));
#329=AXIS2_PLACEMENT_3D('',#326,#327,#328);
#331=CARTESIAN_POINT('',(-2.45E1,-2.4E1,5.E0));
#332=DIRECTION('',(0.E0,0.E0,-1.E0));
#333=DIRECTION('',(-1.E0,0.E0,0.E0));
#334=AXIS2_PLACEMENT_3D('',#331,#332,#333);
#336=CARTESIAN_POINT('',(-2.45E1,-2.4E1,5.E0));
#337=DIRECTION('',(0.E0,0.E0,-1.E0));
#338=DIRECTION('',(1.E0,0.E0,0.E0));
#339=AXIS2_PLACEMENT_3D('',#336,#337,#338);
#341=CARTESIAN_POINT('',(0.E0,2.E1,5.E0));
#342=DIRECTION('',(0.E0,0.E0,-1.E0));
#343=DIRECTION('',(1.E0,0.E0,0.E0));
#344=AXIS2_PLACEMENT_3D('',#341,#342,#343);
#346=CARTESIAN_POINT('',(0.E0,2.E1,5.E0));
#347=DIRECTION('',(0.E0,0.E0,-1.E0));
#348=DIRECTION('',(-1.E0,0.E0,0.E0));
#349=AXIS2_PLACEMENT_3D('',#346,#347,#348);
#351=CARTESIAN_POINT('',(-3.303460969083E1,-9.217622392719E0,5.E0));
#352=DIRECTION('',(0.E0,0.E0,-1.E0));
#353=DIRECTION('',(1.E0,0.E0,0.E0));
#354=AXIS2_PLACEMENT_3D('',#351,#352,#353);
#356=CARTESIAN_POINT('',(-3.303460969083E1,-9.217622392719E0,5.E0));
#357=DIRECTION('',(0.E0,0.E0,-1.E0));
#358=DIRECTION('',(-1.E0,0.E0,0.E0));
#359=AXIS2_PLACEMENT_3D('',#356,#357,#358);
#361=CARTESIAN_POINT('',(-3.736473670975E1,-6.717622392719E0,5.E0));
#362=DIRECTION('',(0.E0,0.E0,-1.E0));
#363=DIRECTION('',(1.E0,0.E0,0.E0));
#364=AXIS2_PLACEMENT_3D('',#361,#362,#363);
#366=CARTESIAN_POINT('',(-3.736473670975E1,-6.717622392719E0,5.E0));
#367=DIRECTION('',(0.E0,0.E0,-1.E0));
#368=DIRECTION('',(-1.E0,0.E0,0.E0));
#369=AXIS2_PLACEMENT_3D('',#366,#367,#368);
#371=CARTESIAN_POINT('',(-4.169486372867E1,-4.217622392719E0,5.E0));
#372=DIRECTION('',(0.E0,0.E0,-1.E0));
#373=DIRECTION('',(1.E0,0.E0,0.E0));
#374=AXIS2_PLACEMENT_3D('',#371,#372,#373);
#376=CARTESIAN_POINT('',(-4.169486372867E1,-4.217622392719E0,5.E0));
#377=DIRECTION('',(0.E0,0.E0,-1.E0));
#378=DIRECTION('',(-1.E0,0.E0,0.E0));
#379=AXIS2_PLACEMENT_3D('',#376,#377,#378);
#381=CARTESIAN_POINT('',(-4.602499074759E1,-1.717622392719E0,5.E0));
#382=DIRECTION('',(0.E0,0.E0,-1.E0));
#383=DIRECTION('',(1.E0,0.E0,0.E0));
#384=AXIS2_PLACEMENT_3D('',#381,#382,#383);
#386=CARTESIAN_POINT('',(-4.602499074759E1,-1.717622392719E0,5.E0));
#387=DIRECTION('',(0.E0,0.E0,-1.E0));
#388=DIRECTION('',(-1.E0,0.E0,0.E0));
#389=AXIS2_PLACEMENT_3D('',#386,#387,#388);
#391=CARTESIAN_POINT('',(-5.035511776652E1,7.823776072810E-1,5.E0));
#392=DIRECTION('',(0.E0,0.E0,-1.E0));
#393=DIRECTION('',(1.E0,0.E0,0.E0));
#394=AXIS2_PLACEMENT_3D('',#391,#392,#393);
#396=CARTESIAN_POINT('',(-5.035511776652E1,7.823776072810E-1,5.E0));
#397=DIRECTION('',(0.E0,0.E0,-1.E0));
#398=DIRECTION('',(-1.E0,0.E0,0.E0));
#399=AXIS2_PLACEMENT_3D('',#396,#397,#398);
#401=CARTESIAN_POINT('',(-5.468524478544E1,3.282377607281E0,5.E0));
#402=DIRECTION('',(0.E0,0.E0,-1.E0));
#403=DIRECTION('',(1.E0,0.E0,0.E0));
#404=AXIS2_PLACEMENT_3D('',#401,#402,#403);
#406=CARTESIAN_POINT('',(-5.468524478544E1,3.282377607281E0,5.E0));
#407=DIRECTION('',(0.E0,0.E0,-1.E0));
#408=DIRECTION('',(-1.E0,0.E0,0.E0));
#409=AXIS2_PLACEMENT_3D('',#406,#407,#408);
#411=CARTESIAN_POINT('',(-3.018524478544E1,4.571762239272E1,5.E0));
#412=DIRECTION('',(0.E0,0.E0,-1.E0));
#413=DIRECTION('',(-1.E0,0.E0,0.E0));
#414=AXIS2_PLACEMENT_3D('',#411,#412,#413);
#416=CARTESIAN_POINT('',(-3.018524478544E1,4.571762239272E1,5.E0));
#417=DIRECTION('',(0.E0,0.E0,-1.E0));
#418=DIRECTION('',(1.E0,0.E0,0.E0));
#419=AXIS2_PLACEMENT_3D('',#416,#417,#418);
#421=CARTESIAN_POINT('',(-2.585511776652E1,4.321762239272E1,5.E0));
#422=DIRECTION('',(0.E0,0.E0,-1.E0));
#423=DIRECTION('',(-1.E0,0.E0,0.E0));
#424=AXIS2_PLACEMENT_3D('',#421,#422,#423);
#426=CARTESIAN_POINT('',(-2.585511776652E1,4.321762239272E1,5.E0));
#427=DIRECTION('',(0.E0,0.E0,-1.E0));
#428=DIRECTION('',(1.E0,0.E0,0.E0));
#429=AXIS2_PLACEMENT_3D('',#426,#427,#428);
#431=CARTESIAN_POINT('',(-2.152499074759E1,4.071762239272E1,5.E0));
#432=DIRECTION('',(0.E0,0.E0,-1.E0));
#433=DIRECTION('',(-1.E0,0.E0,0.E0));
#434=AXIS2_PLACEMENT_3D('',#431,#432,#433);
#436=CARTESIAN_POINT('',(-2.152499074759E1,4.071762239272E1,5.E0));
#437=DIRECTION('',(0.E0,0.E0,-1.E0));
#438=DIRECTION('',(1.E0,0.E0,0.E0));
#439=AXIS2_PLACEMENT_3D('',#436,#437,#438);
#441=CARTESIAN_POINT('',(-1.719486372867E1,3.821762239272E1,5.E0));
#442=DIRECTION('',(0.E0,0.E0,-1.E0));
#443=DIRECTION('',(-1.E0,0.E0,0.E0));
#444=AXIS2_PLACEMENT_3D('',#441,#442,#443);
#446=CARTESIAN_POINT('',(-1.719486372867E1,3.821762239272E1,5.E0));
#447=DIRECTION('',(0.E0,0.E0,-1.E0));
#448=DIRECTION('',(1.E0,0.E0,0.E0));
#449=AXIS2_PLACEMENT_3D('',#446,#447,#448);
#451=CARTESIAN_POINT('',(-1.286473670975E1,3.571762239272E1,5.E0));
#452=DIRECTION('',(0.E0,0.E0,-1.E0));
#453=DIRECTION('',(-1.E0,0.E0,0.E0));
#454=AXIS2_PLACEMENT_3D('',#451,#452,#453);
#456=CARTESIAN_POINT('',(-1.286473670975E1,3.571762239272E1,5.E0));
#457=DIRECTION('',(0.E0,0.E0,-1.E0));
#458=DIRECTION('',(1.E0,0.E0,0.E0));
#459=AXIS2_PLACEMENT_3D('',#456,#457,#458);
#461=CARTESIAN_POINT('',(-8.534609690827E0,3.321762239272E1,5.E0));
#462=DIRECTION('',(0.E0,0.E0,-1.E0));
#463=DIRECTION('',(-1.E0,0.E0,0.E0));
#464=AXIS2_PLACEMENT_3D('',#461,#462,#463);
#466=CARTESIAN_POINT('',(-8.534609690827E0,3.321762239272E1,5.E0));
#467=DIRECTION('',(0.E0,0.E0,-1.E0));
#468=DIRECTION('',(1.E0,0.E0,0.E0));
#469=AXIS2_PLACEMENT_3D('',#466,#467,#468);
#471=CARTESIAN_POINT('',(8.534609690827E0,3.321762239272E1,5.E0));
#472=DIRECTION('',(0.E0,0.E0,-1.E0));
#473=DIRECTION('',(1.E0,0.E0,0.E0));
#474=AXIS2_PLACEMENT_3D('',#471,#472,#473);
#476=CARTESIAN_POINT('',(8.534609690827E0,3.321762239272E1,5.E0));
#477=DIRECTION('',(0.E0,0.E0,-1.E0));
#478=DIRECTION('',(-1.E0,0.E0,0.E0));
#479=AXIS2_PLACEMENT_3D('',#476,#477,#478);
#481=CARTESIAN_POINT('',(1.286473670975E1,3.571762239272E1,5.E0));
#482=DIRECTION('',(0.E0,0.E0,-1.E0));
#483=DIRECTION('',(1.E0,0.E0,0.E0));
#484=AXIS2_PLACEMENT_3D('',#481,#482,#483);
#486=CARTESIAN_POINT('',(1.286473670975E1,3.571762239272E1,5.E0));
#487=DIRECTION('',(0.E0,0.E0,-1.E0));
#488=DIRECTION('',(-1.E0,0.E0,0.E0));
#489=AXIS2_PLACEMENT_3D('',#486,#487,#488);
#491=CARTESIAN_POINT('',(1.719486372867E1,3.821762239272E1,5.E0));
#492=DIRECTION('',(0.E0,0.E0,-1.E0));
#493=DIRECTION('',(1.E0,0.E0,0.E0));
#494=AXIS2_PLACEMENT_3D('',#491,#492,#493);
#496=CARTESIAN_POINT('',(1.719486372867E1,3.821762239272E1,5.E0));
#497=DIRECTION('',(0.E0,0.E0,-1.E0));
#498=DIRECTION('',(-1.E0,0.E0,0.E0));
#499=AXIS2_PLACEMENT_3D('',#496,#497,#498);
#501=CARTESIAN_POINT('',(2.152499074759E1,4.071762239272E1,5.E0));
#502=DIRECTION('',(0.E0,0.E0,-1.E0));
#503=DIRECTION('',(1.E0,0.E0,0.E0));
#504=AXIS2_PLACEMENT_3D('',#501,#502,#503);
#506=CARTESIAN_POINT('',(2.152499074759E1,4.071762239272E1,5.E0));
#507=DIRECTION('',(0.E0,0.E0,-1.E0));
#508=DIRECTION('',(-1.E0,0.E0,0.E0));
#509=AXIS2_PLACEMENT_3D('',#506,#507,#508);
#511=CARTESIAN_POINT('',(2.585511776652E1,4.321762239272E1,5.E0));
#512=DIRECTION('',(0.E0,0.E0,-1.E0));
#513=DIRECTION('',(1.E0,0.E0,0.E0));
#514=AXIS2_PLACEMENT_3D('',#511,#512,#513);
#516=CARTESIAN_POINT('',(2.585511776652E1,4.321762239272E1,5.E0));
#517=DIRECTION('',(0.E0,0.E0,-1.E0));
#518=DIRECTION('',(-1.E0,0.E0,0.E0));
#519=AXIS2_PLACEMENT_3D('',#516,#517,#518);
#521=CARTESIAN_POINT('',(3.018524478544E1,4.571762239272E1,5.E0));
#522=DIRECTION('',(0.E0,0.E0,-1.E0));
#523=DIRECTION('',(1.E0,0.E0,0.E0));
#524=AXIS2_PLACEMENT_3D('',#521,#522,#523);
#526=CARTESIAN_POINT('',(3.018524478544E1,4.571762239272E1,5.E0));
#527=DIRECTION('',(0.E0,0.E0,-1.E0));
#528=DIRECTION('',(-1.E0,0.E0,0.E0));
#529=AXIS2_PLACEMENT_3D('',#526,#527,#528);
#531=CARTESIAN_POINT('',(5.468524478544E1,3.282377607281E0,5.E0));
#532=DIRECTION('',(0.E0,0.E0,-1.E0));
#533=DIRECTION('',(-1.E0,0.E0,0.E0));
#534=AXIS2_PLACEMENT_3D('',#531,#532,#533);
#536=CARTESIAN_POINT('',(5.468524478544E1,3.282377607281E0,5.E0));
#537=DIRECTION('',(0.E0,0.E0,-1.E0));
#538=DIRECTION('',(1.E0,0.E0,0.E0));
#539=AXIS2_PLACEMENT_3D('',#536,#537,#538);
#541=CARTESIAN_POINT('',(5.035511776652E1,7.823776072811E-1,5.E0));
#542=DIRECTION('',(0.E0,0.E0,-1.E0));
#543=DIRECTION('',(-1.E0,0.E0,0.E0));
#544=AXIS2_PLACEMENT_3D('',#541,#542,#543);
#546=CARTESIAN_POINT('',(5.035511776652E1,7.823776072811E-1,5.E0));
#547=DIRECTION('',(0.E0,0.E0,-1.E0));
#548=DIRECTION('',(1.E0,0.E0,0.E0));
#549=AXIS2_PLACEMENT_3D('',#546,#547,#548);
#551=CARTESIAN_POINT('',(4.602499074759E1,-1.717622392719E0,5.E0));
#552=DIRECTION('',(0.E0,0.E0,-1.E0));
#553=DIRECTION('',(-1.E0,0.E0,0.E0));
#554=AXIS2_PLACEMENT_3D('',#551,#552,#553);
#556=CARTESIAN_POINT('',(4.602499074759E1,-1.717622392719E0,5.E0));
#557=DIRECTION('',(0.E0,0.E0,-1.E0));
#558=DIRECTION('',(1.E0,0.E0,0.E0));
#559=AXIS2_PLACEMENT_3D('',#556,#557,#558);
#561=CARTESIAN_POINT('',(4.169486372867E1,-4.217622392719E0,5.E0));
#562=DIRECTION('',(0.E0,0.E0,-1.E0));
#563=DIRECTION('',(-1.E0,0.E0,0.E0));
#564=AXIS2_PLACEMENT_3D('',#561,#562,#563);
#566=CARTESIAN_POINT('',(4.169486372867E1,-4.217622392719E0,5.E0));
#567=DIRECTION('',(0.E0,0.E0,-1.E0));
#568=DIRECTION('',(1.E0,0.E0,0.E0));
#569=AXIS2_PLACEMENT_3D('',#566,#567,#568);
#571=CARTESIAN_POINT('',(3.736473670975E1,-6.717622392719E0,5.E0));
#572=DIRECTION('',(0.E0,0.E0,-1.E0));
#573=DIRECTION('',(-1.E0,0.E0,0.E0));
#574=AXIS2_PLACEMENT_3D('',#571,#572,#573);
#576=CARTESIAN_POINT('',(3.736473670975E1,-6.717622392719E0,5.E0));
#577=DIRECTION('',(0.E0,0.E0,-1.E0));
#578=DIRECTION('',(1.E0,0.E0,0.E0));
#579=AXIS2_PLACEMENT_3D('',#576,#577,#578);
#581=CARTESIAN_POINT('',(3.303460969083E1,-9.217622392719E0,5.E0));
#582=DIRECTION('',(0.E0,0.E0,-1.E0));
#583=DIRECTION('',(-1.E0,0.E0,0.E0));
#584=AXIS2_PLACEMENT_3D('',#581,#582,#583);
#586=CARTESIAN_POINT('',(3.303460969083E1,-9.217622392719E0,5.E0));
#587=DIRECTION('',(0.E0,0.E0,-1.E0));
#588=DIRECTION('',(1.E0,0.E0,0.E0));
#589=AXIS2_PLACEMENT_3D('',#586,#587,#588);
#591=CARTESIAN_POINT('',(1.732050807569E1,-9.999999999999E0,5.E0));
#592=DIRECTION('',(0.E0,0.E0,-1.E0));
#593=DIRECTION('',(1.E0,0.E0,0.E0));
#594=AXIS2_PLACEMENT_3D('',#591,#592,#593);
#596=CARTESIAN_POINT('',(1.732050807569E1,-9.999999999999E0,5.E0));
#597=DIRECTION('',(0.E0,0.E0,-1.E0));
#598=DIRECTION('',(-1.E0,0.E0,0.E0));
#599=AXIS2_PLACEMENT_3D('',#596,#597,#598);
#601=CARTESIAN_POINT('',(0.E0,0.E0,5.E0));
#602=DIRECTION('',(0.E0,0.E0,-1.E0));
#603=DIRECTION('',(1.E0,0.E0,0.E0));
#604=AXIS2_PLACEMENT_3D('',#601,#602,#603);
#606=CARTESIAN_POINT('',(0.E0,0.E0,5.E0));
#607=DIRECTION('',(0.E0,0.E0,-1.E0));
#608=DIRECTION('',(-1.E0,0.E0,0.E0));
#609=AXIS2_PLACEMENT_3D('',#606,#607,#608);
#611=CARTESIAN_POINT('',(-1.732050807569E1,-1.E1,5.E0));
#612=DIRECTION('',(0.E0,0.E0,-1.E0));
#613=DIRECTION('',(1.E0,0.E0,0.E0));
#614=AXIS2_PLACEMENT_3D('',#611,#612,#613);
#616=CARTESIAN_POINT('',(-1.732050807569E1,-1.E1,5.E0));
#617=DIRECTION('',(0.E0,0.E0,-1.E0));
#618=DIRECTION('',(-1.E0,0.E0,0.E0));
#619=AXIS2_PLACEMENT_3D('',#616,#617,#618);
#621=CARTESIAN_POINT('',(0.E0,0.E0,0.E0));
#622=DIRECTION('',(0.E0,0.E0,1.E0));
#623=DIRECTION('',(1.E0,0.E0,0.E0));
#624=AXIS2_PLACEMENT_3D('',#621,#622,#623);
#626=CARTESIAN_POINT('',(0.E0,0.E0,0.E0));
#627=DIRECTION('',(0.E0,0.E0,1.E0));
#628=DIRECTION('',(-1.E0,0.E0,0.E0));
#629=AXIS2_PLACEMENT_3D('',#626,#627,#628);
#631=CARTESIAN_POINT('',(3.303460969083E1,-9.217622392719E0,0.E0));
#632=DIRECTION('',(0.E0,0.E0,1.E0));
#633=DIRECTION('',(-1.E0,0.E0,0.E0));
#634=AXIS2_PLACEMENT_3D('',#631,#632,#633);
#636=CARTESIAN_POINT('',(3.303460969083E1,-9.217622392719E0,0.E0));
#637=DIRECTION('',(0.E0,0.E0,1.E0));
#638=DIRECTION('',(1.E0,0.E0,0.E0));
#639=AXIS2_PLACEMENT_3D('',#636,#637,#638);
#641=CARTESIAN_POINT('',(4.169486372867E1,-4.217622392719E0,0.E0));
#642=DIRECTION('',(0.E0,0.E0,1.E0));
#643=DIRECTION('',(-1.E0,0.E0,0.E0));
#644=AXIS2_PLACEMENT_3D('',#641,#642,#643);
#646=CARTESIAN_POINT('',(4.169486372867E1,-4.217622392719E0,0.E0));
#647=DIRECTION('',(0.E0,0.E0,1.E0));
#648=DIRECTION('',(1.E0,0.E0,0.E0));
#649=AXIS2_PLACEMENT_3D('',#646,#647,#648);
#651=CARTESIAN_POINT('',(5.035511776652E1,7.823776072811E-1,0.E0));
#652=DIRECTION('',(0.E0,0.E0,1.E0));
#653=DIRECTION('',(-1.E0,0.E0,0.E0));
#654=AXIS2_PLACEMENT_3D('',#651,#652,#653);
#656=CARTESIAN_POINT('',(5.035511776652E1,7.823776072811E-1,0.E0));
#657=DIRECTION('',(0.E0,0.E0,1.E0));
#658=DIRECTION('',(1.E0,0.E0,0.E0));
#659=AXIS2_PLACEMENT_3D('',#656,#657,#658);
#661=CARTESIAN_POINT('',(3.018524478544E1,4.571762239272E1,0.E0));
#662=DIRECTION('',(0.E0,0.E0,1.E0));
#663=DIRECTION('',(1.E0,0.E0,0.E0));
#664=AXIS2_PLACEMENT_3D('',#661,#662,#663);
#666=CARTESIAN_POINT('',(3.018524478544E1,4.571762239272E1,0.E0));
#667=DIRECTION('',(0.E0,0.E0,1.E0));
#668=DIRECTION('',(-1.E0,0.E0,0.E0));
#669=AXIS2_PLACEMENT_3D('',#666,#667,#668);
#671=CARTESIAN_POINT('',(2.152499074759E1,4.071762239272E1,0.E0));
#672=DIRECTION('',(0.E0,0.E0,1.E0));
#673=DIRECTION('',(1.E0,0.E0,0.E0));
#674=AXIS2_PLACEMENT_3D('',#671,#672,#673);
#676=CARTESIAN_POINT('',(2.152499074759E1,4.071762239272E1,0.E0));
#677=DIRECTION('',(0.E0,0.E0,1.E0));
#678=DIRECTION('',(-1.E0,0.E0,0.E0));
#679=AXIS2_PLACEMENT_3D('',#676,#677,#678);
#681=CARTESIAN_POINT('',(1.286473670975E1,3.571762239272E1,0.E0));
#682=DIRECTION('',(0.E0,0.E0,1.E0));
#683=DIRECTION('',(1.E0,0.E0,0.E0));
#684=AXIS2_PLACEMENT_3D('',#681,#682,#683);
#686=CARTESIAN_POINT('',(1.286473670975E1,3.571762239272E1,0.E0));
#687=DIRECTION('',(0.E0,0.E0,1.E0));
#688=DIRECTION('',(-1.E0,0.E0,0.E0));
#689=AXIS2_PLACEMENT_3D('',#686,#687,#688);
#691=CARTESIAN_POINT('',(-8.534609690827E0,3.321762239272E1,0.E0));
#692=DIRECTION('',(0.E0,0.E0,1.E0));
#693=DIRECTION('',(-1.E0,0.E0,0.E0));
#694=AXIS2_PLACEMENT_3D('',#691,#692,#693);
#696=CARTESIAN_POINT('',(-8.534609690827E0,3.321762239272E1,0.E0));
#697=DIRECTION('',(0.E0,0.E0,1.E0));
#698=DIRECTION('',(1.E0,0.E0,0.E0));
#699=AXIS2_PLACEMENT_3D('',#696,#697,#698);
#701=CARTESIAN_POINT('',(-1.719486372867E1,3.821762239272E1,0.E0));
#702=DIRECTION('',(0.E0,0.E0,1.E0));
#703=DIRECTION('',(-1.E0,0.E0,0.E0));
#704=AXIS2_PLACEMENT_3D('',#701,#702,#703);
#706=CARTESIAN_POINT('',(-1.719486372867E1,3.821762239272E1,0.E0));
#707=DIRECTION('',(0.E0,0.E0,1.E0));
#708=DIRECTION('',(1.E0,0.E0,0.E0));
#709=AXIS2_PLACEMENT_3D('',#706,#707,#708);
#711=CARTESIAN_POINT('',(-2.585511776652E1,4.321762239272E1,0.E0));
#712=DIRECTION('',(0.E0,0.E0,1.E0));
#713=DIRECTION('',(-1.E0,0.E0,0.E0));
#714=AXIS2_PLACEMENT_3D('',#711,#712,#713);
#716=CARTESIAN_POINT('',(-2.585511776652E1,4.321762239272E1,0.E0));
#717=DIRECTION('',(0.E0,0.E0,1.E0));
#718=DIRECTION('',(1.E0,0.E0,0.E0));
#719=AXIS2_PLACEMENT_3D('',#716,#717,#718);
#721=CARTESIAN_POINT('',(-5.468524478544E1,3.282377607281E0,0.E0));
#722=DIRECTION('',(0.E0,0.E0,1.E0));
#723=DIRECTION('',(1.E0,0.E0,0.E0));
#724=AXIS2_PLACEMENT_3D('',#721,#722,#723);
#726=CARTESIAN_POINT('',(-5.468524478544E1,3.282377607281E0,0.E0));
#727=DIRECTION('',(0.E0,0.E0,1.E0));
#728=DIRECTION('',(-1.E0,0.E0,0.E0));
#729=AXIS2_PLACEMENT_3D('',#726,#727,#728);
#731=CARTESIAN_POINT('',(-4.602499074759E1,-1.717622392719E0,0.E0));
#732=DIRECTION('',(0.E0,0.E0,1.E0));
#733=DIRECTION('',(1.E0,0.E0,0.E0));
#734=AXIS2_PLACEMENT_3D('',#731,#732,#733);
#736=CARTESIAN_POINT('',(-4.602499074759E1,-1.717622392719E0,0.E0));
#737=DIRECTION('',(0.E0,0.E0,1.E0));
#738=DIRECTION('',(-1.E0,0.E0,0.E0));
#739=AXIS2_PLACEMENT_3D('',#736,#737,#738);
#741=CARTESIAN_POINT('',(-3.736473670975E1,-6.717622392719E0,0.E0));
#742=DIRECTION('',(0.E0,0.E0,1.E0));
#743=DIRECTION('',(1.E0,0.E0,0.E0));
#744=AXIS2_PLACEMENT_3D('',#741,#742,#743);
#746=CARTESIAN_POINT('',(-3.736473670975E1,-6.717622392719E0,0.E0));
#747=DIRECTION('',(0.E0,0.E0,1.E0));
#748=DIRECTION('',(-1.E0,0.E0,0.E0));
#749=AXIS2_PLACEMENT_3D('',#746,#747,#748);
#751=CARTESIAN_POINT('',(0.E0,2.E1,0.E0));
#752=DIRECTION('',(0.E0,0.E0,1.E0));
#753=DIRECTION('',(1.E0,0.E0,0.E0));
#754=AXIS2_PLACEMENT_3D('',#751,#752,#753);
#756=CARTESIAN_POINT('',(0.E0,2.E1,0.E0));
#757=DIRECTION('',(0.E0,0.E0,1.E0));
#758=DIRECTION('',(-1.E0,0.E0,0.E0));
#759=AXIS2_PLACEMENT_3D('',#756,#757,#758);
#761=CARTESIAN_POINT('',(-2.45E1,-2.9E1,0.E0));
#762=DIRECTION('',(0.E0,0.E0,1.E0));
#763=DIRECTION('',(-1.E0,0.E0,0.E0));
#764=AXIS2_PLACEMENT_3D('',#761,#762,#763);
#766=CARTESIAN_POINT('',(-2.45E1,-2.9E1,0.E0));
#767=DIRECTION('',(0.E0,0.E0,1.E0));
#768=DIRECTION('',(1.E0,0.E0,0.E0));
#769=AXIS2_PLACEMENT_3D('',#766,#767,#768);
#771=CARTESIAN_POINT('',(-2.45E1,-3.9E1,0.E0));
#772=DIRECTION('',(0.E0,0.E0,1.E0));
#773=DIRECTION('',(-1.E0,0.E0,0.E0));
#774=AXIS2_PLACEMENT_3D('',#771,#772,#773);
#776=CARTESIAN_POINT('',(-2.45E1,-3.9E1,0.E0));
#777=DIRECTION('',(0.E0,0.E0,1.E0));
#778=DIRECTION('',(1.E0,0.E0,0.E0));
#779=AXIS2_PLACEMENT_3D('',#776,#777,#778);
#781=CARTESIAN_POINT('',(-2.45E1,-4.9E1,0.E0));
#782=DIRECTION('',(0.E0,0.E0,1.E0));
#783=DIRECTION('',(-1.E0,0.E0,0.E0));
#784=AXIS2_PLACEMENT_3D('',#781,#782,#783);
#786=CARTESIAN_POINT('',(-2.45E1,-4.9E1,0.E0));
#787=DIRECTION('',(0.E0,0.E0,1.E0));
#788=DIRECTION('',(1.E0,0.E0,0.E0));
#789=AXIS2_PLACEMENT_3D('',#786,#787,#788);
#791=CARTESIAN_POINT('',(2.45E1,-4.4E1,0.E0));
#792=DIRECTION('',(0.E0,0.E0,1.E0));
#793=DIRECTION('',(1.E0,0.E0,0.E0));
#794=AXIS2_PLACEMENT_3D('',#791,#792,#793);
#796=CARTESIAN_POINT('',(2.45E1,-4.4E1,0.E0));
#797=DIRECTION('',(0.E0,0.E0,1.E0));
#798=DIRECTION('',(-1.E0,0.E0,0.E0));
#799=AXIS2_PLACEMENT_3D('',#796,#797,#798);
#801=CARTESIAN_POINT('',(2.45E1,-3.4E1,0.E0));
#802=DIRECTION('',(0.E0,0.E0,1.E0));
#803=DIRECTION('',(1.E0,0.E0,0.E0));
#804=AXIS2_PLACEMENT_3D('',#801,#802,#803);
#806=CARTESIAN_POINT('',(2.45E1,-3.4E1,0.E0));
#807=DIRECTION('',(0.E0,0.E0,1.E0));
#808=DIRECTION('',(-1.E0,0.E0,0.E0));
#809=AXIS2_PLACEMENT_3D('',#806,#807,#808);
#811=CARTESIAN_POINT('',(2.45E1,-2.4E1,0.E0));
#812=DIRECTION('',(0.E0,0.E0,1.E0));
#813=DIRECTION('',(1.E0,0.E0,0.E0));
#814=AXIS2_PLACEMENT_3D('',#811,#812,#813);
#816=CARTESIAN_POINT('',(2.45E1,-2.4E1,0.E0));
#817=DIRECTION('',(0.E0,0.E0,1.E0));
#818=DIRECTION('',(-1.E0,0.E0,0.E0));
#819=AXIS2_PLACEMENT_3D('',#816,#817,#818);
#821=DIRECTION('',(8.660254037844E-1,5.E-1,0.E0));
#822=VECTOR('',#821,3.223611625134E1);
#823=CARTESIAN_POINT('',(1.5E0,3.492969128597E1,0.E0));
#824=LINE('',#823,#822);
#825=CARTESIAN_POINT('',(-2.775557561563E-14,3.752776749733E1,0.E0));
#826=DIRECTION('',(0.E0,0.E0,1.E0));
#827=DIRECTION('',(-5.E-1,-8.660254037844E-1,0.E0));
#828=AXIS2_PLACEMENT_3D('',#825,#826,#827);
#830=DIRECTION('',(8.660254037844E-1,-5.E-1,0.E0));
#831=VECTOR('',#830,3.223611625134E1);
#832=CARTESIAN_POINT('',(-2.941729559301E1,5.104774941164E1,0.E0));
#833=LINE('',#832,#831);
#834=CARTESIAN_POINT('',(-3.091729559301E1,4.844967320029E1,0.E0));
#835=DIRECTION('',(0.E0,0.E0,-1.E0));
#836=DIRECTION('',(-8.660254037844E-1,5.E-1,0.E0));
#837=AXIS2_PLACEMENT_3D('',#834,#835,#836);
#839=DIRECTION('',(5.E-1,8.660254037844E-1,0.E0));
#840=VECTOR('',#839,4.E0);
#841=CARTESIAN_POINT('',(-3.551537180436E1,4.648557158515E1,0.E0));
#842=LINE('',#841,#840);
#843=CARTESIAN_POINT('',(-3.291729559301E1,4.498557158515E1,0.E0));
#844=DIRECTION('',(0.E0,0.E0,-1.E0));
#845=DIRECTION('',(-1.E0,0.E0,0.E0));
#846=AXIS2_PLACEMENT_3D('',#843,#844,#845);
#848=CARTESIAN_POINT('',(-3.291729559301E1,4.498557158515E1,0.E0));
#849=DIRECTION('',(0.E0,0.E0,-1.E0));
#850=DIRECTION('',(-5.E-1,-8.660254037844E-1,0.E0));
#851=AXIS2_PLACEMENT_3D('',#848,#849,#850);
#853=DIRECTION('',(-8.660254037844E-1,5.E-1,0.E0));
#854=VECTOR('',#853,2.7E1);
#855=CARTESIAN_POINT('',(-1.103460969083E1,2.888749537380E1,0.E0));
#856=LINE('',#855,#854);
#857=CARTESIAN_POINT('',(-1.253460969083E1,2.628941916244E1,0.E0));
#858=DIRECTION('',(0.E0,0.E0,1.E0));
#859=DIRECTION('',(1.E0,0.E0,0.E0));
#860=AXIS2_PLACEMENT_3D('',#857,#858,#859);
#862=CARTESIAN_POINT('',(-1.253460969083E1,2.628941916244E1,0.E0));
#863=DIRECTION('',(0.E0,0.E0,1.E0));
#864=DIRECTION('',(8.660254037844E-1,-5.E-1,0.E0));
#865=AXIS2_PLACEMENT_3D('',#862,#863,#864);
#867=DIRECTION('',(5.E-1,8.660254037844E-1,0.E0));
#868=VECTOR('',#867,3.3E1);
#869=CARTESIAN_POINT('',(-2.643653347947E1,-3.789419162443E0,0.E0));
#870=LINE('',#869,#868);
#871=CARTESIAN_POINT('',(-2.903460969083E1,-2.289419162443E0,0.E0));
#872=DIRECTION('',(0.E0,0.E0,1.E0));
#873=DIRECTION('',(-5.E-1,-8.660254037844E-1,0.E0));
#874=AXIS2_PLACEMENT_3D('',#871,#872,#873);
#876=DIRECTION('',(8.660254037844E-1,-5.E-1,0.E0));
#877=VECTOR('',#876,2.7E1);
#878=CARTESIAN_POINT('',(-5.391729559301E1,8.612504626203E0,0.E0));
#879=LINE('',#878,#877);
#880=CARTESIAN_POINT('',(-5.541729559301E1,6.014428414850E0,0.E0));
#881=DIRECTION('',(0.E0,0.E0,-1.E0));
#882=DIRECTION('',(-8.660254037844E-1,5.E-1,0.E0));
#883=AXIS2_PLACEMENT_3D('',#880,#881,#882);
#885=DIRECTION('',(5.E-1,8.660254037844E-1,0.E0));
#886=VECTOR('',#885,4.E0);
#887=CARTESIAN_POINT('',(-6.001537180436E1,4.050326799712E0,0.E0));
#888=LINE('',#887,#886);
#889=CARTESIAN_POINT('',(-5.741729559301E1,2.550326799712E0,0.E0));
#890=DIRECTION('',(0.E0,0.E0,-1.E0));
#891=DIRECTION('',(-1.E0,0.E0,0.E0));
#892=AXIS2_PLACEMENT_3D('',#889,#890,#891);
#894=CARTESIAN_POINT('',(-5.741729559301E1,2.550326799712E0,0.E0));
#895=DIRECTION('',(0.E0,0.E0,-1.E0));
#896=DIRECTION('',(-5.E-1,-8.660254037844E-1,0.E0));
#897=AXIS2_PLACEMENT_3D('',#894,#895,#896);
#899=DIRECTION('',(-8.660254037844E-1,5.E-1,0.E0));
#900=VECTOR('',#899,3.223611625134E1);
#901=CARTESIAN_POINT('',(-3.1E1,-1.616580753731E1,0.E0));
#902=LINE('',#901,#900);
#903=CARTESIAN_POINT('',(-3.25E1,-1.876388374866E1,0.E0));
#904=DIRECTION('',(0.E0,0.E0,1.E0));
#905=DIRECTION('',(1.E0,0.E0,0.E0));
#906=AXIS2_PLACEMENT_3D('',#903,#904,#905);
#908=DIRECTION('',(0.E0,1.E0,0.E0));
#909=VECTOR('',#908,3.223611625134E1);
#910=CARTESIAN_POINT('',(-2.95E1,-5.1E1,0.E0));
#911=LINE('',#910,#909);
#912=CARTESIAN_POINT('',(-2.65E1,-5.1E1,0.E0));
#913=DIRECTION('',(0.E0,0.E0,-1.E0));
#914=DIRECTION('',(0.E0,-1.E0,0.E0));
#915=AXIS2_PLACEMENT_3D('',#912,#913,#914);
#917=DIRECTION('',(-1.E0,0.E0,0.E0));
#918=VECTOR('',#917,4.E0);
#919=CARTESIAN_POINT('',(-2.25E1,-5.4E1,0.E0));
#920=LINE('',#919,#918);
#921=CARTESIAN_POINT('',(-2.25E1,-5.1E1,0.E0));
#922=DIRECTION('',(0.E0,0.E0,-1.E0));
#923=DIRECTION('',(1.E0,0.E0,0.E0));
#924=AXIS2_PLACEMENT_3D('',#921,#922,#923);
#926=DIRECTION('',(0.E0,-1.E0,0.E0));
#927=VECTOR('',#926,2.7E1);
#928=CARTESIAN_POINT('',(-1.95E1,-2.4E1,0.E0));
#929=LINE('',#928,#927);
#930=CARTESIAN_POINT('',(-1.65E1,-2.4E1,0.E0));
#931=DIRECTION('',(0.E0,0.E0,1.E0));
#932=DIRECTION('',(0.E0,1.E0,0.E0));
#933=AXIS2_PLACEMENT_3D('',#930,#931,#932);
#935=DIRECTION('',(-1.E0,0.E0,0.E0));
#936=VECTOR('',#935,3.3E1);
#937=CARTESIAN_POINT('',(1.65E1,-2.1E1,0.E0));
#938=LINE('',#937,#936);
#939=CARTESIAN_POINT('',(1.65E1,-2.4E1,0.E0));
#940=DIRECTION('',(0.E0,0.E0,1.E0));
#941=DIRECTION('',(1.E0,0.E0,0.E0));
#942=AXIS2_PLACEMENT_3D('',#939,#940,#941);
#944=DIRECTION('',(0.E0,1.E0,0.E0));
#945=VECTOR('',#944,2.7E1);
#946=CARTESIAN_POINT('',(1.95E1,-5.1E1,0.E0));
#947=LINE('',#946,#945);
#948=CARTESIAN_POINT('',(2.25E1,-5.1E1,0.E0));
#949=DIRECTION('',(0.E0,0.E0,-1.E0));
#950=DIRECTION('',(0.E0,-1.E0,0.E0));
#951=AXIS2_PLACEMENT_3D('',#948,#949,#950);
#953=DIRECTION('',(-1.E0,0.E0,0.E0));
#954=VECTOR('',#953,4.E0);
#955=CARTESIAN_POINT('',(2.65E1,-5.4E1,0.E0));
#956=LINE('',#955,#954);
#957=CARTESIAN_POINT('',(2.65E1,-5.1E1,0.E0));
#958=DIRECTION('',(0.E0,0.E0,-1.E0));
#959=DIRECTION('',(1.E0,0.E0,0.E0));
#960=AXIS2_PLACEMENT_3D('',#957,#958,#959);
#962=DIRECTION('',(0.E0,-1.E0,0.E0));
#963=VECTOR('',#962,3.223611625134E1);
#964=CARTESIAN_POINT('',(2.95E1,-1.876388374866E1,0.E0));
#965=LINE('',#964,#963);
#966=CARTESIAN_POINT('',(3.25E1,-1.876388374866E1,0.E0));
#967=DIRECTION('',(0.E0,0.E0,1.E0));
#968=DIRECTION('',(-5.E-1,8.660254037844E-1,0.E0));
#969=AXIS2_PLACEMENT_3D('',#966,#967,#968);
#971=DIRECTION('',(-8.660254037844E-1,-5.E-1,0.E0));
#972=VECTOR('',#971,3.223611625134E1);
#973=CARTESIAN_POINT('',(5.891729559301E1,-4.774941164108E-2,0.E0));
#974=LINE('',#973,#972);
#975=CARTESIAN_POINT('',(5.741729559301E1,2.550326799712E0,0.E0));
#976=DIRECTION('',(0.E0,0.E0,-1.E0));
#977=DIRECTION('',(1.E0,0.E0,0.E0));
#978=AXIS2_PLACEMENT_3D('',#975,#976,#977);
#980=CARTESIAN_POINT('',(5.741729559301E1,2.550326799712E0,0.E0));
#981=DIRECTION('',(0.E0,0.E0,-1.E0));
#982=DIRECTION('',(8.660254037844E-1,5.E-1,0.E0));
#983=AXIS2_PLACEMENT_3D('',#980,#981,#982);
#985=DIRECTION('',(5.E-1,-8.660254037844E-1,0.E0));
#986=VECTOR('',#985,4.E0);
#987=CARTESIAN_POINT('',(5.801537180436E1,7.514428414850E0,0.E0));
#988=LINE('',#987,#986);
#989=CARTESIAN_POINT('',(5.541729559301E1,6.014428414850E0,0.E0));
#990=DIRECTION('',(0.E0,0.E0,-1.E0));
#991=DIRECTION('',(-5.E-1,8.660254037844E-1,0.E0));
#992=AXIS2_PLACEMENT_3D('',#989,#990,#991);
#994=DIRECTION('',(8.660254037844E-1,5.E-1,0.E0));
#995=VECTOR('',#994,2.7E1);
#996=CARTESIAN_POINT('',(3.053460969083E1,-4.887495373797E0,0.E0));
#997=LINE('',#996,#995);
#998=CARTESIAN_POINT('',(2.903460969083E1,-2.289419162443E0,0.E0));
#999=DIRECTION('',(0.E0,0.E0,1.E0));
#1000=DIRECTION('',(-8.660254037844E-1,-5.E-1,0.E0));
#1001=AXIS2_PLACEMENT_3D('',#998,#999,#1000);
#1003=DIRECTION('',(5.E-1,-8.660254037844E-1,0.E0));
#1004=VECTOR('',#1003,3.3E1);
#1005=CARTESIAN_POINT('',(9.936533479473E0,2.478941916244E1,0.E0));
#1006=LINE('',#1005,#1004);
#1007=CARTESIAN_POINT('',(1.253460969083E1,2.628941916244E1,0.E0));
#1008=DIRECTION('',(0.E0,0.E0,1.E0));
#1009=DIRECTION('',(-1.E0,0.E0,0.E0));
#1010=AXIS2_PLACEMENT_3D('',#1007,#1008,#1009);
#1012=CARTESIAN_POINT('',(1.253460969083E1,2.628941916244E1,0.E0));
#1013=DIRECTION('',(0.E0,0.E0,1.E0));
#1014=DIRECTION('',(-5.E-1,8.660254037844E-1,0.E0));
#1015=AXIS2_PLACEMENT_3D('',#1012,#1013,#1014);
#1017=DIRECTION('',(-8.660254037844E-1,-5.E-1,0.E0));
#1018=VECTOR('',#1017,2.7E1);
#1019=CARTESIAN_POINT('',(3.441729559301E1,4.238749537380E1,0.E0));
#1020=LINE('',#1019,#1018);
#1021=CARTESIAN_POINT('',(3.291729559301E1,4.498557158515E1,0.E0));
#1022=DIRECTION('',(0.E0,0.E0,-1.E0));
#1023=DIRECTION('',(1.E0,0.E0,0.E0));
#1024=AXIS2_PLACEMENT_3D('',#1021,#1022,#1023);
#1026=CARTESIAN_POINT('',(3.291729559301E1,4.498557158515E1,0.E0));
#1027=DIRECTION('',(0.E0,0.E0,-1.E0));
#1028=DIRECTION('',(8.660254037844E-1,5.E-1,0.E0));
#1029=AXIS2_PLACEMENT_3D('',#1026,#1027,#1028);
#1031=DIRECTION('',(5.E-1,-8.660254037844E-1,0.E0));
#1032=VECTOR('',#1031,4.E0);
#1033=CARTESIAN_POINT('',(3.351537180436E1,4.994967320029E1,0.E0));
#1034=LINE('',#1033,#1032);
#1035=CARTESIAN_POINT('',(3.091729559301E1,4.844967320029E1,0.E0));
#1036=DIRECTION('',(0.E0,0.E0,-1.E0));
#1037=DIRECTION('',(-5.E-1,8.660254037844E-1,0.E0));
#1038=AXIS2_PLACEMENT_3D('',#1035,#1036,#1037);
#1040=CARTESIAN_POINT('',(2.45E1,-2.9E1,0.E0));
#1041=DIRECTION('',(0.E0,0.E0,1.E0));
#1042=DIRECTION('',(1.E0,0.E0,0.E0));
#1043=AXIS2_PLACEMENT_3D('',#1040,#1041,#1042);
#1045=CARTESIAN_POINT('',(2.45E1,-2.9E1,0.E0));
#1046=DIRECTION('',(0.E0,0.E0,1.E0));
#1047=DIRECTION('',(-1.E0,0.E0,0.E0));
#1048=AXIS2_PLACEMENT_3D('',#1045,#1046,#1047);
#1050=CARTESIAN_POINT('',(2.45E1,-3.9E1,0.E0));
#1051=DIRECTION('',(0.E0,0.E0,1.E0));
#1052=DIRECTION('',(1.E0,0.E0,0.E0));
#1053=AXIS2_PLACEMENT_3D('',#1050,#1051,#1052);
#1055=CARTESIAN_POINT('',(2.45E1,-3.9E1,0.E0));
#1056=DIRECTION('',(0.E0,0.E0,1.E0));
#1057=DIRECTION('',(-1.E0,0.E0,0.E0));
#1058=AXIS2_PLACEMENT_3D('',#1055,#1056,#1057);
#1060=CARTESIAN_POINT('',(2.45E1,-4.9E1,0.E0));
#1061=DIRECTION('',(0.E0,0.E0,1.E0));
#1062=DIRECTION('',(1.E0,0.E0,0.E0));
#1063=AXIS2_PLACEMENT_3D('',#1060,#1061,#1062);
#1065=CARTESIAN_POINT('',(2.45E1,-4.9E1,0.E0));
#1066=DIRECTION('',(0.E0,0.E0,1.E0));
#1067=DIRECTION('',(-1.E0,0.E0,0.E0));
#1068=AXIS2_PLACEMENT_3D('',#1065,#1066,#1067);
#1070=CARTESIAN_POINT('',(-2.45E1,-4.4E1,0.E0));
#1071=DIRECTION('',(0.E0,0.E0,1.E0));
#1072=DIRECTION('',(-1.E0,0.E0,0.E0));
#1073=AXIS2_PLACEMENT_3D('',#1070,#1071,#1072);
#1075=CARTESIAN_POINT('',(-2.45E1,-4.4E1,0.E0));
#1076=DIRECTION('',(0.E0,0.E0,1.E0));
#1077=DIRECTION('',(1.E0,0.E0,0.E0));
#1078=AXIS2_PLACEMENT_3D('',#1075,#1076,#1077);
#1080=CARTESIAN_POINT('',(-2.45E1,-3.4E1,0.E0));
#1081=DIRECTION('',(0.E0,0.E0,1.E0));
#1082=DIRECTION('',(-1.E0,0.E0,0.E0));
#1083=AXIS2_PLACEMENT_3D('',#1080,#1081,#1082);
#1085=CARTESIAN_POINT('',(-2.45E1,-3.4E1,0.E0));
#1086=DIRECTION('',(0.E0,0.E0,1.E0));
#1087=DIRECTION('',(1.E0,0.E0,0.E0));
#1088=AXIS2_PLACEMENT_3D('',#1085,#1086,#1087);
#1090=CARTESIAN_POINT('',(-2.45E1,-2.4E1,0.E0));
#1091=DIRECTION('',(0.E0,0.E0,1.E0));
#1092=DIRECTION('',(-1.E0,0.E0,0.E0));
#1093=AXIS2_PLACEMENT_3D('',#1090,#1091,#1092);
#1095=CARTESIAN_POINT('',(-2.45E1,-2.4E1,0.E0));
#1096=DIRECTION('',(0.E0,0.E0,1.E0));
#1097=DIRECTION('',(1.E0,0.E0,0.E0));
#1098=AXIS2_PLACEMENT_3D('',#1095,#1096,#1097);
#1100=CARTESIAN_POINT('',(-3.303460969083E1,-9.217622392719E0,0.E0));
#1101=DIRECTION('',(0.E0,0.E0,1.E0));
#1102=DIRECTION('',(1.E0,0.E0,0.E0));
#1103=AXIS2_PLACEMENT_3D('',#1100,#1101,#1102);
#1105=CARTESIAN_POINT('',(-3.303460969083E1,-9.217622392719E0,0.E0));
#1106=DIRECTION('',(0.E0,0.E0,1.E0));
#1107=DIRECTION('',(-1.E0,0.E0,0.E0));
#1108=AXIS2_PLACEMENT_3D('',#1105,#1106,#1107);
#1110=CARTESIAN_POINT('',(-4.169486372867E1,-4.217622392719E0,0.E0));
#1111=DIRECTION('',(0.E0,0.E0,1.E0));
#1112=DIRECTION('',(1.E0,0.E0,0.E0));
#1113=AXIS2_PLACEMENT_3D('',#1110,#1111,#1112);
#1115=CARTESIAN_POINT('',(-4.169486372867E1,-4.217622392719E0,0.E0));
#1116=DIRECTION('',(0.E0,0.E0,1.E0));
#1117=DIRECTION('',(-1.E0,0.E0,0.E0));
#1118=AXIS2_PLACEMENT_3D('',#1115,#1116,#1117);
#1120=CARTESIAN_POINT('',(-5.035511776652E1,7.823776072810E-1,0.E0));
#1121=DIRECTION('',(0.E0,0.E0,1.E0));
#1122=DIRECTION('',(1.E0,0.E0,0.E0));
#1123=AXIS2_PLACEMENT_3D('',#1120,#1121,#1122);
#1125=CARTESIAN_POINT('',(-5.035511776652E1,7.823776072810E-1,0.E0));
#1126=DIRECTION('',(0.E0,0.E0,1.E0));
#1127=DIRECTION('',(-1.E0,0.E0,0.E0));
#1128=AXIS2_PLACEMENT_3D('',#1125,#1126,#1127);
#1130=CARTESIAN_POINT('',(-3.018524478544E1,4.571762239272E1,0.E0));
#1131=DIRECTION('',(0.E0,0.E0,1.E0));
#1132=DIRECTION('',(-1.E0,0.E0,0.E0));
#1133=AXIS2_PLACEMENT_3D('',#1130,#1131,#1132);
#1135=CARTESIAN_POINT('',(-3.018524478544E1,4.571762239272E1,0.E0));
#1136=DIRECTION('',(0.E0,0.E0,1.E0));
#1137=DIRECTION('',(1.E0,0.E0,0.E0));
#1138=AXIS2_PLACEMENT_3D('',#1135,#1136,#1137);
#1140=CARTESIAN_POINT('',(-2.152499074759E1,4.071762239272E1,0.E0));
#1141=DIRECTION('',(0.E0,0.E0,1.E0));
#1142=DIRECTION('',(-1.E0,0.E0,0.E0));
#1143=AXIS2_PLACEMENT_3D('',#1140,#1141,#1142);
#1145=CARTESIAN_POINT('',(-2.152499074759E1,4.071762239272E1,0.E0));
#1146=DIRECTION('',(0.E0,0.E0,1.E0));
#1147=DIRECTION('',(1.E0,0.E0,0.E0));
#1148=AXIS2_PLACEMENT_3D('',#1145,#1146,#1147);
#1150=CARTESIAN_POINT('',(-1.286473670975E1,3.571762239272E1,0.E0));
#1151=DIRECTION('',(0.E0,0.E0,1.E0));
#1152=DIRECTION('',(-1.E0,0.E0,0.E0));
#1153=AXIS2_PLACEMENT_3D('',#1150,#1151,#1152);
#1155=CARTESIAN_POINT('',(-1.286473670975E1,3.571762239272E1,0.E0));
#1156=DIRECTION('',(0.E0,0.E0,1.E0));
#1157=DIRECTION('',(1.E0,0.E0,0.E0));
#1158=AXIS2_PLACEMENT_3D('',#1155,#1156,#1157);
#1160=CARTESIAN_POINT('',(8.534609690827E0,3.321762239272E1,0.E0));
#1161=DIRECTION('',(0.E0,0.E0,1.E0));
#1162=DIRECTION('',(1.E0,0.E0,0.E0));
#1163=AXIS2_PLACEMENT_3D('',#1160,#1161,#1162);
#1165=CARTESIAN_POINT('',(8.534609690827E0,3.321762239272E1,0.E0));
#1166=DIRECTION('',(0.E0,0.E0,1.E0));
#1167=DIRECTION('',(-1.E0,0.E0,0.E0));
#1168=AXIS2_PLACEMENT_3D('',#1165,#1166,#1167);
#1170=CARTESIAN_POINT('',(1.719486372867E1,3.821762239272E1,0.E0));
#1171=DIRECTION('',(0.E0,0.E0,1.E0));
#1172=DIRECTION('',(1.E0,0.E0,0.E0));
#1173=AXIS2_PLACEMENT_3D('',#1170,#1171,#1172);
#1175=CARTESIAN_POINT('',(1.719486372867E1,3.821762239272E1,0.E0));
#1176=DIRECTION('',(0.E0,0.E0,1.E0));
#1177=DIRECTION('',(-1.E0,0.E0,0.E0));
#1178=AXIS2_PLACEMENT_3D('',#1175,#1176,#1177);
#1180=CARTESIAN_POINT('',(2.585511776652E1,4.321762239272E1,0.E0));
#1181=DIRECTION('',(0.E0,0.E0,1.E0));
#1182=DIRECTION('',(1.E0,0.E0,0.E0));
#1183=AXIS2_PLACEMENT_3D('',#1180,#1181,#1182);
#1185=CARTESIAN_POINT('',(2.585511776652E1,4.321762239272E1,0.E0));
#1186=DIRECTION('',(0.E0,0.E0,1.E0));
#1187=DIRECTION('',(-1.E0,0.E0,0.E0));
#1188=AXIS2_PLACEMENT_3D('',#1185,#1186,#1187);
#1190=CARTESIAN_POINT('',(5.468524478544E1,3.282377607281E0,0.E0));
#1191=DIRECTION('',(0.E0,0.E0,1.E0));
#1192=DIRECTION('',(-1.E0,0.E0,0.E0));
#1193=AXIS2_PLACEMENT_3D('',#1190,#1191,#1192);
#1195=CARTESIAN_POINT('',(5.468524478544E1,3.282377607281E0,0.E0));
#1196=DIRECTION('',(0.E0,0.E0,1.E0));
#1197=DIRECTION('',(1.E0,0.E0,0.E0));
#1198=AXIS2_PLACEMENT_3D('',#1195,#1196,#1197);
#1200=CARTESIAN_POINT('',(4.602499074759E1,-1.717622392719E0,0.E0));
#1201=DIRECTION('',(0.E0,0.E0,1.E0));
#1202=DIRECTION('',(-1.E0,0.E0,0.E0));
#1203=AXIS2_PLACEMENT_3D('',#1200,#1201,#1202);
#1205=CARTESIAN_POINT('',(4.602499074759E1,-1.717622392719E0,0.E0));
#1206=DIRECTION('',(0.E0,0.E0,1.E0));
#1207=DIRECTION('',(1.E0,0.E0,0.E0));
#1208=AXIS2_PLACEMENT_3D('',#1205,#1206,#1207);
#1210=CARTESIAN_POINT('',(3.736473670975E1,-6.717622392719E0,0.E0));
#1211=DIRECTION('',(0.E0,0.E0,1.E0));
#1212=DIRECTION('',(-1.E0,0.E0,0.E0));
#1213=AXIS2_PLACEMENT_3D('',#1210,#1211,#1212);
#1215=CARTESIAN_POINT('',(3.736473670975E1,-6.717622392719E0,0.E0));
#1216=DIRECTION('',(0.E0,0.E0,1.E0));
#1217=DIRECTION('',(1.E0,0.E0,0.E0));
#1218=AXIS2_PLACEMENT_3D('',#1215,#1216,#1217);
#1220=CARTESIAN_POINT('',(1.732050807569E1,-9.999999999999E0,0.E0));
#1221=DIRECTION('',(0.E0,0.E0,1.E0));
#1222=DIRECTION('',(1.E0,0.E0,0.E0));
#1223=AXIS2_PLACEMENT_3D('',#1220,#1221,#1222);
#1225=CARTESIAN_POINT('',(1.732050807569E1,-9.999999999999E0,0.E0));
#1226=DIRECTION('',(0.E0,0.E0,1.E0));
#1227=DIRECTION('',(-1.E0,0.E0,0.E0));
#1228=AXIS2_PLACEMENT_3D('',#1225,#1226,#1227);
#1230=CARTESIAN_POINT('',(-1.732050807569E1,-1.E1,0.E0));
#1231=DIRECTION('',(0.E0,0.E0,1.E0));
#1232=DIRECTION('',(1.E0,0.E0,0.E0));
#1233=AXIS2_PLACEMENT_3D('',#1230,#1231,#1232);
#1235=CARTESIAN_POINT('',(-1.732050807569E1,-1.E1,0.E0));
#1236=DIRECTION('',(0.E0,0.E0,1.E0));
#1237=DIRECTION('',(-1.E0,0.E0,0.E0));
#1238=AXIS2_PLACEMENT_3D('',#1235,#1236,#1237);
#1240=DIRECTION('',(0.E0,0.E0,-1.E0));
#1241=VECTOR('',#1240,5.E0);
#1242=CARTESIAN_POINT('',(-1.5E1,0.E0,5.E0));
#1243=LINE('',#1242,#1241);
#1244=DIRECTION('',(0.E0,0.E0,-1.E0));
#1245=VECTOR('',#1244,5.E0);
#1246=CARTESIAN_POINT('',(1.5E1,0.E0,5.E0));
#1247=LINE('',#1246,#1245);
#1248=DIRECTION('',(0.E0,0.E0,-1.E0));
#1249=VECTOR('',#1248,5.E0);
#1250=CARTESIAN_POINT('',(3.103460969083E1,-9.217622392719E0,5.E0));
#1251=LINE('',#1250,#1249);
#1252=DIRECTION('',(0.E0,0.E0,-1.E0));
#1253=VECTOR('',#1252,5.E0);
#1254=CARTESIAN_POINT('',(3.503460969083E1,-9.217622392719E0,5.E0));
#1255=LINE('',#1254,#1253);
#1256=DIRECTION('',(0.E0,0.E0,-1.E0));
#1257=VECTOR('',#1256,5.E0);
#1258=CARTESIAN_POINT('',(3.969486372867E1,-4.217622392719E0,5.E0));
#1259=LINE('',#1258,#1257);
#1260=DIRECTION('',(0.E0,0.E0,-1.E0));
#1261=VECTOR('',#1260,5.E0);
#1262=CARTESIAN_POINT('',(4.369486372867E1,-4.217622392719E0,5.E0));
#1263=LINE('',#1262,#1261);
#1264=DIRECTION('',(0.E0,0.E0,-1.E0));
#1265=VECTOR('',#1264,5.E0);
#1266=CARTESIAN_POINT('',(4.835511776652E1,7.823776072811E-1,5.E0));
#1267=LINE('',#1266,#1265);
#1268=DIRECTION('',(0.E0,0.E0,-1.E0));
#1269=VECTOR('',#1268,5.E0);
#1270=CARTESIAN_POINT('',(5.235511776652E1,7.823776072811E-1,5.E0));
#1271=LINE('',#1270,#1269);
#1272=DIRECTION('',(0.E0,0.E0,-1.E0));
#1273=VECTOR('',#1272,5.E0);
#1274=CARTESIAN_POINT('',(2.818524478544E1,4.571762239272E1,5.E0));
#1275=LINE('',#1274,#1273);
#1276=DIRECTION('',(0.E0,0.E0,-1.E0));
#1277=VECTOR('',#1276,5.E0);
#1278=CARTESIAN_POINT('',(3.218524478544E1,4.571762239272E1,5.E0));
#1279=LINE('',#1278,#1277);
#1280=DIRECTION('',(0.E0,0.E0,-1.E0));
#1281=VECTOR('',#1280,5.E0);
#1282=CARTESIAN_POINT('',(1.952499074759E1,4.071762239272E1,5.E0));
#1283=LINE('',#1282,#1281);
#1284=DIRECTION('',(0.E0,0.E0,-1.E0));
#1285=VECTOR('',#1284,5.E0);
#1286=CARTESIAN_POINT('',(2.352499074759E1,4.071762239272E1,5.E0));
#1287=LINE('',#1286,#1285);
#1288=DIRECTION('',(0.E0,0.E0,-1.E0));
#1289=VECTOR('',#1288,5.E0);
#1290=CARTESIAN_POINT('',(1.086473670975E1,3.571762239272E1,5.E0));
#1291=LINE('',#1290,#1289);
#1292=DIRECTION('',(0.E0,0.E0,-1.E0));
#1293=VECTOR('',#1292,5.E0);
#1294=CARTESIAN_POINT('',(1.486473670975E1,3.571762239272E1,5.E0));
#1295=LINE('',#1294,#1293);
#1296=DIRECTION('',(0.E0,0.E0,-1.E0));
#1297=VECTOR('',#1296,5.E0);
#1298=CARTESIAN_POINT('',(-1.053460969083E1,3.321762239272E1,5.E0));
#1299=LINE('',#1298,#1297);
#1300=DIRECTION('',(0.E0,0.E0,-1.E0));
#1301=VECTOR('',#1300,5.E0);
#1302=CARTESIAN_POINT('',(-6.534609690827E0,3.321762239272E1,5.E0));
#1303=LINE('',#1302,#1301);
#1304=DIRECTION('',(0.E0,0.E0,-1.E0));
#1305=VECTOR('',#1304,5.E0);
#1306=CARTESIAN_POINT('',(-1.919486372867E1,3.821762239272E1,5.E0));
#1307=LINE('',#1306,#1305);
#1308=DIRECTION('',(0.E0,0.E0,-1.E0));
#1309=VECTOR('',#1308,5.E0);
#1310=CARTESIAN_POINT('',(-1.519486372867E1,3.821762239272E1,5.E0));
#1311=LINE('',#1310,#1309);
#1312=DIRECTION('',(0.E0,0.E0,-1.E0));
#1313=VECTOR('',#1312,5.E0);
#1314=CARTESIAN_POINT('',(-2.785511776652E1,4.321762239272E1,5.E0));
#1315=LINE('',#1314,#1313);
#1316=DIRECTION('',(0.E0,0.E0,-1.E0));
#1317=VECTOR('',#1316,5.E0);
#1318=CARTESIAN_POINT('',(-2.385511776652E1,4.321762239272E1,5.E0));
#1319=LINE('',#1318,#1317);
#1320=DIRECTION('',(0.E0,0.E0,-1.E0));
#1321=VECTOR('',#1320,5.E0);
#1322=CARTESIAN_POINT('',(-5.668524478544E1,3.282377607281E0,5.E0));
#1323=LINE('',#1322,#1321);
#1324=DIRECTION('',(0.E0,0.E0,-1.E0));
#1325=VECTOR('',#1324,5.E0);
#1326=CARTESIAN_POINT('',(-5.268524478544E1,3.282377607281E0,5.E0));
#1327=LINE('',#1326,#1325);
#1328=DIRECTION('',(0.E0,0.E0,-1.E0));
#1329=VECTOR('',#1328,5.E0);
#1330=CARTESIAN_POINT('',(-4.802499074759E1,-1.717622392719E0,5.E0));
#1331=LINE('',#1330,#1329);
#1332=DIRECTION('',(0.E0,0.E0,-1.E0));
#1333=VECTOR('',#1332,5.E0);
#1334=CARTESIAN_POINT('',(-4.402499074759E1,-1.717622392719E0,5.E0));
#1335=LINE('',#1334,#1333);
#1336=DIRECTION('',(0.E0,0.E0,-1.E0));
#1337=VECTOR('',#1336,5.E0);
#1338=CARTESIAN_POINT('',(-3.936473670975E1,-6.717622392719E0,5.E0));
#1339=LINE('',#1338,#1337);
#1340=DIRECTION('',(0.E0,0.E0,-1.E0));
#1341=VECTOR('',#1340,5.E0);
#1342=CARTESIAN_POINT('',(-3.536473670975E1,-6.717622392719E0,5.E0));
#1343=LINE('',#1342,#1341);
#1344=DIRECTION('',(0.E0,0.E0,-1.E0));
#1345=VECTOR('',#1344,5.E0);
#1346=CARTESIAN_POINT('',(-2.E0,2.E1,5.E0));
#1347=LINE('',#1346,#1345);
#1348=DIRECTION('',(0.E0,0.E0,-1.E0));
#1349=VECTOR('',#1348,5.E0);
#1350=CARTESIAN_POINT('',(2.E0,2.E1,5.E0));
#1351=LINE('',#1350,#1349);
#1352=DIRECTION('',(0.E0,0.E0,-1.E0));
#1353=VECTOR('',#1352,5.E0);
#1354=CARTESIAN_POINT('',(-2.65E1,-2.9E1,5.E0));
#1355=LINE('',#1354,#1353);
#1356=DIRECTION('',(0.E0,0.E0,-1.E0));
#1357=VECTOR('',#1356,5.E0);
#1358=CARTESIAN_POINT('',(-2.25E1,-2.9E1,5.E0));
#1359=LINE('',#1358,#1357);
#1360=DIRECTION('',(0.E0,0.E0,-1.E0));
#1361=VECTOR('',#1360,5.E0);
#1362=CARTESIAN_POINT('',(-2.65E1,-3.9E1,5.E0));
#1363=LINE('',#1362,#1361);
#1364=DIRECTION('',(0.E0,0.E0,-1.E0));
#1365=VECTOR('',#1364,5.E0);
#1366=CARTESIAN_POINT('',(-2.25E1,-3.9E1,5.E0));
#1367=LINE('',#1366,#1365);
#1368=DIRECTION('',(0.E0,0.E0,-1.E0));
#1369=VECTOR('',#1368,5.E0);
#1370=CARTESIAN_POINT('',(-2.65E1,-4.9E1,5.E0));
#1371=LINE('',#1370,#1369);
#1372=DIRECTION('',(0.E0,0.E0,-1.E0));
#1373=VECTOR('',#1372,5.E0);
#1374=CARTESIAN_POINT('',(-2.25E1,-4.9E1,5.E0));
#1375=LINE('',#1374,#1373);
#1376=DIRECTION('',(0.E0,0.E0,-1.E0));
#1377=VECTOR('',#1376,5.E0);
#1378=CARTESIAN_POINT('',(2.25E1,-4.4E1,5.E0));
#1379=LINE('',#1378,#1377);
#1380=DIRECTION('',(0.E0,0.E0,-1.E0));
#1381=VECTOR('',#1380,5.E0);
#1382=CARTESIAN_POINT('',(2.65E1,-4.4E1,5.E0));
#1383=LINE('',#1382,#1381);
#1384=DIRECTION('',(0.E0,0.E0,-1.E0));
#1385=VECTOR('',#1384,5.E0);
#1386=CARTESIAN_POINT('',(2.25E1,-3.4E1,5.E0));
#1387=LINE('',#1386,#1385);
#1388=DIRECTION('',(0.E0,0.E0,-1.E0));
#1389=VECTOR('',#1388,5.E0);
#1390=CARTESIAN_POINT('',(2.65E1,-3.4E1,5.E0));
#1391=LINE('',#1390,#1389);
#1392=DIRECTION('',(0.E0,0.E0,-1.E0));
#1393=VECTOR('',#1392,5.E0);
#1394=CARTESIAN_POINT('',(2.25E1,-2.4E1,5.E0));
#1395=LINE('',#1394,#1393);
#1396=DIRECTION('',(0.E0,0.E0,-1.E0));
#1397=VECTOR('',#1396,5.E0);
#1398=CARTESIAN_POINT('',(2.65E1,-2.4E1,5.E0));
#1399=LINE('',#1398,#1397);
#1400=DIRECTION('',(0.E0,0.E0,1.E0));
#1401=VECTOR('',#1400,5.E0);
#1402=CARTESIAN_POINT('',(2.941729559301E1,5.104774941164E1,0.E0));
#1403=LINE('',#1402,#1401);
#1404=DIRECTION('',(0.E0,0.E0,-1.E0));
#1405=VECTOR('',#1404,5.E0);
#1406=CARTESIAN_POINT('',(3.351537180436E1,4.994967320029E1,5.E0));
#1407=LINE('',#1406,#1405);
#1408=DIRECTION('',(0.E0,0.E0,1.E0));
#1409=VECTOR('',#1408,5.E0);
#1410=CARTESIAN_POINT('',(-1.5E0,3.492969128597E1,0.E0));
#1411=LINE('',#1410,#1409);
#1412=DIRECTION('',(0.E0,0.E0,-1.E0));
#1413=VECTOR('',#1412,5.E0);
#1414=CARTESIAN_POINT('',(1.5E0,3.492969128597E1,5.E0));
#1415=LINE('',#1414,#1413);
#1416=DIRECTION('',(0.E0,0.E0,1.E0));
#1417=VECTOR('',#1416,5.E0);
#1418=CARTESIAN_POINT('',(-3.351537180436E1,4.994967320029E1,0.E0));
#1419=LINE('',#1418,#1417);
#1420=DIRECTION('',(0.E0,0.E0,-1.E0));
#1421=VECTOR('',#1420,5.E0);
#1422=CARTESIAN_POINT('',(-2.941729559301E1,5.104774941164E1,5.E0));
#1423=LINE('',#1422,#1421);
#1424=DIRECTION('',(0.E0,0.E0,1.E0));
#1425=VECTOR('',#1424,5.E0);
#1426=CARTESIAN_POINT('',(-3.441729559301E1,4.238749537380E1,0.E0));
#1427=LINE('',#1426,#1425);
#1428=DIRECTION('',(0.E0,0.E0,-1.E0));
#1429=VECTOR('',#1428,5.E0);
#1430=CARTESIAN_POINT('',(-3.551537180436E1,4.648557158515E1,5.E0));
#1431=LINE('',#1430,#1429);
#1432=DIRECTION('',(0.E0,0.E0,1.E0));
#1433=VECTOR('',#1432,5.E0);
#1434=CARTESIAN_POINT('',(-9.936533479473E0,2.478941916244E1,0.E0));
#1435=LINE('',#1434,#1433);
#1436=DIRECTION('',(0.E0,0.E0,-1.E0));
#1437=VECTOR('',#1436,5.E0);
#1438=CARTESIAN_POINT('',(-1.103460969083E1,2.888749537380E1,5.E0));
#1439=LINE('',#1438,#1437);
#1440=DIRECTION('',(0.E0,0.E0,1.E0));
#1441=VECTOR('',#1440,5.E0);
#1442=CARTESIAN_POINT('',(-3.053460969083E1,-4.887495373797E0,0.E0));
#1443=LINE('',#1442,#1441);
#1444=DIRECTION('',(0.E0,0.E0,-1.E0));
#1445=VECTOR('',#1444,5.E0);
#1446=CARTESIAN_POINT('',(-2.643653347947E1,-3.789419162443E0,5.E0));
#1447=LINE('',#1446,#1445);
#1448=DIRECTION('',(0.E0,0.E0,1.E0));
#1449=VECTOR('',#1448,5.E0);
#1450=CARTESIAN_POINT('',(-5.801537180436E1,7.514428414850E0,0.E0));
#1451=LINE('',#1450,#1449);
#1452=DIRECTION('',(0.E0,0.E0,-1.E0));
#1453=VECTOR('',#1452,5.E0);
#1454=CARTESIAN_POINT('',(-5.391729559301E1,8.612504626203E0,5.E0));
#1455=LINE('',#1454,#1453);
#1456=DIRECTION('',(0.E0,0.E0,1.E0));
#1457=VECTOR('',#1456,5.E0);
#1458=CARTESIAN_POINT('',(-5.891729559301E1,-4.774941164114E-2,0.E0));
#1459=LINE('',#1458,#1457);
#1460=DIRECTION('',(0.E0,0.E0,-1.E0));
#1461=VECTOR('',#1460,5.E0);
#1462=CARTESIAN_POINT('',(-6.001537180436E1,4.050326799712E0,5.E0));
#1463=LINE('',#1462,#1461);
#1464=DIRECTION('',(0.E0,0.E0,1.E0));
#1465=VECTOR('',#1464,5.E0);
#1466=CARTESIAN_POINT('',(-2.95E1,-1.876388374866E1,0.E0));
#1467=LINE('',#1466,#1465);
#1468=DIRECTION('',(0.E0,0.E0,-1.E0));
#1469=VECTOR('',#1468,5.E0);
#1470=CARTESIAN_POINT('',(-3.1E1,-1.616580753731E1,5.E0));
#1471=LINE('',#1470,#1469);
#1472=DIRECTION('',(0.E0,0.E0,1.E0));
#1473=VECTOR('',#1472,5.E0);
#1474=CARTESIAN_POINT('',(-2.65E1,-5.4E1,0.E0));
#1475=LINE('',#1474,#1473);
#1476=DIRECTION('',(0.E0,0.E0,-1.E0));
#1477=VECTOR('',#1476,5.E0);
#1478=CARTESIAN_POINT('',(-2.95E1,-5.1E1,5.E0));
#1479=LINE('',#1478,#1477);
#1480=DIRECTION('',(0.E0,0.E0,1.E0));
#1481=VECTOR('',#1480,5.E0);
#1482=CARTESIAN_POINT('',(-1.95E1,-5.1E1,0.E0));
#1483=LINE('',#1482,#1481);
#1484=DIRECTION('',(0.E0,0.E0,-1.E0));
#1485=VECTOR('',#1484,5.E0);
#1486=CARTESIAN_POINT('',(-2.25E1,-5.4E1,5.E0));
#1487=LINE('',#1486,#1485);
#1488=DIRECTION('',(0.E0,0.E0,1.E0));
#1489=VECTOR('',#1488,5.E0);
#1490=CARTESIAN_POINT('',(-1.65E1,-2.1E1,0.E0));
#1491=LINE('',#1490,#1489);
#1492=DIRECTION('',(0.E0,0.E0,-1.E0));
#1493=VECTOR('',#1492,5.E0);
#1494=CARTESIAN_POINT('',(-1.95E1,-2.4E1,5.E0));
#1495=LINE('',#1494,#1493);
#1496=DIRECTION('',(0.E0,0.E0,1.E0));
#1497=VECTOR('',#1496,5.E0);
#1498=CARTESIAN_POINT('',(1.95E1,-2.4E1,0.E0));
#1499=LINE('',#1498,#1497);
#1500=DIRECTION('',(0.E0,0.E0,-1.E0));
#1501=VECTOR('',#1500,5.E0);
#1502=CARTESIAN_POINT('',(1.65E1,-2.1E1,5.E0));
#1503=LINE('',#1502,#1501);
#1504=DIRECTION('',(0.E0,0.E0,1.E0));
#1505=VECTOR('',#1504,5.E0);
#1506=CARTESIAN_POINT('',(2.25E1,-5.4E1,0.E0));
#1507=LINE('',#1506,#1505);
#1508=DIRECTION('',(0.E0,0.E0,-1.E0));
#1509=VECTOR('',#1508,5.E0);
#1510=CARTESIAN_POINT('',(1.95E1,-5.1E1,5.E0));
#1511=LINE('',#1510,#1509);
#1512=DIRECTION('',(0.E0,0.E0,1.E0));
#1513=VECTOR('',#1512,5.E0);
#1514=CARTESIAN_POINT('',(2.95E1,-5.1E1,0.E0));
#1515=LINE('',#1514,#1513);
#1516=DIRECTION('',(0.E0,0.E0,-1.E0));
#1517=VECTOR('',#1516,5.E0);
#1518=CARTESIAN_POINT('',(2.65E1,-5.4E1,5.E0));
#1519=LINE('',#1518,#1517);
#1520=DIRECTION('',(0.E0,0.E0,1.E0));
#1521=VECTOR('',#1520,5.E0);
#1522=CARTESIAN_POINT('',(3.1E1,-1.616580753731E1,0.E0));
#1523=LINE('',#1522,#1521);
#1524=DIRECTION('',(0.E0,0.E0,-1.E0));
#1525=VECTOR('',#1524,5.E0);
#1526=CARTESIAN_POINT('',(2.95E1,-1.876388374866E1,5.E0));
#1527=LINE('',#1526,#1525);
#1528=DIRECTION('',(0.E0,0.E0,1.E0));
#1529=VECTOR('',#1528,5.E0);
#1530=CARTESIAN_POINT('',(6.001537180436E1,4.050326799712E0,0.E0));
#1531=LINE('',#1530,#1529);
#1532=DIRECTION('',(0.E0,0.E0,-1.E0));
#1533=VECTOR('',#1532,5.E0);
#1534=CARTESIAN_POINT('',(5.891729559301E1,-4.774941164108E-2,5.E0));
#1535=LINE('',#1534,#1533);
#1536=DIRECTION('',(0.E0,0.E0,1.E0));
#1537=VECTOR('',#1536,5.E0);
#1538=CARTESIAN_POINT('',(5.391729559301E1,8.612504626203E0,0.E0));
#1539=LINE('',#1538,#1537);
#1540=DIRECTION('',(0.E0,0.E0,-1.E0));
#1541=VECTOR('',#1540,5.E0);
#1542=CARTESIAN_POINT('',(5.801537180436E1,7.514428414850E0,5.E0));
#1543=LINE('',#1542,#1541);
#1544=DIRECTION('',(0.E0,0.E0,1.E0));
#1545=VECTOR('',#1544,5.E0);
#1546=CARTESIAN_POINT('',(2.643653347947E1,-3.789419162443E0,0.E0));
#1547=LINE('',#1546,#1545);
#1548=DIRECTION('',(0.E0,0.E0,-1.E0));
#1549=VECTOR('',#1548,5.E0);
#1550=CARTESIAN_POINT('',(3.053460969083E1,-4.887495373797E0,5.E0));
#1551=LINE('',#1550,#1549);
#1552=DIRECTION('',(0.E0,0.E0,1.E0));
#1553=VECTOR('',#1552,5.E0);
#1554=CARTESIAN_POINT('',(1.103460969083E1,2.888749537380E1,0.E0));
#1555=LINE('',#1554,#1553);
#1556=DIRECTION('',(0.E0,0.E0,-1.E0));
#1557=VECTOR('',#1556,5.E0);
#1558=CARTESIAN_POINT('',(9.936533479473E0,2.478941916244E1,5.E0));
#1559=LINE('',#1558,#1557);
#1560=DIRECTION('',(0.E0,0.E0,1.E0));
#1561=VECTOR('',#1560,5.E0);
#1562=CARTESIAN_POINT('',(3.551537180436E1,4.648557158515E1,0.E0));
#1563=LINE('',#1562,#1561);
#1564=DIRECTION('',(0.E0,0.E0,-1.E0));
#1565=VECTOR('',#1564,5.E0);
#1566=CARTESIAN_POINT('',(3.441729559301E1,4.238749537380E1,5.E0));
#1567=LINE('',#1566,#1565);
#1568=DIRECTION('',(0.E0,0.E0,-1.E0));
#1569=VECTOR('',#1568,5.E0);
#1570=CARTESIAN_POINT('',(2.25E1,-2.9E1,5.E0));
#1571=LINE('',#1570,#1569);
#1572=DIRECTION('',(0.E0,0.E0,-1.E0));
#1573=VECTOR('',#1572,5.E0);
#1574=CARTESIAN_POINT('',(2.65E1,-2.9E1,5.E0));
#1575=LINE('',#1574,#1573);
#1576=DIRECTION('',(0.E0,0.E0,-1.E0));
#1577=VECTOR('',#1576,5.E0);
#1578=CARTESIAN_POINT('',(2.25E1,-3.9E1,5.E0));
#1579=LINE('',#1578,#1577);
#1580=DIRECTION('',(0.E0,0.E0,-1.E0));
#1581=VECTOR('',#1580,5.E0);
#1582=CARTESIAN_POINT('',(2.65E1,-3.9E1,5.E0));
#1583=LINE('',#1582,#1581);
#1584=DIRECTION('',(0.E0,0.E0,-1.E0));
#1585=VECTOR('',#1584,5.E0);
#1586=CARTESIAN_POINT('',(2.25E1,-4.9E1,5.E0));
#1587=LINE('',#1586,#1585);
#1588=DIRECTION('',(0.E0,0.E0,-1.E0));
#1589=VECTOR('',#1588,5.E0);
#1590=CARTESIAN_POINT('',(2.65E1,-4.9E1,5.E0));
#1591=LINE('',#1590,#1589);
#1592=DIRECTION('',(0.E0,0.E0,-1.E0));
#1593=VECTOR('',#1592,5.E0);
#1594=CARTESIAN_POINT('',(-2.65E1,-4.4E1,5.E0));
#1595=LINE('',#1594,#1593);
#1596=DIRECTION('',(0.E0,0.E0,-1.E0));
#1597=VECTOR('',#1596,5.E0);
#1598=CARTESIAN_POINT('',(-2.25E1,-4.4E1,5.E0));
#1599=LINE('',#1598,#1597);
#1600=DIRECTION('',(0.E0,0.E0,-1.E0));
#1601=VECTOR('',#1600,5.E0);
#1602=CARTESIAN_POINT('',(-2.65E1,-3.4E1,5.E0));
#1603=LINE('',#1602,#1601);
#1604=DIRECTION('',(0.E0,0.E0,-1.E0));
#1605=VECTOR('',#1604,5.E0);
#1606=CARTESIAN_POINT('',(-2.25E1,-3.4E1,5.E0));
#1607=LINE('',#1606,#1605);
#1608=DIRECTION('',(0.E0,0.E0,-1.E0));
#1609=VECTOR('',#1608,5.E0);
#1610=CARTESIAN_POINT('',(-2.65E1,-2.4E1,5.E0));
#1611=LINE('',#1610,#1609);
#1612=DIRECTION('',(0.E0,0.E0,-1.E0));
#1613=VECTOR('',#1612,5.E0);
#1614=CARTESIAN_POINT('',(-2.25E1,-2.4E1,5.E0));
#1615=LINE('',#1614,#1613);
#1616=DIRECTION('',(0.E0,0.E0,-1.E0));
#1617=VECTOR('',#1616,5.E0);
#1618=CARTESIAN_POINT('',(-3.503460969083E1,-9.217622392719E0,5.E0));
#1619=LINE('',#1618,#1617);
#1620=DIRECTION('',(0.E0,0.E0,-1.E0));
#1621=VECTOR('',#1620,5.E0);
#1622=CARTESIAN_POINT('',(-3.103460969083E1,-9.217622392719E0,5.E0));
#1623=LINE('',#1622,#1621);
#1624=DIRECTION('',(0.E0,0.E0,-1.E0));
#1625=VECTOR('',#1624,5.E0);
#1626=CARTESIAN_POINT('',(-4.369486372867E1,-4.217622392719E0,5.E0));
#1627=LINE('',#1626,#1625);
#1628=DIRECTION('',(0.E0,0.E0,-1.E0));
#1629=VECTOR('',#1628,5.E0);
#1630=CARTESIAN_POINT('',(-3.969486372867E1,-4.217622392719E0,5.E0));
#1631=LINE('',#1630,#1629);
#1632=DIRECTION('',(0.E0,0.E0,-1.E0));
#1633=VECTOR('',#1632,5.E0);
#1634=CARTESIAN_POINT('',(-5.235511776652E1,7.823776072810E-1,5.E0));
#1635=LINE('',#1634,#1633);
#1636=DIRECTION('',(0.E0,0.E0,-1.E0));
#1637=VECTOR('',#1636,5.E0);
#1638=CARTESIAN_POINT('',(-4.835511776652E1,7.823776072810E-1,5.E0));
#1639=LINE('',#1638,#1637);
#1640=DIRECTION('',(0.E0,0.E0,-1.E0));
#1641=VECTOR('',#1640,5.E0);
#1642=CARTESIAN_POINT('',(-3.218524478544E1,4.571762239272E1,5.E0));
#1643=LINE('',#1642,#1641);
#1644=DIRECTION('',(0.E0,0.E0,-1.E0));
#1645=VECTOR('',#1644,5.E0);
#1646=CARTESIAN_POINT('',(-2.818524478544E1,4.571762239272E1,5.E0));
#1647=LINE('',#1646,#1645);
#1648=DIRECTION('',(0.E0,0.E0,-1.E0));
#1649=VECTOR('',#1648,5.E0);
#1650=CARTESIAN_POINT('',(-2.352499074759E1,4.071762239272E1,5.E0));
#1651=LINE('',#1650,#1649);
#1652=DIRECTION('',(0.E0,0.E0,-1.E0));
#1653=VECTOR('',#1652,5.E0);
#1654=CARTESIAN_POINT('',(-1.952499074759E1,4.071762239272E1,5.E0));
#1655=LINE('',#1654,#1653);
#1656=DIRECTION('',(0.E0,0.E0,-1.E0));
#1657=VECTOR('',#1656,5.E0);
#1658=CARTESIAN_POINT('',(-1.486473670975E1,3.571762239272E1,5.E0));
#1659=LINE('',#1658,#1657);
#1660=DIRECTION('',(0.E0,0.E0,-1.E0));
#1661=VECTOR('',#1660,5.E0);
#1662=CARTESIAN_POINT('',(-1.086473670975E1,3.571762239272E1,5.E0));
#1663=LINE('',#1662,#1661);
#1664=DIRECTION('',(0.E0,0.E0,-1.E0));
#1665=VECTOR('',#1664,5.E0);
#1666=CARTESIAN_POINT('',(6.534609690827E0,3.321762239272E1,5.E0));
#1667=LINE('',#1666,#1665);
#1668=DIRECTION('',(0.E0,0.E0,-1.E0));
#1669=VECTOR('',#1668,5.E0);
#1670=CARTESIAN_POINT('',(1.053460969083E1,3.321762239272E1,5.E0));
#1671=LINE('',#1670,#1669);
#1672=DIRECTION('',(0.E0,0.E0,-1.E0));
#1673=VECTOR('',#1672,5.E0);
#1674=CARTESIAN_POINT('',(1.519486372867E1,3.821762239272E1,5.E0));
#1675=LINE('',#1674,#1673);
#1676=DIRECTION('',(0.E0,0.E0,-1.E0));
#1677=VECTOR('',#1676,5.E0);
#1678=CARTESIAN_POINT('',(1.919486372867E1,3.821762239272E1,5.E0));
#1679=LINE('',#1678,#1677);
#1680=DIRECTION('',(0.E0,0.E0,-1.E0));
#1681=VECTOR('',#1680,5.E0);
#1682=CARTESIAN_POINT('',(2.385511776652E1,4.321762239272E1,5.E0));
#1683=LINE('',#1682,#1681);
#1684=DIRECTION('',(0.E0,0.E0,-1.E0));
#1685=VECTOR('',#1684,5.E0);
#1686=CARTESIAN_POINT('',(2.785511776652E1,4.321762239272E1,5.E0));
#1687=LINE('',#1686,#1685);
#1688=DIRECTION('',(0.E0,0.E0,-1.E0));
#1689=VECTOR('',#1688,5.E0);
#1690=CARTESIAN_POINT('',(5.268524478544E1,3.282377607281E0,5.E0));
#1691=LINE('',#1690,#1689);
#1692=DIRECTION('',(0.E0,0.E0,-1.E0));
#1693=VECTOR('',#1692,5.E0);
#1694=CARTESIAN_POINT('',(5.668524478544E1,3.282377607281E0,5.E0));
#1695=LINE('',#1694,#1693);
#1696=DIRECTION('',(0.E0,0.E0,-1.E0));
#1697=VECTOR('',#1696,5.E0);
#1698=CARTESIAN_POINT('',(4.402499074759E1,-1.717622392719E0,5.E0));
#1699=LINE('',#1698,#1697);
#1700=DIRECTION('',(0.E0,0.E0,-1.E0));
#1701=VECTOR('',#1700,5.E0);
#1702=CARTESIAN_POINT('',(4.802499074759E1,-1.717622392719E0,5.E0));
#1703=LINE('',#1702,#1701);
#1704=DIRECTION('',(0.E0,0.E0,-1.E0));
#1705=VECTOR('',#1704,5.E0);
#1706=CARTESIAN_POINT('',(3.536473670975E1,-6.717622392719E0,5.E0));
#1707=LINE('',#1706,#1705);
#1708=DIRECTION('',(0.E0,0.E0,-1.E0));
#1709=VECTOR('',#1708,5.E0);
#1710=CARTESIAN_POINT('',(3.936473670975E1,-6.717622392719E0,5.E0));
#1711=LINE('',#1710,#1709);
#1712=DIRECTION('',(0.E0,0.E0,-1.E0));
#1713=VECTOR('',#1712,5.E0);
#1714=CARTESIAN_POINT('',(1.532050807569E1,-9.999999999999E0,5.E0));
#1715=LINE('',#1714,#1713);
#1716=DIRECTION('',(0.E0,0.E0,-1.E0));
#1717=VECTOR('',#1716,5.E0);
#1718=CARTESIAN_POINT('',(1.932050807569E1,-9.999999999999E0,5.E0));
#1719=LINE('',#1718,#1717);
#1720=DIRECTION('',(0.E0,0.E0,-1.E0));
#1721=VECTOR('',#1720,5.E0);
#1722=CARTESIAN_POINT('',(-1.932050807569E1,-1.E1,5.E0));
#1723=LINE('',#1722,#1721);
#1724=DIRECTION('',(0.E0,0.E0,-1.E0));
#1725=VECTOR('',#1724,5.E0);
#1726=CARTESIAN_POINT('',(-1.532050807569E1,-1.E1,5.E0));
#1727=LINE('',#1726,#1725);
#1728=CARTESIAN_POINT('',(-3.1E1,-1.616580753731E1,5.E0));
#1729=CARTESIAN_POINT('',(-2.95E1,-1.876388374866E1,5.E0));
#1730=VERTEX_POINT('',#1728);
#1731=VERTEX_POINT('',#1729);
#1732=CARTESIAN_POINT('',(-2.95E1,-1.876388374866E1,0.E0));
#1733=CARTESIAN_POINT('',(-3.1E1,-1.616580753731E1,0.E0));
#1734=VERTEX_POINT('',#1732);
#1735=VERTEX_POINT('',#1733);
#1736=CARTESIAN_POINT('',(1.95E1,-5.1E1,5.E0));
#1737=CARTESIAN_POINT('',(1.95E1,-5.1E1,0.E0));
#1738=VERTEX_POINT('',#1736);
#1739=VERTEX_POINT('',#1737);
#1740=CARTESIAN_POINT('',(1.65E1,-2.1E1,5.E0));
#1741=CARTESIAN_POINT('',(1.95E1,-2.4E1,5.E0));
#1742=VERTEX_POINT('',#1740);
#1743=VERTEX_POINT('',#1741);
#1744=CARTESIAN_POINT('',(-1.5E0,3.492969128597E1,0.E0));
#1745=CARTESIAN_POINT('',(1.5E0,3.492969128597E1,0.E0));
#1746=VERTEX_POINT('',#1744);
#1747=VERTEX_POINT('',#1745);
#1748=CARTESIAN_POINT('',(-1.5E0,3.492969128597E1,5.E0));
#1749=VERTEX_POINT('',#1748);
#1750=CARTESIAN_POINT('',(1.5E0,3.492969128597E1,5.E0));
#1751=VERTEX_POINT('',#1750);
#1752=CARTESIAN_POINT('',(-2.25E1,-5.4E1,5.E0));
#1753=CARTESIAN_POINT('',(-2.25E1,-5.4E1,0.E0));
#1754=VERTEX_POINT('',#1752);
#1755=VERTEX_POINT('',#1753);
#1756=CARTESIAN_POINT('',(-2.941729559301E1,5.104774941164E1,0.E0));
#1757=VERTEX_POINT('',#1756);
#1758=CARTESIAN_POINT('',(-2.941729559301E1,5.104774941164E1,5.E0));
#1759=VERTEX_POINT('',#1758);
#1760=CARTESIAN_POINT('',(2.941729559301E1,5.104774941164E1,0.E0));
#1761=CARTESIAN_POINT('',(2.941729559301E1,5.104774941164E1,5.E0));
#1762=VERTEX_POINT('',#1760);
#1763=VERTEX_POINT('',#1761);
#1764=CARTESIAN_POINT('',(-3.351537180436E1,4.994967320029E1,0.E0));
#1765=VERTEX_POINT('',#1764);
#1766=CARTESIAN_POINT('',(-3.551537180436E1,4.648557158515E1,0.E0));
#1767=VERTEX_POINT('',#1766);
#1768=CARTESIAN_POINT('',(-1.103460969083E1,2.888749537380E1,0.E0));
#1769=CARTESIAN_POINT('',(-3.441729559301E1,4.238749537380E1,0.E0));
#1770=VERTEX_POINT('',#1768);
#1771=VERTEX_POINT('',#1769);
#1772=CARTESIAN_POINT('',(3.351537180436E1,4.994967320029E1,0.E0));
#1773=CARTESIAN_POINT('',(3.551537180436E1,4.648557158515E1,0.E0));
#1774=VERTEX_POINT('',#1772);
#1775=VERTEX_POINT('',#1773);
#1776=CARTESIAN_POINT('',(-2.643653347947E1,-3.789419162443E0,0.E0));
#1777=CARTESIAN_POINT('',(-9.936533479473E0,2.478941916244E1,0.E0));
#1778=VERTEX_POINT('',#1776);
#1779=VERTEX_POINT('',#1777);
#1780=CARTESIAN_POINT('',(-5.391729559301E1,8.612504626203E0,0.E0));
#1781=CARTESIAN_POINT('',(-3.053460969083E1,-4.887495373797E0,0.E0));
#1782=VERTEX_POINT('',#1780);
#1783=VERTEX_POINT('',#1781);
#1784=CARTESIAN_POINT('',(-6.001537180436E1,4.050326799712E0,0.E0));
#1785=CARTESIAN_POINT('',(-5.801537180436E1,7.514428414850E0,0.E0));
#1786=VERTEX_POINT('',#1784);
#1787=VERTEX_POINT('',#1785);
#1788=CARTESIAN_POINT('',(-5.891729559301E1,-4.774941164114E-2,0.E0));
#1789=VERTEX_POINT('',#1788);
#1790=CARTESIAN_POINT('',(-2.95E1,-5.1E1,0.E0));
#1791=VERTEX_POINT('',#1790);
#1792=CARTESIAN_POINT('',(-2.65E1,-5.4E1,0.E0));
#1793=VERTEX_POINT('',#1792);
#1794=CARTESIAN_POINT('',(-1.95E1,-2.4E1,0.E0));
#1795=CARTESIAN_POINT('',(-1.95E1,-5.1E1,0.E0));
#1796=VERTEX_POINT('',#1794);
#1797=VERTEX_POINT('',#1795);
#1798=CARTESIAN_POINT('',(1.65E1,-2.1E1,0.E0));
#1799=CARTESIAN_POINT('',(-1.65E1,-2.1E1,0.E0));
#1800=VERTEX_POINT('',#1798);
#1801=VERTEX_POINT('',#1799);
#1802=CARTESIAN_POINT('',(1.95E1,-2.4E1,0.E0));
#1803=VERTEX_POINT('',#1802);
#1804=CARTESIAN_POINT('',(2.25E1,-5.4E1,5.E0));
#1805=CARTESIAN_POINT('',(2.65E1,-5.4E1,5.E0));
#1806=VERTEX_POINT('',#1804);
#1807=VERTEX_POINT('',#1805);
#1808=CARTESIAN_POINT('',(-6.041729559301E1,2.550326799712E0,0.E0));
#1809=VERTEX_POINT('',#1808);
#1810=CARTESIAN_POINT('',(-3.591729559301E1,4.498557158515E1,0.E0));
#1811=VERTEX_POINT('',#1810);
#1812=CARTESIAN_POINT('',(2.25E1,-5.4E1,0.E0));
#1813=VERTEX_POINT('',#1812);
#1814=CARTESIAN_POINT('',(2.95E1,-5.1E1,0.E0));
#1815=CARTESIAN_POINT('',(2.65E1,-5.4E1,0.E0));
#1816=VERTEX_POINT('',#1814);
#1817=VERTEX_POINT('',#1815);
#1818=CARTESIAN_POINT('',(6.041729559301E1,2.550326799712E0,0.E0));
#1819=CARTESIAN_POINT('',(5.891729559301E1,-4.774941164108E-2,0.E0));
#1820=VERTEX_POINT('',#1818);
#1821=VERTEX_POINT('',#1819);
#1822=CARTESIAN_POINT('',(6.001537180436E1,4.050326799712E0,0.E0));
#1823=VERTEX_POINT('',#1822);
#1824=CARTESIAN_POINT('',(5.391729559301E1,8.612504626203E0,0.E0));
#1825=CARTESIAN_POINT('',(5.801537180436E1,7.514428414850E0,0.E0));
#1826=VERTEX_POINT('',#1824);
#1827=VERTEX_POINT('',#1825);
#1828=CARTESIAN_POINT('',(3.591729559301E1,4.498557158515E1,0.E0));
#1829=CARTESIAN_POINT('',(3.441729559301E1,4.238749537380E1,0.E0));
#1830=VERTEX_POINT('',#1828);
#1831=VERTEX_POINT('',#1829);
#1832=CARTESIAN_POINT('',(3.551537180436E1,4.648557158515E1,5.E0));
#1833=VERTEX_POINT('',#1832);
#1834=CARTESIAN_POINT('',(3.351537180436E1,4.994967320029E1,5.E0));
#1835=VERTEX_POINT('',#1834);
#1836=CARTESIAN_POINT('',(-2.95E1,-5.1E1,5.E0));
#1837=CARTESIAN_POINT('',(-2.65E1,-5.4E1,5.E0));
#1838=VERTEX_POINT('',#1836);
#1839=VERTEX_POINT('',#1837);
#1840=CARTESIAN_POINT('',(-1.95E1,-5.1E1,5.E0));
#1841=VERTEX_POINT('',#1840);
#1842=CARTESIAN_POINT('',(-6.041729559301E1,2.550326799712E0,5.E0));
#1843=CARTESIAN_POINT('',(-5.891729559301E1,-4.774941164114E-2,5.E0));
#1844=VERTEX_POINT('',#1842);
#1845=VERTEX_POINT('',#1843);
#1846=CARTESIAN_POINT('',(-6.001537180436E1,4.050326799712E0,5.E0));
#1847=VERTEX_POINT('',#1846);
#1848=CARTESIAN_POINT('',(-5.391729559301E1,8.612504626203E0,5.E0));
#1849=CARTESIAN_POINT('',(-5.801537180436E1,7.514428414850E0,5.E0));
#1850=VERTEX_POINT('',#1848);
#1851=VERTEX_POINT('',#1849);
#1852=CARTESIAN_POINT('',(-3.591729559301E1,4.498557158515E1,5.E0));
#1853=CARTESIAN_POINT('',(-3.441729559301E1,4.238749537380E1,5.E0));
#1854=VERTEX_POINT('',#1852);
#1855=VERTEX_POINT('',#1853);
#1856=CARTESIAN_POINT('',(-3.551537180436E1,4.648557158515E1,5.E0));
#1857=VERTEX_POINT('',#1856);
#1858=CARTESIAN_POINT('',(-3.351537180436E1,4.994967320029E1,5.E0));
#1859=VERTEX_POINT('',#1858);
#1860=CARTESIAN_POINT('',(2.95E1,-5.1E1,5.E0));
#1861=VERTEX_POINT('',#1860);
#1862=CARTESIAN_POINT('',(6.041729559301E1,2.550326799712E0,5.E0));
#1863=CARTESIAN_POINT('',(6.001537180436E1,4.050326799712E0,5.E0));
#1864=VERTEX_POINT('',#1862);
#1865=VERTEX_POINT('',#1863);
#1866=CARTESIAN_POINT('',(5.891729559301E1,-4.774941164108E-2,5.E0));
#1867=VERTEX_POINT('',#1866);
#1868=CARTESIAN_POINT('',(5.801537180436E1,7.514428414850E0,5.E0));
#1869=CARTESIAN_POINT('',(5.391729559301E1,8.612504626203E0,5.E0));
#1870=VERTEX_POINT('',#1868);
#1871=VERTEX_POINT('',#1869);
#1872=CARTESIAN_POINT('',(3.591729559301E1,4.498557158515E1,5.E0));
#1873=VERTEX_POINT('',#1872);
#1874=CARTESIAN_POINT('',(3.441729559301E1,4.238749537380E1,5.E0));
#1875=VERTEX_POINT('',#1874);
#1876=CARTESIAN_POINT('',(1.103460969083E1,2.888749537380E1,0.E0));
#1877=CARTESIAN_POINT('',(1.103460969083E1,2.888749537380E1,5.E0));
#1878=VERTEX_POINT('',#1876);
#1879=VERTEX_POINT('',#1877);
#1880=CARTESIAN_POINT('',(2.643653347947E1,-3.789419162443E0,0.E0));
#1881=CARTESIAN_POINT('',(2.643653347947E1,-3.789419162443E0,5.E0));
#1882=VERTEX_POINT('',#1880);
#1883=VERTEX_POINT('',#1881);
#1884=CARTESIAN_POINT('',(9.936533479473E0,2.478941916244E1,5.E0));
#1885=CARTESIAN_POINT('',(9.936533479473E0,2.478941916244E1,0.E0));
#1886=VERTEX_POINT('',#1884);
#1887=VERTEX_POINT('',#1885);
#1888=CARTESIAN_POINT('',(3.053460969083E1,-4.887495373797E0,5.E0));
#1889=CARTESIAN_POINT('',(3.053460969083E1,-4.887495373797E0,0.E0));
#1890=VERTEX_POINT('',#1888);
#1891=VERTEX_POINT('',#1889);
#1892=CARTESIAN_POINT('',(3.1E1,-1.616580753731E1,0.E0));
#1893=CARTESIAN_POINT('',(3.1E1,-1.616580753731E1,5.E0));
#1894=VERTEX_POINT('',#1892);
#1895=VERTEX_POINT('',#1893);
#1896=CARTESIAN_POINT('',(2.95E1,-1.876388374866E1,5.E0));
#1897=CARTESIAN_POINT('',(2.95E1,-1.876388374866E1,0.E0));
#1898=VERTEX_POINT('',#1896);
#1899=VERTEX_POINT('',#1897);
#1900=CARTESIAN_POINT('',(-1.65E1,-2.1E1,5.E0));
#1901=VERTEX_POINT('',#1900);
#1902=CARTESIAN_POINT('',(-1.95E1,-2.4E1,5.E0));
#1903=VERTEX_POINT('',#1902);
#1904=CARTESIAN_POINT('',(-3.053460969083E1,-4.887495373797E0,5.E0));
#1905=VERTEX_POINT('',#1904);
#1906=CARTESIAN_POINT('',(-9.936533479473E0,2.478941916244E1,5.E0));
#1907=VERTEX_POINT('',#1906);
#1908=CARTESIAN_POINT('',(-2.643653347947E1,-3.789419162443E0,5.E0));
#1909=VERTEX_POINT('',#1908);
#1910=CARTESIAN_POINT('',(-1.103460969083E1,2.888749537380E1,5.E0));
#1911=VERTEX_POINT('',#1910);
#1912=CARTESIAN_POINT('',(9.534609690826E0,2.628941916244E1,0.E0));
#1913=VERTEX_POINT('',#1912);
#1914=CARTESIAN_POINT('',(9.534609690826E0,2.628941916244E1,5.E0));
#1915=VERTEX_POINT('',#1914);
#1916=CARTESIAN_POINT('',(-9.534609690826E0,2.628941916244E1,0.E0));
#1917=VERTEX_POINT('',#1916);
#1918=CARTESIAN_POINT('',(-9.534609690826E0,2.628941916244E1,5.E0));
#1919=VERTEX_POINT('',#1918);
#1920=CARTESIAN_POINT('',(2.65E1,-2.4E1,5.E0));
#1921=CARTESIAN_POINT('',(2.65E1,-2.4E1,0.E0));
#1922=VERTEX_POINT('',#1920);
#1923=VERTEX_POINT('',#1921);
#1924=CARTESIAN_POINT('',(2.25E1,-2.4E1,5.E0));
#1925=CARTESIAN_POINT('',(2.25E1,-2.4E1,0.E0));
#1926=VERTEX_POINT('',#1924);
#1927=VERTEX_POINT('',#1925);
#1928=CARTESIAN_POINT('',(-1.532050807569E1,-1.E1,5.E0));
#1929=CARTESIAN_POINT('',(-1.532050807569E1,-1.E1,0.E0));
#1930=VERTEX_POINT('',#1928);
#1931=VERTEX_POINT('',#1929);
#1932=CARTESIAN_POINT('',(-1.932050807569E1,-1.E1,5.E0));
#1933=CARTESIAN_POINT('',(-1.932050807569E1,-1.E1,0.E0));
#1934=VERTEX_POINT('',#1932);
#1935=VERTEX_POINT('',#1933);
#1936=CARTESIAN_POINT('',(1.5E1,0.E0,5.E0));
#1937=CARTESIAN_POINT('',(1.5E1,0.E0,0.E0));
#1938=VERTEX_POINT('',#1936);
#1939=VERTEX_POINT('',#1937);
#1940=CARTESIAN_POINT('',(-1.5E1,0.E0,5.E0));
#1941=CARTESIAN_POINT('',(-1.5E1,0.E0,0.E0));
#1942=VERTEX_POINT('',#1940);
#1943=VERTEX_POINT('',#1941);
#1944=CARTESIAN_POINT('',(1.932050807569E1,-9.999999999999E0,5.E0));
#1945=CARTESIAN_POINT('',(1.932050807569E1,-9.999999999999E0,0.E0));
#1946=VERTEX_POINT('',#1944);
#1947=VERTEX_POINT('',#1945);
#1948=CARTESIAN_POINT('',(1.532050807569E1,-9.999999999999E0,5.E0));
#1949=CARTESIAN_POINT('',(1.532050807569E1,-9.999999999999E0,0.E0));
#1950=VERTEX_POINT('',#1948);
#1951=VERTEX_POINT('',#1949);
#1952=CARTESIAN_POINT('',(3.503460969083E1,-9.217622392719E0,5.E0));
#1953=CARTESIAN_POINT('',(3.503460969083E1,-9.217622392719E0,0.E0));
#1954=VERTEX_POINT('',#1952);
#1955=VERTEX_POINT('',#1953);
#1956=CARTESIAN_POINT('',(3.103460969083E1,-9.217622392719E0,5.E0));
#1957=CARTESIAN_POINT('',(3.103460969083E1,-9.217622392719E0,0.E0));
#1958=VERTEX_POINT('',#1956);
#1959=VERTEX_POINT('',#1957);
#1960=CARTESIAN_POINT('',(3.936473670975E1,-6.717622392719E0,5.E0));
#1961=CARTESIAN_POINT('',(3.936473670975E1,-6.717622392719E0,0.E0));
#1962=VERTEX_POINT('',#1960);
#1963=VERTEX_POINT('',#1961);
#1964=CARTESIAN_POINT('',(3.536473670975E1,-6.717622392719E0,5.E0));
#1965=CARTESIAN_POINT('',(3.536473670975E1,-6.717622392719E0,0.E0));
#1966=VERTEX_POINT('',#1964);
#1967=VERTEX_POINT('',#1965);
#1968=CARTESIAN_POINT('',(4.369486372867E1,-4.217622392719E0,5.E0));
#1969=CARTESIAN_POINT('',(4.369486372867E1,-4.217622392719E0,0.E0));
#1970=VERTEX_POINT('',#1968);
#1971=VERTEX_POINT('',#1969);
#1972=CARTESIAN_POINT('',(3.969486372867E1,-4.217622392719E0,5.E0));
#1973=CARTESIAN_POINT('',(3.969486372867E1,-4.217622392719E0,0.E0));
#1974=VERTEX_POINT('',#1972);
#1975=VERTEX_POINT('',#1973);
#1976=CARTESIAN_POINT('',(4.802499074759E1,-1.717622392719E0,5.E0));
#1977=CARTESIAN_POINT('',(4.802499074759E1,-1.717622392719E0,0.E0));
#1978=VERTEX_POINT('',#1976);
#1979=VERTEX_POINT('',#1977);
#1980=CARTESIAN_POINT('',(4.402499074759E1,-1.717622392719E0,5.E0));
#1981=CARTESIAN_POINT('',(4.402499074759E1,-1.717622392719E0,0.E0));
#1982=VERTEX_POINT('',#1980);
#1983=VERTEX_POINT('',#1981);
#1984=CARTESIAN_POINT('',(5.235511776652E1,7.823776072811E-1,5.E0));
#1985=CARTESIAN_POINT('',(5.235511776652E1,7.823776072811E-1,0.E0));
#1986=VERTEX_POINT('',#1984);
#1987=VERTEX_POINT('',#1985);
#1988=CARTESIAN_POINT('',(4.835511776652E1,7.823776072811E-1,5.E0));
#1989=CARTESIAN_POINT('',(4.835511776652E1,7.823776072811E-1,0.E0));
#1990=VERTEX_POINT('',#1988);
#1991=VERTEX_POINT('',#1989);
#1992=CARTESIAN_POINT('',(5.668524478544E1,3.282377607281E0,5.E0));
#1993=CARTESIAN_POINT('',(5.668524478544E1,3.282377607281E0,0.E0));
#1994=VERTEX_POINT('',#1992);
#1995=VERTEX_POINT('',#1993);
#1996=CARTESIAN_POINT('',(5.268524478544E1,3.282377607281E0,5.E0));
#1997=CARTESIAN_POINT('',(5.268524478544E1,3.282377607281E0,0.E0));
#1998=VERTEX_POINT('',#1996);
#1999=VERTEX_POINT('',#1997);
#2000=CARTESIAN_POINT('',(3.218524478544E1,4.571762239272E1,5.E0));
#2001=CARTESIAN_POINT('',(3.218524478544E1,4.571762239272E1,0.E0));
#2002=VERTEX_POINT('',#2000);
#2003=VERTEX_POINT('',#2001);
#2004=CARTESIAN_POINT('',(2.818524478544E1,4.571762239272E1,5.E0));
#2005=CARTESIAN_POINT('',(2.818524478544E1,4.571762239272E1,0.E0));
#2006=VERTEX_POINT('',#2004);
#2007=VERTEX_POINT('',#2005);
#2008=CARTESIAN_POINT('',(2.785511776652E1,4.321762239272E1,5.E0));
#2009=CARTESIAN_POINT('',(2.785511776652E1,4.321762239272E1,0.E0));
#2010=VERTEX_POINT('',#2008);
#2011=VERTEX_POINT('',#2009);
#2012=CARTESIAN_POINT('',(2.385511776652E1,4.321762239272E1,5.E0));
#2013=CARTESIAN_POINT('',(2.385511776652E1,4.321762239272E1,0.E0));
#2014=VERTEX_POINT('',#2012);
#2015=VERTEX_POINT('',#2013);
#2016=CARTESIAN_POINT('',(2.352499074759E1,4.071762239272E1,5.E0));
#2017=CARTESIAN_POINT('',(2.352499074759E1,4.071762239272E1,0.E0));
#2018=VERTEX_POINT('',#2016);
#2019=VERTEX_POINT('',#2017);
#2020=CARTESIAN_POINT('',(1.952499074759E1,4.071762239272E1,5.E0));
#2021=CARTESIAN_POINT('',(1.952499074759E1,4.071762239272E1,0.E0));
#2022=VERTEX_POINT('',#2020);
#2023=VERTEX_POINT('',#2021);
#2024=CARTESIAN_POINT('',(1.919486372867E1,3.821762239272E1,5.E0));
#2025=CARTESIAN_POINT('',(1.919486372867E1,3.821762239272E1,0.E0));
#2026=VERTEX_POINT('',#2024);
#2027=VERTEX_POINT('',#2025);
#2028=CARTESIAN_POINT('',(1.519486372867E1,3.821762239272E1,5.E0));
#2029=CARTESIAN_POINT('',(1.519486372867E1,3.821762239272E1,0.E0));
#2030=VERTEX_POINT('',#2028);
#2031=VERTEX_POINT('',#2029);
#2032=CARTESIAN_POINT('',(1.486473670975E1,3.571762239272E1,5.E0));
#2033=CARTESIAN_POINT('',(1.486473670975E1,3.571762239272E1,0.E0));
#2034=VERTEX_POINT('',#2032);
#2035=VERTEX_POINT('',#2033);
#2036=CARTESIAN_POINT('',(1.086473670975E1,3.571762239272E1,5.E0));
#2037=CARTESIAN_POINT('',(1.086473670975E1,3.571762239272E1,0.E0));
#2038=VERTEX_POINT('',#2036);
#2039=VERTEX_POINT('',#2037);
#2040=CARTESIAN_POINT('',(1.053460969083E1,3.321762239272E1,5.E0));
#2041=CARTESIAN_POINT('',(1.053460969083E1,3.321762239272E1,0.E0));
#2042=VERTEX_POINT('',#2040);
#2043=VERTEX_POINT('',#2041);
#2044=CARTESIAN_POINT('',(6.534609690827E0,3.321762239272E1,5.E0));
#2045=CARTESIAN_POINT('',(6.534609690827E0,3.321762239272E1,0.E0));
#2046=VERTEX_POINT('',#2044);
#2047=VERTEX_POINT('',#2045);
#2048=CARTESIAN_POINT('',(-6.534609690827E0,3.321762239272E1,5.E0));
#2049=CARTESIAN_POINT('',(-6.534609690827E0,3.321762239272E1,0.E0));
#2050=VERTEX_POINT('',#2048);
#2051=VERTEX_POINT('',#2049);
#2052=CARTESIAN_POINT('',(-1.053460969083E1,3.321762239272E1,5.E0));
#2053=CARTESIAN_POINT('',(-1.053460969083E1,3.321762239272E1,0.E0));
#2054=VERTEX_POINT('',#2052);
#2055=VERTEX_POINT('',#2053);
#2056=CARTESIAN_POINT('',(-1.086473670975E1,3.571762239272E1,5.E0));
#2057=CARTESIAN_POINT('',(-1.086473670975E1,3.571762239272E1,0.E0));
#2058=VERTEX_POINT('',#2056);
#2059=VERTEX_POINT('',#2057);
#2060=CARTESIAN_POINT('',(-1.486473670975E1,3.571762239272E1,5.E0));
#2061=CARTESIAN_POINT('',(-1.486473670975E1,3.571762239272E1,0.E0));
#2062=VERTEX_POINT('',#2060);
#2063=VERTEX_POINT('',#2061);
#2064=CARTESIAN_POINT('',(-1.519486372867E1,3.821762239272E1,5.E0));
#2065=CARTESIAN_POINT('',(-1.519486372867E1,3.821762239272E1,0.E0));
#2066=VERTEX_POINT('',#2064);
#2067=VERTEX_POINT('',#2065);
#2068=CARTESIAN_POINT('',(-1.919486372867E1,3.821762239272E1,5.E0));
#2069=CARTESIAN_POINT('',(-1.919486372867E1,3.821762239272E1,0.E0));
#2070=VERTEX_POINT('',#2068);
#2071=VERTEX_POINT('',#2069);
#2072=CARTESIAN_POINT('',(-1.952499074759E1,4.071762239272E1,5.E0));
#2073=CARTESIAN_POINT('',(-1.952499074759E1,4.071762239272E1,0.E0));
#2074=VERTEX_POINT('',#2072);
#2075=VERTEX_POINT('',#2073);
#2076=CARTESIAN_POINT('',(-2.352499074759E1,4.071762239272E1,5.E0));
#2077=CARTESIAN_POINT('',(-2.352499074759E1,4.071762239272E1,0.E0));
#2078=VERTEX_POINT('',#2076);
#2079=VERTEX_POINT('',#2077);
#2080=CARTESIAN_POINT('',(-2.385511776652E1,4.321762239272E1,5.E0));
#2081=CARTESIAN_POINT('',(-2.385511776652E1,4.321762239272E1,0.E0));
#2082=VERTEX_POINT('',#2080);
#2083=VERTEX_POINT('',#2081);
#2084=CARTESIAN_POINT('',(-2.785511776652E1,4.321762239272E1,5.E0));
#2085=CARTESIAN_POINT('',(-2.785511776652E1,4.321762239272E1,0.E0));
#2086=VERTEX_POINT('',#2084);
#2087=VERTEX_POINT('',#2085);
#2088=CARTESIAN_POINT('',(-2.818524478544E1,4.571762239272E1,5.E0));
#2089=CARTESIAN_POINT('',(-2.818524478544E1,4.571762239272E1,0.E0));
#2090=VERTEX_POINT('',#2088);
#2091=VERTEX_POINT('',#2089);
#2092=CARTESIAN_POINT('',(-3.218524478544E1,4.571762239272E1,5.E0));
#2093=CARTESIAN_POINT('',(-3.218524478544E1,4.571762239272E1,0.E0));
#2094=VERTEX_POINT('',#2092);
#2095=VERTEX_POINT('',#2093);
#2096=CARTESIAN_POINT('',(-5.268524478544E1,3.282377607281E0,5.E0));
#2097=CARTESIAN_POINT('',(-5.268524478544E1,3.282377607281E0,0.E0));
#2098=VERTEX_POINT('',#2096);
#2099=VERTEX_POINT('',#2097);
#2100=CARTESIAN_POINT('',(-5.668524478544E1,3.282377607281E0,5.E0));
#2101=CARTESIAN_POINT('',(-5.668524478544E1,3.282377607281E0,0.E0));
#2102=VERTEX_POINT('',#2100);
#2103=VERTEX_POINT('',#2101);
#2104=CARTESIAN_POINT('',(-4.835511776652E1,7.823776072810E-1,5.E0));
#2105=CARTESIAN_POINT('',(-4.835511776652E1,7.823776072810E-1,0.E0));
#2106=VERTEX_POINT('',#2104);
#2107=VERTEX_POINT('',#2105);
#2108=CARTESIAN_POINT('',(-5.235511776652E1,7.823776072810E-1,5.E0));
#2109=CARTESIAN_POINT('',(-5.235511776652E1,7.823776072810E-1,0.E0));
#2110=VERTEX_POINT('',#2108);
#2111=VERTEX_POINT('',#2109);
#2112=CARTESIAN_POINT('',(-4.402499074759E1,-1.717622392719E0,5.E0));
#2113=CARTESIAN_POINT('',(-4.402499074759E1,-1.717622392719E0,0.E0));
#2114=VERTEX_POINT('',#2112);
#2115=VERTEX_POINT('',#2113);
#2116=CARTESIAN_POINT('',(-4.802499074759E1,-1.717622392719E0,5.E0));
#2117=CARTESIAN_POINT('',(-4.802499074759E1,-1.717622392719E0,0.E0));
#2118=VERTEX_POINT('',#2116);
#2119=VERTEX_POINT('',#2117);
#2120=CARTESIAN_POINT('',(-3.969486372867E1,-4.217622392719E0,5.E0));
#2121=CARTESIAN_POINT('',(-3.969486372867E1,-4.217622392719E0,0.E0));
#2122=VERTEX_POINT('',#2120);
#2123=VERTEX_POINT('',#2121);
#2124=CARTESIAN_POINT('',(-4.369486372867E1,-4.217622392719E0,5.E0));
#2125=CARTESIAN_POINT('',(-4.369486372867E1,-4.217622392719E0,0.E0));
#2126=VERTEX_POINT('',#2124);
#2127=VERTEX_POINT('',#2125);
#2128=CARTESIAN_POINT('',(-3.536473670975E1,-6.717622392719E0,5.E0));
#2129=CARTESIAN_POINT('',(-3.536473670975E1,-6.717622392719E0,0.E0));
#2130=VERTEX_POINT('',#2128);
#2131=VERTEX_POINT('',#2129);
#2132=CARTESIAN_POINT('',(-3.936473670975E1,-6.717622392719E0,5.E0));
#2133=CARTESIAN_POINT('',(-3.936473670975E1,-6.717622392719E0,0.E0));
#2134=VERTEX_POINT('',#2132);
#2135=VERTEX_POINT('',#2133);
#2136=CARTESIAN_POINT('',(-3.103460969083E1,-9.217622392719E0,5.E0));
#2137=CARTESIAN_POINT('',(-3.103460969083E1,-9.217622392719E0,0.E0));
#2138=VERTEX_POINT('',#2136);
#2139=VERTEX_POINT('',#2137);
#2140=CARTESIAN_POINT('',(-3.503460969083E1,-9.217622392719E0,5.E0));
#2141=CARTESIAN_POINT('',(-3.503460969083E1,-9.217622392719E0,0.E0));
#2142=VERTEX_POINT('',#2140);
#2143=VERTEX_POINT('',#2141);
#2144=CARTESIAN_POINT('',(2.E0,2.E1,5.E0));
#2145=CARTESIAN_POINT('',(2.E0,2.E1,0.E0));
#2146=VERTEX_POINT('',#2144);
#2147=VERTEX_POINT('',#2145);
#2148=CARTESIAN_POINT('',(-2.E0,2.E1,5.E0));
#2149=CARTESIAN_POINT('',(-2.E0,2.E1,0.E0));
#2150=VERTEX_POINT('',#2148);
#2151=VERTEX_POINT('',#2149);
#2152=CARTESIAN_POINT('',(-2.25E1,-2.4E1,5.E0));
#2153=CARTESIAN_POINT('',(-2.25E1,-2.4E1,0.E0));
#2154=VERTEX_POINT('',#2152);
#2155=VERTEX_POINT('',#2153);
#2156=CARTESIAN_POINT('',(-2.65E1,-2.4E1,5.E0));
#2157=CARTESIAN_POINT('',(-2.65E1,-2.4E1,0.E0));
#2158=VERTEX_POINT('',#2156);
#2159=VERTEX_POINT('',#2157);
#2160=CARTESIAN_POINT('',(-2.25E1,-2.9E1,5.E0));
#2161=CARTESIAN_POINT('',(-2.25E1,-2.9E1,0.E0));
#2162=VERTEX_POINT('',#2160);
#2163=VERTEX_POINT('',#2161);
#2164=CARTESIAN_POINT('',(-2.65E1,-2.9E1,5.E0));
#2165=CARTESIAN_POINT('',(-2.65E1,-2.9E1,0.E0));
#2166=VERTEX_POINT('',#2164);
#2167=VERTEX_POINT('',#2165);
#2168=CARTESIAN_POINT('',(-2.25E1,-3.4E1,5.E0));
#2169=CARTESIAN_POINT('',(-2.25E1,-3.4E1,0.E0));
#2170=VERTEX_POINT('',#2168);
#2171=VERTEX_POINT('',#2169);
#2172=CARTESIAN_POINT('',(-2.65E1,-3.4E1,5.E0));
#2173=CARTESIAN_POINT('',(-2.65E1,-3.4E1,0.E0));
#2174=VERTEX_POINT('',#2172);
#2175=VERTEX_POINT('',#2173);
#2176=CARTESIAN_POINT('',(-2.25E1,-3.9E1,5.E0));
#2177=CARTESIAN_POINT('',(-2.25E1,-3.9E1,0.E0));
#2178=VERTEX_POINT('',#2176);
#2179=VERTEX_POINT('',#2177);
#2180=CARTESIAN_POINT('',(-2.65E1,-3.9E1,5.E0));
#2181=CARTESIAN_POINT('',(-2.65E1,-3.9E1,0.E0));
#2182=VERTEX_POINT('',#2180);
#2183=VERTEX_POINT('',#2181);
#2184=CARTESIAN_POINT('',(-2.25E1,-4.4E1,5.E0));
#2185=CARTESIAN_POINT('',(-2.25E1,-4.4E1,0.E0));
#2186=VERTEX_POINT('',#2184);
#2187=VERTEX_POINT('',#2185);
#2188=CARTESIAN_POINT('',(-2.65E1,-4.4E1,5.E0));
#2189=CARTESIAN_POINT('',(-2.65E1,-4.4E1,0.E0));
#2190=VERTEX_POINT('',#2188);
#2191=VERTEX_POINT('',#2189);
#2192=CARTESIAN_POINT('',(-2.25E1,-4.9E1,5.E0));
#2193=CARTESIAN_POINT('',(-2.25E1,-4.9E1,0.E0));
#2194=VERTEX_POINT('',#2192);
#2195=VERTEX_POINT('',#2193);
#2196=CARTESIAN_POINT('',(-2.65E1,-4.9E1,5.E0));
#2197=CARTESIAN_POINT('',(-2.65E1,-4.9E1,0.E0));
#2198=VERTEX_POINT('',#2196);
#2199=VERTEX_POINT('',#2197);
#2200=CARTESIAN_POINT('',(2.65E1,-4.9E1,5.E0));
#2201=CARTESIAN_POINT('',(2.65E1,-4.9E1,0.E0));
#2202=VERTEX_POINT('',#2200);
#2203=VERTEX_POINT('',#2201);
#2204=CARTESIAN_POINT('',(2.25E1,-4.9E1,5.E0));
#2205=CARTESIAN_POINT('',(2.25E1,-4.9E1,0.E0));
#2206=VERTEX_POINT('',#2204);
#2207=VERTEX_POINT('',#2205);
#2208=CARTESIAN_POINT('',(2.65E1,-4.4E1,5.E0));
#2209=CARTESIAN_POINT('',(2.65E1,-4.4E1,0.E0));
#2210=VERTEX_POINT('',#2208);
#2211=VERTEX_POINT('',#2209);
#2212=CARTESIAN_POINT('',(2.25E1,-4.4E1,5.E0));
#2213=CARTESIAN_POINT('',(2.25E1,-4.4E1,0.E0));
#2214=VERTEX_POINT('',#2212);
#2215=VERTEX_POINT('',#2213);
#2216=CARTESIAN_POINT('',(2.65E1,-3.9E1,5.E0));
#2217=CARTESIAN_POINT('',(2.65E1,-3.9E1,0.E0));
#2218=VERTEX_POINT('',#2216);
#2219=VERTEX_POINT('',#2217);
#2220=CARTESIAN_POINT('',(2.25E1,-3.9E1,5.E0));
#2221=CARTESIAN_POINT('',(2.25E1,-3.9E1,0.E0));
#2222=VERTEX_POINT('',#2220);
#2223=VERTEX_POINT('',#2221);
#2224=CARTESIAN_POINT('',(2.65E1,-3.4E1,5.E0));
#2225=CARTESIAN_POINT('',(2.65E1,-3.4E1,0.E0));
#2226=VERTEX_POINT('',#2224);
#2227=VERTEX_POINT('',#2225);
#2228=CARTESIAN_POINT('',(2.25E1,-3.4E1,5.E0));
#2229=CARTESIAN_POINT('',(2.25E1,-3.4E1,0.E0));
#2230=VERTEX_POINT('',#2228);
#2231=VERTEX_POINT('',#2229);
#2232=CARTESIAN_POINT('',(2.65E1,-2.9E1,5.E0));
#2233=CARTESIAN_POINT('',(2.65E1,-2.9E1,0.E0));
#2234=VERTEX_POINT('',#2232);
#2235=VERTEX_POINT('',#2233);
#2236=CARTESIAN_POINT('',(2.25E1,-2.9E1,5.E0));
#2237=CARTESIAN_POINT('',(2.25E1,-2.9E1,0.E0));
#2238=VERTEX_POINT('',#2236);
#2239=VERTEX_POINT('',#2237);
#2240=CARTESIAN_POINT('',(0.E0,0.E0,5.E0));
#2241=DIRECTION('',(0.E0,0.E0,-1.E0));
#2242=DIRECTION('',(-1.E0,0.E0,0.E0));
#2243=AXIS2_PLACEMENT_3D('',#2240,#2241,#2242);
#2244=PLANE('',#2243);
#2246=ORIENTED_EDGE('',*,*,#2245,.F.);
#2248=ORIENTED_EDGE('',*,*,#2247,.F.);
#2250=ORIENTED_EDGE('',*,*,#2249,.F.);
#2252=ORIENTED_EDGE('',*,*,#2251,.F.);
#2254=ORIENTED_EDGE('',*,*,#2253,.F.);
#2256=ORIENTED_EDGE('',*,*,#2255,.F.);
#2258=ORIENTED_EDGE('',*,*,#2257,.F.);
#2260=ORIENTED_EDGE('',*,*,#2259,.F.);
#2262=ORIENTED_EDGE('',*,*,#2261,.F.);
#2264=ORIENTED_EDGE('',*,*,#2263,.F.);
#2266=ORIENTED_EDGE('',*,*,#2265,.F.);
#2268=ORIENTED_EDGE('',*,*,#2267,.F.);
#2270=ORIENTED_EDGE('',*,*,#2269,.F.);
#2272=ORIENTED_EDGE('',*,*,#2271,.F.);
#2274=ORIENTED_EDGE('',*,*,#2273,.F.);
#2276=ORIENTED_EDGE('',*,*,#2275,.F.);
#2278=ORIENTED_EDGE('',*,*,#2277,.F.);
#2280=ORIENTED_EDGE('',*,*,#2279,.F.);
#2282=ORIENTED_EDGE('',*,*,#2281,.F.);
#2284=ORIENTED_EDGE('',*,*,#2283,.F.);
#2286=ORIENTED_EDGE('',*,*,#2285,.F.);
#2288=ORIENTED_EDGE('',*,*,#2287,.F.);
#2290=ORIENTED_EDGE('',*,*,#2289,.F.);
#2292=ORIENTED_EDGE('',*,*,#2291,.F.);
#2294=ORIENTED_EDGE('',*,*,#2293,.F.);
#2296=ORIENTED_EDGE('',*,*,#2295,.F.);
#2298=ORIENTED_EDGE('',*,*,#2297,.F.);
#2300=ORIENTED_EDGE('',*,*,#2299,.F.);
#2302=ORIENTED_EDGE('',*,*,#2301,.F.);
#2304=ORIENTED_EDGE('',*,*,#2303,.F.);
#2306=ORIENTED_EDGE('',*,*,#2305,.F.);
#2308=ORIENTED_EDGE('',*,*,#2307,.F.);
#2310=ORIENTED_EDGE('',*,*,#2309,.F.);
#2312=ORIENTED_EDGE('',*,*,#2311,.F.);
#2314=ORIENTED_EDGE('',*,*,#2313,.F.);
#2316=ORIENTED_EDGE('',*,*,#2315,.F.);
#2318=ORIENTED_EDGE('',*,*,#2317,.F.);
#2320=ORIENTED_EDGE('',*,*,#2319,.F.);
#2322=ORIENTED_EDGE('',*,*,#2321,.F.);
#2324=ORIENTED_EDGE('',*,*,#2323,.F.);
#2326=ORIENTED_EDGE('',*,*,#2325,.F.);
#2328=ORIENTED_EDGE('',*,*,#2327,.F.);
#2330=ORIENTED_EDGE('',*,*,#2329,.F.);
#2332=ORIENTED_EDGE('',*,*,#2331,.F.);
#2334=ORIENTED_EDGE('',*,*,#2333,.F.);
#2336=ORIENTED_EDGE('',*,*,#2335,.F.);
#2338=ORIENTED_EDGE('',*,*,#2337,.F.);
#2340=ORIENTED_EDGE('',*,*,#2339,.F.);
#2341=EDGE_LOOP('',(#2246,#2248,#2250,#2252,#2254,#2256,#2258,#2260,#2262,#2264,
#2266,#2268,#2270,#2272,#2274,#2276,#2278,#2280,#2282,#2284,#2286,#2288,#2290,
#2292,#2294,#2296,#2298,#2300,#2302,#2304,#2306,#2308,#2310,#2312,#2314,#2316,
#2318,#2320,#2322,#2324,#2326,#2328,#2330,#2332,#2334,#2336,#2338,#2340));
#2342=FACE_OUTER_BOUND('',#2341,.F.);
#2344=ORIENTED_EDGE('',*,*,#2343,.F.);
#2346=ORIENTED_EDGE('',*,*,#2345,.F.);
#2347=EDGE_LOOP('',(#2344,#2346));
#2348=FACE_BOUND('',#2347,.F.);
#2350=ORIENTED_EDGE('',*,*,#2349,.F.);
#2352=ORIENTED_EDGE('',*,*,#2351,.F.);
#2353=EDGE_LOOP('',(#2350,#2352));
#2354=FACE_BOUND('',#2353,.F.);
#2356=ORIENTED_EDGE('',*,*,#2355,.F.);
#2358=ORIENTED_EDGE('',*,*,#2357,.F.);
#2359=EDGE_LOOP('',(#2356,#2358));
#2360=FACE_BOUND('',#2359,.F.);
#2362=ORIENTED_EDGE('',*,*,#2361,.F.);
#2364=ORIENTED_EDGE('',*,*,#2363,.F.);
#2365=EDGE_LOOP('',(#2362,#2364));
#2366=FACE_BOUND('',#2365,.F.);
#2368=ORIENTED_EDGE('',*,*,#2367,.F.);
#2370=ORIENTED_EDGE('',*,*,#2369,.F.);
#2371=EDGE_LOOP('',(#2368,#2370));
#2372=FACE_BOUND('',#2371,.F.);
#2374=ORIENTED_EDGE('',*,*,#2373,.F.);
#2376=ORIENTED_EDGE('',*,*,#2375,.F.);
#2377=EDGE_LOOP('',(#2374,#2376));
#2378=FACE_BOUND('',#2377,.F.);
#2380=ORIENTED_EDGE('',*,*,#2379,.F.);
#2382=ORIENTED_EDGE('',*,*,#2381,.F.);
#2383=EDGE_LOOP('',(#2380,#2382));
#2384=FACE_BOUND('',#2383,.F.);
#2386=ORIENTED_EDGE('',*,*,#2385,.F.);
#2388=ORIENTED_EDGE('',*,*,#2387,.F.);
#2389=EDGE_LOOP('',(#2386,#2388));
#2390=FACE_BOUND('',#2389,.F.);
#2392=ORIENTED_EDGE('',*,*,#2391,.F.);
#2394=ORIENTED_EDGE('',*,*,#2393,.F.);
#2395=EDGE_LOOP('',(#2392,#2394));
#2396=FACE_BOUND('',#2395,.F.);
#2398=ORIENTED_EDGE('',*,*,#2397,.F.);
#2400=ORIENTED_EDGE('',*,*,#2399,.F.);
#2401=EDGE_LOOP('',(#2398,#2400));
#2402=FACE_BOUND('',#2401,.F.);
#2404=ORIENTED_EDGE('',*,*,#2403,.F.);
#2406=ORIENTED_EDGE('',*,*,#2405,.F.);
#2407=EDGE_LOOP('',(#2404,#2406));
#2408=FACE_BOUND('',#2407,.F.);
#2410=ORIENTED_EDGE('',*,*,#2409,.F.);
#2412=ORIENTED_EDGE('',*,*,#2411,.F.);
#2413=EDGE_LOOP('',(#2410,#2412));
#2414=FACE_BOUND('',#2413,.F.);
#2416=ORIENTED_EDGE('',*,*,#2415,.F.);
#2418=ORIENTED_EDGE('',*,*,#2417,.F.);
#2419=EDGE_LOOP('',(#2416,#2418));
#2420=FACE_BOUND('',#2419,.F.);
#2422=ORIENTED_EDGE('',*,*,#2421,.F.);
#2424=ORIENTED_EDGE('',*,*,#2423,.F.);
#2425=EDGE_LOOP('',(#2422,#2424));
#2426=FACE_BOUND('',#2425,.F.);
#2428=ORIENTED_EDGE('',*,*,#2427,.F.);
#2430=ORIENTED_EDGE('',*,*,#2429,.F.);
#2431=EDGE_LOOP('',(#2428,#2430));
#2432=FACE_BOUND('',#2431,.F.);
#2434=ORIENTED_EDGE('',*,*,#2433,.F.);
#2436=ORIENTED_EDGE('',*,*,#2435,.F.);
#2437=EDGE_LOOP('',(#2434,#2436));
#2438=FACE_BOUND('',#2437,.F.);
#2440=ORIENTED_EDGE('',*,*,#2439,.F.);
#2442=ORIENTED_EDGE('',*,*,#2441,.F.);
#2443=EDGE_LOOP('',(#2440,#2442));
#2444=FACE_BOUND('',#2443,.F.);
#2446=ORIENTED_EDGE('',*,*,#2445,.F.);
#2448=ORIENTED_EDGE('',*,*,#2447,.F.);
#2449=EDGE_LOOP('',(#2446,#2448));
#2450=FACE_BOUND('',#2449,.F.);
#2452=ORIENTED_EDGE('',*,*,#2451,.F.);
#2454=ORIENTED_EDGE('',*,*,#2453,.F.);
#2455=EDGE_LOOP('',(#2452,#2454));
#2456=FACE_BOUND('',#2455,.F.);
#2458=ORIENTED_EDGE('',*,*,#2457,.F.);
#2460=ORIENTED_EDGE('',*,*,#2459,.F.);
#2461=EDGE_LOOP('',(#2458,#2460));
#2462=FACE_BOUND('',#2461,.F.);
#2464=ORIENTED_EDGE('',*,*,#2463,.F.);
#2466=ORIENTED_EDGE('',*,*,#2465,.F.);
#2467=EDGE_LOOP('',(#2464,#2466));
#2468=FACE_BOUND('',#2467,.F.);
#2470=ORIENTED_EDGE('',*,*,#2469,.F.);
#2472=ORIENTED_EDGE('',*,*,#2471,.F.);
#2473=EDGE_LOOP('',(#2470,#2472));
#2474=FACE_BOUND('',#2473,.F.);
#2476=ORIENTED_EDGE('',*,*,#2475,.F.);
#2478=ORIENTED_EDGE('',*,*,#2477,.F.);
#2479=EDGE_LOOP('',(#2476,#2478));
#2480=FACE_BOUND('',#2479,.F.);
#2482=ORIENTED_EDGE('',*,*,#2481,.F.);
#2484=ORIENTED_EDGE('',*,*,#2483,.F.);
#2485=EDGE_LOOP('',(#2482,#2484));
#2486=FACE_BOUND('',#2485,.F.);
#2488=ORIENTED_EDGE('',*,*,#2487,.F.);
#2490=ORIENTED_EDGE('',*,*,#2489,.F.);
#2491=EDGE_LOOP('',(#2488,#2490));
#2492=FACE_BOUND('',#2491,.F.);
#2494=ORIENTED_EDGE('',*,*,#2493,.F.);
#2496=ORIENTED_EDGE('',*,*,#2495,.F.);
#2497=EDGE_LOOP('',(#2494,#2496));
#2498=FACE_BOUND('',#2497,.F.);
#2500=ORIENTED_EDGE('',*,*,#2499,.F.);
#2502=ORIENTED_EDGE('',*,*,#2501,.F.);
#2503=EDGE_LOOP('',(#2500,#2502));
#2504=FACE_BOUND('',#2503,.F.);
#2506=ORIENTED_EDGE('',*,*,#2505,.F.);
#2508=ORIENTED_EDGE('',*,*,#2507,.F.);
#2509=EDGE_LOOP('',(#2506,#2508));
#2510=FACE_BOUND('',#2509,.F.);
#2512=ORIENTED_EDGE('',*,*,#2511,.F.);
#2514=ORIENTED_EDGE('',*,*,#2513,.F.);
#2515=EDGE_LOOP('',(#2512,#2514));
#2516=FACE_BOUND('',#2515,.F.);
#2518=ORIENTED_EDGE('',*,*,#2517,.F.);
#2520=ORIENTED_EDGE('',*,*,#2519,.F.);
#2521=EDGE_LOOP('',(#2518,#2520));
#2522=FACE_BOUND('',#2521,.F.);
#2524=ORIENTED_EDGE('',*,*,#2523,.F.);
#2526=ORIENTED_EDGE('',*,*,#2525,.F.);
#2527=EDGE_LOOP('',(#2524,#2526));
#2528=FACE_BOUND('',#2527,.F.);
#2530=ORIENTED_EDGE('',*,*,#2529,.F.);
#2532=ORIENTED_EDGE('',*,*,#2531,.F.);
#2533=EDGE_LOOP('',(#2530,#2532));
#2534=FACE_BOUND('',#2533,.F.);
#2536=ORIENTED_EDGE('',*,*,#2535,.F.);
#2538=ORIENTED_EDGE('',*,*,#2537,.F.);
#2539=EDGE_LOOP('',(#2536,#2538));
#2540=FACE_BOUND('',#2539,.F.);
#2542=ORIENTED_EDGE('',*,*,#2541,.F.);
#2544=ORIENTED_EDGE('',*,*,#2543,.F.);
#2545=EDGE_LOOP('',(#2542,#2544));
#2546=FACE_BOUND('',#2545,.F.);
#2548=ORIENTED_EDGE('',*,*,#2547,.F.);
#2550=ORIENTED_EDGE('',*,*,#2549,.F.);
#2551=EDGE_LOOP('',(#2548,#2550));
#2552=FACE_BOUND('',#2551,.F.);
#2554=ORIENTED_EDGE('',*,*,#2553,.F.);
#2556=ORIENTED_EDGE('',*,*,#2555,.F.);
#2557=EDGE_LOOP('',(#2554,#2556));
#2558=FACE_BOUND('',#2557,.F.);
#2560=ORIENTED_EDGE('',*,*,#2559,.F.);
#2562=ORIENTED_EDGE('',*,*,#2561,.F.);
#2563=EDGE_LOOP('',(#2560,#2562));
#2564=FACE_BOUND('',#2563,.F.);
#2566=ORIENTED_EDGE('',*,*,#2565,.F.);
#2568=ORIENTED_EDGE('',*,*,#2567,.F.);
#2569=EDGE_LOOP('',(#2566,#2568));
#2570=FACE_BOUND('',#2569,.F.);
#2572=ORIENTED_EDGE('',*,*,#2571,.F.);
#2574=ORIENTED_EDGE('',*,*,#2573,.F.);
#2575=EDGE_LOOP('',(#2572,#2574));
#2576=FACE_BOUND('',#2575,.F.);
#2578=ORIENTED_EDGE('',*,*,#2577,.F.);
#2580=ORIENTED_EDGE('',*,*,#2579,.F.);
#2581=EDGE_LOOP('',(#2578,#2580));
#2582=FACE_BOUND('',#2581,.F.);
#2583=ADVANCED_FACE('',(#2342,#2348,#2354,#2360,#2366,#2372,#2378,#2384,#2390,
#2396,#2402,#2408,#2414,#2420,#2426,#2432,#2438,#2444,#2450,#2456,#2462,#2468,
#2474,#2480,#2486,#2492,#2498,#2504,#2510,#2516,#2522,#2528,#2534,#2540,#2546,
#2552,#2558,#2564,#2570,#2576,#2582),#2244,.F.);
#2584=CARTESIAN_POINT('',(3.701537180436E1,4.388749537380E1,5.E0));
#2585=DIRECTION('',(-8.660254037844E-1,-5.E-1,0.E0));
#2586=DIRECTION('',(5.E-1,-8.660254037844E-1,0.E0));
#2587=AXIS2_PLACEMENT_3D('',#2584,#2585,#2586);
#2588=PLANE('',#2587);
#2590=ORIENTED_EDGE('',*,*,#2589,.T.);
#2592=ORIENTED_EDGE('',*,*,#2591,.T.);
#2593=ORIENTED_EDGE('',*,*,#2245,.T.);
#2595=ORIENTED_EDGE('',*,*,#2594,.T.);
#2596=EDGE_LOOP('',(#2590,#2592,#2593,#2595));
#2597=FACE_OUTER_BOUND('',#2596,.F.);
#2598=ADVANCED_FACE('',(#2597),#2588,.F.);
#2599=CARTESIAN_POINT('',(0.E0,0.E0,0.E0));
#2600=DIRECTION('',(0.E0,0.E0,-1.E0));
#2601=DIRECTION('',(-1.E0,0.E0,0.E0));
#2602=AXIS2_PLACEMENT_3D('',#2599,#2600,#2601);
#2603=PLANE('',#2602);
#2605=ORIENTED_EDGE('',*,*,#2604,.F.);
#2607=ORIENTED_EDGE('',*,*,#2606,.F.);
#2609=ORIENTED_EDGE('',*,*,#2608,.F.);
#2611=ORIENTED_EDGE('',*,*,#2610,.F.);
#2613=ORIENTED_EDGE('',*,*,#2612,.F.);
#2615=ORIENTED_EDGE('',*,*,#2614,.F.);
#2617=ORIENTED_EDGE('',*,*,#2616,.F.);
#2619=ORIENTED_EDGE('',*,*,#2618,.F.);
#2621=ORIENTED_EDGE('',*,*,#2620,.F.);
#2623=ORIENTED_EDGE('',*,*,#2622,.F.);
#2625=ORIENTED_EDGE('',*,*,#2624,.F.);
#2627=ORIENTED_EDGE('',*,*,#2626,.F.);
#2629=ORIENTED_EDGE('',*,*,#2628,.F.);
#2631=ORIENTED_EDGE('',*,*,#2630,.F.);
#2633=ORIENTED_EDGE('',*,*,#2632,.F.);
#2635=ORIENTED_EDGE('',*,*,#2634,.F.);
#2637=ORIENTED_EDGE('',*,*,#2636,.F.);
#2639=ORIENTED_EDGE('',*,*,#2638,.F.);
#2641=ORIENTED_EDGE('',*,*,#2640,.F.);
#2643=ORIENTED_EDGE('',*,*,#2642,.F.);
#2645=ORIENTED_EDGE('',*,*,#2644,.F.);
#2647=ORIENTED_EDGE('',*,*,#2646,.F.);
#2649=ORIENTED_EDGE('',*,*,#2648,.F.);
#2651=ORIENTED_EDGE('',*,*,#2650,.F.);
#2653=ORIENTED_EDGE('',*,*,#2652,.F.);
#2655=ORIENTED_EDGE('',*,*,#2654,.F.);
#2657=ORIENTED_EDGE('',*,*,#2656,.F.);
#2659=ORIENTED_EDGE('',*,*,#2658,.F.);
#2661=ORIENTED_EDGE('',*,*,#2660,.F.);
#2663=ORIENTED_EDGE('',*,*,#2662,.F.);
#2665=ORIENTED_EDGE('',*,*,#2664,.F.);
#2667=ORIENTED_EDGE('',*,*,#2666,.F.);
#2669=ORIENTED_EDGE('',*,*,#2668,.F.);
#2671=ORIENTED_EDGE('',*,*,#2670,.F.);
#2673=ORIENTED_EDGE('',*,*,#2672,.F.);
#2675=ORIENTED_EDGE('',*,*,#2674,.F.);
#2677=ORIENTED_EDGE('',*,*,#2676,.F.);
#2679=ORIENTED_EDGE('',*,*,#2678,.F.);
#2681=ORIENTED_EDGE('',*,*,#2680,.F.);
#2683=ORIENTED_EDGE('',*,*,#2682,.F.);
#2685=ORIENTED_EDGE('',*,*,#2684,.F.);
#2687=ORIENTED_EDGE('',*,*,#2686,.F.);
#2689=ORIENTED_EDGE('',*,*,#2688,.F.);
#2691=ORIENTED_EDGE('',*,*,#2690,.F.);
#2693=ORIENTED_EDGE('',*,*,#2692,.F.);
#2695=ORIENTED_EDGE('',*,*,#2694,.F.);
#2696=ORIENTED_EDGE('',*,*,#2589,.F.);
#2698=ORIENTED_EDGE('',*,*,#2697,.F.);
#2699=EDGE_LOOP('',(#2605,#2607,#2609,#2611,#2613,#2615,#2617,#2619,#2621,#2623,
#2625,#2627,#2629,#2631,#2633,#2635,#2637,#2639,#2641,#2643,#2645,#2647,#2649,
#2651,#2653,#2655,#2657,#2659,#2661,#2663,#2665,#2667,#2669,#2671,#2673,#2675,
#2677,#2679,#2681,#2683,#2685,#2687,#2689,#2691,#2693,#2695,#2696,#2698));
#2700=FACE_OUTER_BOUND('',#2699,.F.);
#2702=ORIENTED_EDGE('',*,*,#2701,.F.);
#2704=ORIENTED_EDGE('',*,*,#2703,.F.);
#2705=EDGE_LOOP('',(#2702,#2704));
#2706=FACE_BOUND('',#2705,.F.);
#2708=ORIENTED_EDGE('',*,*,#2707,.F.);
#2710=ORIENTED_EDGE('',*,*,#2709,.F.);
#2711=EDGE_LOOP('',(#2708,#2710));
#2712=FACE_BOUND('',#2711,.F.);
#2714=ORIENTED_EDGE('',*,*,#2713,.F.);
#2716=ORIENTED_EDGE('',*,*,#2715,.F.);
#2717=EDGE_LOOP('',(#2714,#2716));
#2718=FACE_BOUND('',#2717,.F.);
#2720=ORIENTED_EDGE('',*,*,#2719,.F.);
#2722=ORIENTED_EDGE('',*,*,#2721,.F.);
#2723=EDGE_LOOP('',(#2720,#2722));
#2724=FACE_BOUND('',#2723,.F.);
#2726=ORIENTED_EDGE('',*,*,#2725,.F.);
#2728=ORIENTED_EDGE('',*,*,#2727,.F.);
#2729=EDGE_LOOP('',(#2726,#2728));
#2730=FACE_BOUND('',#2729,.F.);
#2732=ORIENTED_EDGE('',*,*,#2731,.F.);
#2734=ORIENTED_EDGE('',*,*,#2733,.F.);
#2735=EDGE_LOOP('',(#2732,#2734));
#2736=FACE_BOUND('',#2735,.F.);
#2738=ORIENTED_EDGE('',*,*,#2737,.F.);
#2740=ORIENTED_EDGE('',*,*,#2739,.F.);
#2741=EDGE_LOOP('',(#2738,#2740));
#2742=FACE_BOUND('',#2741,.F.);
#2744=ORIENTED_EDGE('',*,*,#2743,.F.);
#2746=ORIENTED_EDGE('',*,*,#2745,.F.);
#2747=EDGE_LOOP('',(#2744,#2746));
#2748=FACE_BOUND('',#2747,.F.);
#2750=ORIENTED_EDGE('',*,*,#2749,.F.);
#2752=ORIENTED_EDGE('',*,*,#2751,.F.);
#2753=EDGE_LOOP('',(#2750,#2752));
#2754=FACE_BOUND('',#2753,.F.);
#2756=ORIENTED_EDGE('',*,*,#2755,.F.);
#2758=ORIENTED_EDGE('',*,*,#2757,.F.);
#2759=EDGE_LOOP('',(#2756,#2758));
#2760=FACE_BOUND('',#2759,.F.);
#2762=ORIENTED_EDGE('',*,*,#2761,.F.);
#2764=ORIENTED_EDGE('',*,*,#2763,.F.);
#2765=EDGE_LOOP('',(#2762,#2764));
#2766=FACE_BOUND('',#2765,.F.);
#2768=ORIENTED_EDGE('',*,*,#2767,.F.);
#2770=ORIENTED_EDGE('',*,*,#2769,.F.);
#2771=EDGE_LOOP('',(#2768,#2770));
#2772=FACE_BOUND('',#2771,.F.);
#2774=ORIENTED_EDGE('',*,*,#2773,.F.);
#2776=ORIENTED_EDGE('',*,*,#2775,.F.);
#2777=EDGE_LOOP('',(#2774,#2776));
#2778=FACE_BOUND('',#2777,.F.);
#2780=ORIENTED_EDGE('',*,*,#2779,.F.);
#2782=ORIENTED_EDGE('',*,*,#2781,.F.);
#2783=EDGE_LOOP('',(#2780,#2782));
#2784=FACE_BOUND('',#2783,.F.);
#2786=ORIENTED_EDGE('',*,*,#2785,.F.);
#2788=ORIENTED_EDGE('',*,*,#2787,.F.);
#2789=EDGE_LOOP('',(#2786,#2788));
#2790=FACE_BOUND('',#2789,.F.);
#2792=ORIENTED_EDGE('',*,*,#2791,.F.);
#2794=ORIENTED_EDGE('',*,*,#2793,.F.);
#2795=EDGE_LOOP('',(#2792,#2794));
#2796=FACE_BOUND('',#2795,.F.);
#2798=ORIENTED_EDGE('',*,*,#2797,.F.);
#2800=ORIENTED_EDGE('',*,*,#2799,.F.);
#2801=EDGE_LOOP('',(#2798,#2800));
#2802=FACE_BOUND('',#2801,.F.);
#2804=ORIENTED_EDGE('',*,*,#2803,.F.);
#2806=ORIENTED_EDGE('',*,*,#2805,.F.);
#2807=EDGE_LOOP('',(#2804,#2806));
#2808=FACE_BOUND('',#2807,.F.);
#2810=ORIENTED_EDGE('',*,*,#2809,.F.);
#2812=ORIENTED_EDGE('',*,*,#2811,.F.);
#2813=EDGE_LOOP('',(#2810,#2812));
#2814=FACE_BOUND('',#2813,.F.);
#2816=ORIENTED_EDGE('',*,*,#2815,.F.);
#2818=ORIENTED_EDGE('',*,*,#2817,.F.);
#2819=EDGE_LOOP('',(#2816,#2818));
#2820=FACE_BOUND('',#2819,.F.);
#2822=ORIENTED_EDGE('',*,*,#2821,.F.);
#2824=ORIENTED_EDGE('',*,*,#2823,.F.);
#2825=EDGE_LOOP('',(#2822,#2824));
#2826=FACE_BOUND('',#2825,.F.);
#2828=ORIENTED_EDGE('',*,*,#2827,.F.);
#2830=ORIENTED_EDGE('',*,*,#2829,.F.);
#2831=EDGE_LOOP('',(#2828,#2830));
#2832=FACE_BOUND('',#2831,.F.);
#2834=ORIENTED_EDGE('',*,*,#2833,.F.);
#2836=ORIENTED_EDGE('',*,*,#2835,.F.);
#2837=EDGE_LOOP('',(#2834,#2836));
#2838=FACE_BOUND('',#2837,.F.);
#2840=ORIENTED_EDGE('',*,*,#2839,.F.);
#2842=ORIENTED_EDGE('',*,*,#2841,.F.);
#2843=EDGE_LOOP('',(#2840,#2842));
#2844=FACE_BOUND('',#2843,.F.);
#2846=ORIENTED_EDGE('',*,*,#2845,.F.);
#2848=ORIENTED_EDGE('',*,*,#2847,.F.);
#2849=EDGE_LOOP('',(#2846,#2848));
#2850=FACE_BOUND('',#2849,.F.);
#2852=ORIENTED_EDGE('',*,*,#2851,.F.);
#2854=ORIENTED_EDGE('',*,*,#2853,.F.);
#2855=EDGE_LOOP('',(#2852,#2854));
#2856=FACE_BOUND('',#2855,.F.);
#2858=ORIENTED_EDGE('',*,*,#2857,.F.);
#2860=ORIENTED_EDGE('',*,*,#2859,.F.);
#2861=EDGE_LOOP('',(#2858,#2860));
#2862=FACE_BOUND('',#2861,.F.);
#2864=ORIENTED_EDGE('',*,*,#2863,.F.);
#2866=ORIENTED_EDGE('',*,*,#2865,.F.);
#2867=EDGE_LOOP('',(#2864,#2866));
#2868=FACE_BOUND('',#2867,.F.);
#2870=ORIENTED_EDGE('',*,*,#2869,.F.);
#2872=ORIENTED_EDGE('',*,*,#2871,.F.);
#2873=EDGE_LOOP('',(#2870,#2872));
#2874=FACE_BOUND('',#2873,.F.);
#2876=ORIENTED_EDGE('',*,*,#2875,.F.);
#2878=ORIENTED_EDGE('',*,*,#2877,.F.);
#2879=EDGE_LOOP('',(#2876,#2878));
#2880=FACE_BOUND('',#2879,.F.);
#2882=ORIENTED_EDGE('',*,*,#2881,.F.);
#2884=ORIENTED_EDGE('',*,*,#2883,.F.);
#2885=EDGE_LOOP('',(#2882,#2884));
#2886=FACE_BOUND('',#2885,.F.);
#2888=ORIENTED_EDGE('',*,*,#2887,.F.);
#2890=ORIENTED_EDGE('',*,*,#2889,.F.);
#2891=EDGE_LOOP('',(#2888,#2890));
#2892=FACE_BOUND('',#2891,.F.);
#2894=ORIENTED_EDGE('',*,*,#2893,.F.);
#2896=ORIENTED_EDGE('',*,*,#2895,.F.);
#2897=EDGE_LOOP('',(#2894,#2896));
#2898=FACE_BOUND('',#2897,.F.);
#2900=ORIENTED_EDGE('',*,*,#2899,.F.);
#2902=ORIENTED_EDGE('',*,*,#2901,.F.);
#2903=EDGE_LOOP('',(#2900,#2902));
#2904=FACE_BOUND('',#2903,.F.);
#2906=ORIENTED_EDGE('',*,*,#2905,.F.);
#2908=ORIENTED_EDGE('',*,*,#2907,.F.);
#2909=EDGE_LOOP('',(#2906,#2908));
#2910=FACE_BOUND('',#2909,.F.);
#2912=ORIENTED_EDGE('',*,*,#2911,.F.);
#2914=ORIENTED_EDGE('',*,*,#2913,.F.);
#2915=EDGE_LOOP('',(#2912,#2914));
#2916=FACE_BOUND('',#2915,.F.);
#2918=ORIENTED_EDGE('',*,*,#2917,.F.);
#2920=ORIENTED_EDGE('',*,*,#2919,.F.);
#2921=EDGE_LOOP('',(#2918,#2920));
#2922=FACE_BOUND('',#2921,.F.);
#2924=ORIENTED_EDGE('',*,*,#2923,.F.);
#2926=ORIENTED_EDGE('',*,*,#2925,.F.);
#2927=EDGE_LOOP('',(#2924,#2926));
#2928=FACE_BOUND('',#2927,.F.);
#2930=ORIENTED_EDGE('',*,*,#2929,.F.);
#2932=ORIENTED_EDGE('',*,*,#2931,.F.);
#2933=EDGE_LOOP('',(#2930,#2932));
#2934=FACE_BOUND('',#2933,.F.);
#2936=ORIENTED_EDGE('',*,*,#2935,.F.);
#2938=ORIENTED_EDGE('',*,*,#2937,.F.);
#2939=EDGE_LOOP('',(#2936,#2938));
#2940=FACE_BOUND('',#2939,.F.);
#2941=ADVANCED_FACE('',(#2700,#2706,#2712,#2718,#2724,#2730,#2736,#2742,#2748,
#2754,#2760,#2766,#2772,#2778,#2784,#2790,#2796,#2802,#2808,#2814,#2820,#2826,
#2832,#2838,#2844,#2850,#2856,#2862,#2868,#2874,#2880,#2886,#2892,#2898,#2904,
#2910,#2916,#2922,#2928,#2934,#2940),#2603,.T.);
#2942=CARTESIAN_POINT('',(0.E0,0.E0,5.E0));
#2943=DIRECTION('',(0.E0,0.E0,-1.E0));
#2944=DIRECTION('',(-1.E0,0.E0,0.E0));
#2945=AXIS2_PLACEMENT_3D('',#2942,#2943,#2944);
#2946=CYLINDRICAL_SURFACE('',#2945,1.5E1);
#2947=ORIENTED_EDGE('',*,*,#2573,.T.);
#2949=ORIENTED_EDGE('',*,*,#2948,.T.);
#2950=ORIENTED_EDGE('',*,*,#2815,.T.);
#2952=ORIENTED_EDGE('',*,*,#2951,.F.);
#2953=EDGE_LOOP('',(#2947,#2949,#2950,#2952));
#2954=FACE_OUTER_BOUND('',#2953,.F.);
#2955=ADVANCED_FACE('',(#2954),#2946,.F.);
#2956=CARTESIAN_POINT('',(0.E0,0.E0,5.E0));
#2957=DIRECTION('',(0.E0,0.E0,-1.E0));
#2958=DIRECTION('',(-1.E0,0.E0,0.E0));
#2959=AXIS2_PLACEMENT_3D('',#2956,#2957,#2958);
#2960=CYLINDRICAL_SURFACE('',#2959,1.5E1);
#2961=ORIENTED_EDGE('',*,*,#2571,.T.);
#2962=ORIENTED_EDGE('',*,*,#2951,.T.);
#2963=ORIENTED_EDGE('',*,*,#2817,.T.);
#2964=ORIENTED_EDGE('',*,*,#2948,.F.);
#2965=EDGE_LOOP('',(#2961,#2962,#2963,#2964));
#2966=FACE_OUTER_BOUND('',#2965,.F.);
#2967=ADVANCED_FACE('',(#2966),#2960,.F.);
#2968=CARTESIAN_POINT('',(3.303460969083E1,-9.217622392719E0,5.E0));
#2969=DIRECTION('',(0.E0,0.E0,-1.E0));
#2970=DIRECTION('',(-1.E0,0.E0,0.E0));
#2971=AXIS2_PLACEMENT_3D('',#2968,#2969,#2970);
#2972=CYLINDRICAL_SURFACE('',#2971,2.E0);
#2973=ORIENTED_EDGE('',*,*,#2561,.T.);
#2975=ORIENTED_EDGE('',*,*,#2974,.T.);
#2976=ORIENTED_EDGE('',*,*,#2701,.T.);
#2978=ORIENTED_EDGE('',*,*,#2977,.F.);
#2979=EDGE_LOOP('',(#2973,#2975,#2976,#2978));
#2980=FACE_OUTER_BOUND('',#2979,.F.);
#2981=ADVANCED_FACE('',(#2980),#2972,.F.);
#2982=CARTESIAN_POINT('',(3.303460969083E1,-9.217622392719E0,5.E0));
#2983=DIRECTION('',(0.E0,0.E0,-1.E0));
#2984=DIRECTION('',(-1.E0,0.E0,0.E0));
#2985=AXIS2_PLACEMENT_3D('',#2982,#2983,#2984);
#2986=CYLINDRICAL_SURFACE('',#2985,2.E0);
#2987=ORIENTED_EDGE('',*,*,#2559,.T.);
#2988=ORIENTED_EDGE('',*,*,#2977,.T.);
#2989=ORIENTED_EDGE('',*,*,#2703,.T.);
#2990=ORIENTED_EDGE('',*,*,#2974,.F.);
#2991=EDGE_LOOP('',(#2987,#2988,#2989,#2990));
#2992=FACE_OUTER_BOUND('',#2991,.F.);
#2993=ADVANCED_FACE('',(#2992),#2986,.F.);
#2994=CARTESIAN_POINT('',(4.169486372867E1,-4.217622392719E0,5.E0));
#2995=DIRECTION('',(0.E0,0.E0,-1.E0));
#2996=DIRECTION('',(-1.E0,0.E0,0.E0));
#2997=AXIS2_PLACEMENT_3D('',#2994,#2995,#2996);
#2998=CYLINDRICAL_SURFACE('',#2997,2.E0);
#2999=ORIENTED_EDGE('',*,*,#2549,.T.);
#3001=ORIENTED_EDGE('',*,*,#3000,.T.);
#3002=ORIENTED_EDGE('',*,*,#2707,.T.);
#3004=ORIENTED_EDGE('',*,*,#3003,.F.);
#3005=EDGE_LOOP('',(#2999,#3001,#3002,#3004));
#3006=FACE_OUTER_BOUND('',#3005,.F.);
#3007=ADVANCED_FACE('',(#3006),#2998,.F.);
#3008=CARTESIAN_POINT('',(4.169486372867E1,-4.217622392719E0,5.E0));
#3009=DIRECTION('',(0.E0,0.E0,-1.E0));
#3010=DIRECTION('',(-1.E0,0.E0,0.E0));
#3011=AXIS2_PLACEMENT_3D('',#3008,#3009,#3010);
#3012=CYLINDRICAL_SURFACE('',#3011,2.E0);
#3013=ORIENTED_EDGE('',*,*,#2547,.T.);
#3014=ORIENTED_EDGE('',*,*,#3003,.T.);
#3015=ORIENTED_EDGE('',*,*,#2709,.T.);
#3016=ORIENTED_EDGE('',*,*,#3000,.F.);
#3017=EDGE_LOOP('',(#3013,#3014,#3015,#3016));
#3018=FACE_OUTER_BOUND('',#3017,.F.);
#3019=ADVANCED_FACE('',(#3018),#3012,.F.);
#3020=CARTESIAN_POINT('',(5.035511776652E1,7.823776072811E-1,5.E0));
#3021=DIRECTION('',(0.E0,0.E0,-1.E0));
#3022=DIRECTION('',(-1.E0,0.E0,0.E0));
#3023=AXIS2_PLACEMENT_3D('',#3020,#3021,#3022);
#3024=CYLINDRICAL_SURFACE('',#3023,2.E0);
#3025=ORIENTED_EDGE('',*,*,#2537,.T.);
#3027=ORIENTED_EDGE('',*,*,#3026,.T.);
#3028=ORIENTED_EDGE('',*,*,#2713,.T.);
#3030=ORIENTED_EDGE('',*,*,#3029,.F.);
#3031=EDGE_LOOP('',(#3025,#3027,#3028,#3030));
#3032=FACE_OUTER_BOUND('',#3031,.F.);
#3033=ADVANCED_FACE('',(#3032),#3024,.F.);
#3034=CARTESIAN_POINT('',(5.035511776652E1,7.823776072811E-1,5.E0));
#3035=DIRECTION('',(0.E0,0.E0,-1.E0));
#3036=DIRECTION('',(-1.E0,0.E0,0.E0));
#3037=AXIS2_PLACEMENT_3D('',#3034,#3035,#3036);
#3038=CYLINDRICAL_SURFACE('',#3037,2.E0);
#3039=ORIENTED_EDGE('',*,*,#2535,.T.);
#3040=ORIENTED_EDGE('',*,*,#3029,.T.);
#3041=ORIENTED_EDGE('',*,*,#2715,.T.);
#3042=ORIENTED_EDGE('',*,*,#3026,.F.);
#3043=EDGE_LOOP('',(#3039,#3040,#3041,#3042));
#3044=FACE_OUTER_BOUND('',#3043,.F.);
#3045=ADVANCED_FACE('',(#3044),#3038,.F.);
#3046=CARTESIAN_POINT('',(3.018524478544E1,4.571762239272E1,5.E0));
#3047=DIRECTION('',(0.E0,0.E0,-1.E0));
#3048=DIRECTION('',(-1.E0,0.E0,0.E0));
#3049=AXIS2_PLACEMENT_3D('',#3046,#3047,#3048);
#3050=CYLINDRICAL_SURFACE('',#3049,2.E0);
#3051=ORIENTED_EDGE('',*,*,#2525,.T.);
#3053=ORIENTED_EDGE('',*,*,#3052,.T.);
#3054=ORIENTED_EDGE('',*,*,#2719,.T.);
#3056=ORIENTED_EDGE('',*,*,#3055,.F.);
#3057=EDGE_LOOP('',(#3051,#3053,#3054,#3056));
#3058=FACE_OUTER_BOUND('',#3057,.F.);
#3059=ADVANCED_FACE('',(#3058),#3050,.F.);
#3060=CARTESIAN_POINT('',(3.018524478544E1,4.571762239272E1,5.E0));
#3061=DIRECTION('',(0.E0,0.E0,-1.E0));
#3062=DIRECTION('',(-1.E0,0.E0,0.E0));
#3063=AXIS2_PLACEMENT_3D('',#3060,#3061,#3062);
#3064=CYLINDRICAL_SURFACE('',#3063,2.E0);
#3065=ORIENTED_EDGE('',*,*,#2523,.T.);
#3066=ORIENTED_EDGE('',*,*,#3055,.T.);
#3067=ORIENTED_EDGE('',*,*,#2721,.T.);
#3068=ORIENTED_EDGE('',*,*,#3052,.F.);
#3069=EDGE_LOOP('',(#3065,#3066,#3067,#3068));
#3070=FACE_OUTER_BOUND('',#3069,.F.);
#3071=ADVANCED_FACE('',(#3070),#3064,.F.);
#3072=CARTESIAN_POINT('',(2.152499074759E1,4.071762239272E1,5.E0));
#3073=DIRECTION('',(0.E0,0.E0,-1.E0));
#3074=DIRECTION('',(-1.E0,0.E0,0.E0));
#3075=AXIS2_PLACEMENT_3D('',#3072,#3073,#3074);
#3076=CYLINDRICAL_SURFACE('',#3075,2.E0);
#3077=ORIENTED_EDGE('',*,*,#2513,.T.);
#3079=ORIENTED_EDGE('',*,*,#3078,.T.);
#3080=ORIENTED_EDGE('',*,*,#2725,.T.);
#3082=ORIENTED_EDGE('',*,*,#3081,.F.);
#3083=EDGE_LOOP('',(#3077,#3079,#3080,#3082));
#3084=FACE_OUTER_BOUND('',#3083,.F.);
#3085=ADVANCED_FACE('',(#3084),#3076,.F.);
#3086=CARTESIAN_POINT('',(2.152499074759E1,4.071762239272E1,5.E0));
#3087=DIRECTION('',(0.E0,0.E0,-1.E0));
#3088=DIRECTION('',(-1.E0,0.E0,0.E0));
#3089=AXIS2_PLACEMENT_3D('',#3086,#3087,#3088);
#3090=CYLINDRICAL_SURFACE('',#3089,2.E0);
#3091=ORIENTED_EDGE('',*,*,#2511,.T.);
#3092=ORIENTED_EDGE('',*,*,#3081,.T.);
#3093=ORIENTED_EDGE('',*,*,#2727,.T.);
#3094=ORIENTED_EDGE('',*,*,#3078,.F.);
#3095=EDGE_LOOP('',(#3091,#3092,#3093,#3094));
#3096=FACE_OUTER_BOUND('',#3095,.F.);
#3097=ADVANCED_FACE('',(#3096),#3090,.F.);
#3098=CARTESIAN_POINT('',(1.286473670975E1,3.571762239272E1,5.E0));
#3099=DIRECTION('',(0.E0,0.E0,-1.E0));
#3100=DIRECTION('',(-1.E0,0.E0,0.E0));
#3101=AXIS2_PLACEMENT_3D('',#3098,#3099,#3100);
#3102=CYLINDRICAL_SURFACE('',#3101,2.E0);
#3103=ORIENTED_EDGE('',*,*,#2501,.T.);
#3105=ORIENTED_EDGE('',*,*,#3104,.T.);
#3106=ORIENTED_EDGE('',*,*,#2731,.T.);
#3108=ORIENTED_EDGE('',*,*,#3107,.F.);
#3109=EDGE_LOOP('',(#3103,#3105,#3106,#3108));
#3110=FACE_OUTER_BOUND('',#3109,.F.);
#3111=ADVANCED_FACE('',(#3110),#3102,.F.);
#3112=CARTESIAN_POINT('',(1.286473670975E1,3.571762239272E1,5.E0));
#3113=DIRECTION('',(0.E0,0.E0,-1.E0));
#3114=DIRECTION('',(-1.E0,0.E0,0.E0));
#3115=AXIS2_PLACEMENT_3D('',#3112,#3113,#3114);
#3116=CYLINDRICAL_SURFACE('',#3115,2.E0);
#3117=ORIENTED_EDGE('',*,*,#2499,.T.);
#3118=ORIENTED_EDGE('',*,*,#3107,.T.);
#3119=ORIENTED_EDGE('',*,*,#2733,.T.);
#3120=ORIENTED_EDGE('',*,*,#3104,.F.);
#3121=EDGE_LOOP('',(#3117,#3118,#3119,#3120));
#3122=FACE_OUTER_BOUND('',#3121,.F.);
#3123=ADVANCED_FACE('',(#3122),#3116,.F.);
#3124=CARTESIAN_POINT('',(-8.534609690827E0,3.321762239272E1,5.E0));
#3125=DIRECTION('',(0.E0,0.E0,-1.E0));
#3126=DIRECTION('',(-1.E0,0.E0,0.E0));
#3127=AXIS2_PLACEMENT_3D('',#3124,#3125,#3126);
#3128=CYLINDRICAL_SURFACE('',#3127,2.E0);
#3129=ORIENTED_EDGE('',*,*,#2489,.T.);
#3131=ORIENTED_EDGE('',*,*,#3130,.T.);
#3132=ORIENTED_EDGE('',*,*,#2737,.T.);
#3134=ORIENTED_EDGE('',*,*,#3133,.F.);
#3135=EDGE_LOOP('',(#3129,#3131,#3132,#3134));
#3136=FACE_OUTER_BOUND('',#3135,.F.);
#3137=ADVANCED_FACE('',(#3136),#3128,.F.);
#3138=CARTESIAN_POINT('',(-8.534609690827E0,3.321762239272E1,5.E0));
#3139=DIRECTION('',(0.E0,0.E0,-1.E0));
#3140=DIRECTION('',(-1.E0,0.E0,0.E0));
#3141=AXIS2_PLACEMENT_3D('',#3138,#3139,#3140);
#3142=CYLINDRICAL_SURFACE('',#3141,2.E0);
#3143=ORIENTED_EDGE('',*,*,#2487,.T.);
#3144=ORIENTED_EDGE('',*,*,#3133,.T.);
#3145=ORIENTED_EDGE('',*,*,#2739,.T.);
#3146=ORIENTED_EDGE('',*,*,#3130,.F.);
#3147=EDGE_LOOP('',(#3143,#3144,#3145,#3146));
#3148=FACE_OUTER_BOUND('',#3147,.F.);
#3149=ADVANCED_FACE('',(#3148),#3142,.F.);
#3150=CARTESIAN_POINT('',(-1.719486372867E1,3.821762239272E1,5.E0));
#3151=DIRECTION('',(0.E0,0.E0,-1.E0));
#3152=DIRECTION('',(-1.E0,0.E0,0.E0));
#3153=AXIS2_PLACEMENT_3D('',#3150,#3151,#3152);
#3154=CYLINDRICAL_SURFACE('',#3153,2.E0);
#3155=ORIENTED_EDGE('',*,*,#2477,.T.);
#3157=ORIENTED_EDGE('',*,*,#3156,.T.);
#3158=ORIENTED_EDGE('',*,*,#2743,.T.);
#3160=ORIENTED_EDGE('',*,*,#3159,.F.);
#3161=EDGE_LOOP('',(#3155,#3157,#3158,#3160));
#3162=FACE_OUTER_BOUND('',#3161,.F.);
#3163=ADVANCED_FACE('',(#3162),#3154,.F.);
#3164=CARTESIAN_POINT('',(-1.719486372867E1,3.821762239272E1,5.E0));
#3165=DIRECTION('',(0.E0,0.E0,-1.E0));
#3166=DIRECTION('',(-1.E0,0.E0,0.E0));
#3167=AXIS2_PLACEMENT_3D('',#3164,#3165,#3166);
#3168=CYLINDRICAL_SURFACE('',#3167,2.E0);
#3169=ORIENTED_EDGE('',*,*,#2475,.T.);
#3170=ORIENTED_EDGE('',*,*,#3159,.T.);
#3171=ORIENTED_EDGE('',*,*,#2745,.T.);
#3172=ORIENTED_EDGE('',*,*,#3156,.F.);
#3173=EDGE_LOOP('',(#3169,#3170,#3171,#3172));
#3174=FACE_OUTER_BOUND('',#3173,.F.);
#3175=ADVANCED_FACE('',(#3174),#3168,.F.);
#3176=CARTESIAN_POINT('',(-2.585511776652E1,4.321762239272E1,5.E0));
#3177=DIRECTION('',(0.E0,0.E0,-1.E0));
#3178=DIRECTION('',(-1.E0,0.E0,0.E0));
#3179=AXIS2_PLACEMENT_3D('',#3176,#3177,#3178);
#3180=CYLINDRICAL_SURFACE('',#3179,2.E0);
#3181=ORIENTED_EDGE('',*,*,#2465,.T.);
#3183=ORIENTED_EDGE('',*,*,#3182,.T.);
#3184=ORIENTED_EDGE('',*,*,#2749,.T.);
#3186=ORIENTED_EDGE('',*,*,#3185,.F.);
#3187=EDGE_LOOP('',(#3181,#3183,#3184,#3186));
#3188=FACE_OUTER_BOUND('',#3187,.F.);
#3189=ADVANCED_FACE('',(#3188),#3180,.F.);
#3190=CARTESIAN_POINT('',(-2.585511776652E1,4.321762239272E1,5.E0));
#3191=DIRECTION('',(0.E0,0.E0,-1.E0));
#3192=DIRECTION('',(-1.E0,0.E0,0.E0));
#3193=AXIS2_PLACEMENT_3D('',#3190,#3191,#3192);
#3194=CYLINDRICAL_SURFACE('',#3193,2.E0);
#3195=ORIENTED_EDGE('',*,*,#2463,.T.);
#3196=ORIENTED_EDGE('',*,*,#3185,.T.);
#3197=ORIENTED_EDGE('',*,*,#2751,.T.);
#3198=ORIENTED_EDGE('',*,*,#3182,.F.);
#3199=EDGE_LOOP('',(#3195,#3196,#3197,#3198));
#3200=FACE_OUTER_BOUND('',#3199,.F.);
#3201=ADVANCED_FACE('',(#3200),#3194,.F.);
#3202=CARTESIAN_POINT('',(-5.468524478544E1,3.282377607281E0,5.E0));
#3203=DIRECTION('',(0.E0,0.E0,-1.E0));
#3204=DIRECTION('',(-1.E0,0.E0,0.E0));
#3205=AXIS2_PLACEMENT_3D('',#3202,#3203,#3204);
#3206=CYLINDRICAL_SURFACE('',#3205,2.E0);
#3207=ORIENTED_EDGE('',*,*,#2453,.T.);
#3209=ORIENTED_EDGE('',*,*,#3208,.T.);
#3210=ORIENTED_EDGE('',*,*,#2755,.T.);
#3212=ORIENTED_EDGE('',*,*,#3211,.F.);
#3213=EDGE_LOOP('',(#3207,#3209,#3210,#3212));
#3214=FACE_OUTER_BOUND('',#3213,.F.);
#3215=ADVANCED_FACE('',(#3214),#3206,.F.);
#3216=CARTESIAN_POINT('',(-5.468524478544E1,3.282377607281E0,5.E0));
#3217=DIRECTION('',(0.E0,0.E0,-1.E0));
#3218=DIRECTION('',(-1.E0,0.E0,0.E0));
#3219=AXIS2_PLACEMENT_3D('',#3216,#3217,#3218);
#3220=CYLINDRICAL_SURFACE('',#3219,2.E0);
#3221=ORIENTED_EDGE('',*,*,#2451,.T.);
#3222=ORIENTED_EDGE('',*,*,#3211,.T.);
#3223=ORIENTED_EDGE('',*,*,#2757,.T.);
#3224=ORIENTED_EDGE('',*,*,#3208,.F.);
#3225=EDGE_LOOP('',(#3221,#3222,#3223,#3224));
#3226=FACE_OUTER_BOUND('',#3225,.F.);
#3227=ADVANCED_FACE('',(#3226),#3220,.F.);
#3228=CARTESIAN_POINT('',(-4.602499074759E1,-1.717622392719E0,5.E0));
#3229=DIRECTION('',(0.E0,0.E0,-1.E0));
#3230=DIRECTION('',(-1.E0,0.E0,0.E0));
#3231=AXIS2_PLACEMENT_3D('',#3228,#3229,#3230);
#3232=CYLINDRICAL_SURFACE('',#3231,2.E0);
#3233=ORIENTED_EDGE('',*,*,#2441,.T.);
#3235=ORIENTED_EDGE('',*,*,#3234,.T.);
#3236=ORIENTED_EDGE('',*,*,#2761,.T.);
#3238=ORIENTED_EDGE('',*,*,#3237,.F.);
#3239=EDGE_LOOP('',(#3233,#3235,#3236,#3238));
#3240=FACE_OUTER_BOUND('',#3239,.F.);
#3241=ADVANCED_FACE('',(#3240),#3232,.F.);
#3242=CARTESIAN_POINT('',(-4.602499074759E1,-1.717622392719E0,5.E0));
#3243=DIRECTION('',(0.E0,0.E0,-1.E0));
#3244=DIRECTION('',(-1.E0,0.E0,0.E0));
#3245=AXIS2_PLACEMENT_3D('',#3242,#3243,#3244);
#3246=CYLINDRICAL_SURFACE('',#3245,2.E0);
#3247=ORIENTED_EDGE('',*,*,#2439,.T.);
#3248=ORIENTED_EDGE('',*,*,#3237,.T.);
#3249=ORIENTED_EDGE('',*,*,#2763,.T.);
#3250=ORIENTED_EDGE('',*,*,#3234,.F.);
#3251=EDGE_LOOP('',(#3247,#3248,#3249,#3250));
#3252=FACE_OUTER_BOUND('',#3251,.F.);
#3253=ADVANCED_FACE('',(#3252),#3246,.F.);
#3254=CARTESIAN_POINT('',(-3.736473670975E1,-6.717622392719E0,5.E0));
#3255=DIRECTION('',(0.E0,0.E0,-1.E0));
#3256=DIRECTION('',(-1.E0,0.E0,0.E0));
#3257=AXIS2_PLACEMENT_3D('',#3254,#3255,#3256);
#3258=CYLINDRICAL_SURFACE('',#3257,2.E0);
#3259=ORIENTED_EDGE('',*,*,#2429,.T.);
#3261=ORIENTED_EDGE('',*,*,#3260,.T.);
#3262=ORIENTED_EDGE('',*,*,#2767,.T.);
#3264=ORIENTED_EDGE('',*,*,#3263,.F.);
#3265=EDGE_LOOP('',(#3259,#3261,#3262,#3264));
#3266=FACE_OUTER_BOUND('',#3265,.F.);
#3267=ADVANCED_FACE('',(#3266),#3258,.F.);
#3268=CARTESIAN_POINT('',(-3.736473670975E1,-6.717622392719E0,5.E0));
#3269=DIRECTION('',(0.E0,0.E0,-1.E0));
#3270=DIRECTION('',(-1.E0,0.E0,0.E0));
#3271=AXIS2_PLACEMENT_3D('',#3268,#3269,#3270);
#3272=CYLINDRICAL_SURFACE('',#3271,2.E0);
#3273=ORIENTED_EDGE('',*,*,#2427,.T.);
#3274=ORIENTED_EDGE('',*,*,#3263,.T.);
#3275=ORIENTED_EDGE('',*,*,#2769,.T.);
#3276=ORIENTED_EDGE('',*,*,#3260,.F.);
#3277=EDGE_LOOP('',(#3273,#3274,#3275,#3276));
#3278=FACE_OUTER_BOUND('',#3277,.F.);
#3279=ADVANCED_FACE('',(#3278),#3272,.F.);
#3280=CARTESIAN_POINT('',(0.E0,2.E1,5.E0));
#3281=DIRECTION('',(0.E0,0.E0,-1.E0));
#3282=DIRECTION('',(-1.E0,0.E0,0.E0));
#3283=AXIS2_PLACEMENT_3D('',#3280,#3281,#3282);
#3284=CYLINDRICAL_SURFACE('',#3283,2.E0);
#3285=ORIENTED_EDGE('',*,*,#2417,.T.);
#3287=ORIENTED_EDGE('',*,*,#3286,.T.);
#3288=ORIENTED_EDGE('',*,*,#2773,.T.);
#3290=ORIENTED_EDGE('',*,*,#3289,.F.);
#3291=EDGE_LOOP('',(#3285,#3287,#3288,#3290));
#3292=FACE_OUTER_BOUND('',#3291,.F.);
#3293=ADVANCED_FACE('',(#3292),#3284,.F.);
#3294=CARTESIAN_POINT('',(0.E0,2.E1,5.E0));
#3295=DIRECTION('',(0.E0,0.E0,-1.E0));
#3296=DIRECTION('',(-1.E0,0.E0,0.E0));
#3297=AXIS2_PLACEMENT_3D('',#3294,#3295,#3296);
#3298=CYLINDRICAL_SURFACE('',#3297,2.E0);
#3299=ORIENTED_EDGE('',*,*,#2415,.T.);
#3300=ORIENTED_EDGE('',*,*,#3289,.T.);
#3301=ORIENTED_EDGE('',*,*,#2775,.T.);
#3302=ORIENTED_EDGE('',*,*,#3286,.F.);
#3303=EDGE_LOOP('',(#3299,#3300,#3301,#3302));
#3304=FACE_OUTER_BOUND('',#3303,.F.);
#3305=ADVANCED_FACE('',(#3304),#3298,.F.);
#3306=CARTESIAN_POINT('',(-2.45E1,-2.9E1,5.E0));
#3307=DIRECTION('',(0.E0,0.E0,-1.E0));
#3308=DIRECTION('',(-1.E0,0.E0,0.E0));
#3309=AXIS2_PLACEMENT_3D('',#3306,#3307,#3308);
#3310=CYLINDRICAL_SURFACE('',#3309,2.E0);
#3311=ORIENTED_EDGE('',*,*,#2405,.T.);
#3313=ORIENTED_EDGE('',*,*,#3312,.T.);
#3314=ORIENTED_EDGE('',*,*,#2779,.T.);
#3316=ORIENTED_EDGE('',*,*,#3315,.F.);
#3317=EDGE_LOOP('',(#3311,#3313,#3314,#3316));
#3318=FACE_OUTER_BOUND('',#3317,.F.);
#3319=ADVANCED_FACE('',(#3318),#3310,.F.);
#3320=CARTESIAN_POINT('',(-2.45E1,-2.9E1,5.E0));
#3321=DIRECTION('',(0.E0,0.E0,-1.E0));
#3322=DIRECTION('',(-1.E0,0.E0,0.E0));
#3323=AXIS2_PLACEMENT_3D('',#3320,#3321,#3322);
#3324=CYLINDRICAL_SURFACE('',#3323,2.E0);
#3325=ORIENTED_EDGE('',*,*,#2403,.T.);
#3326=ORIENTED_EDGE('',*,*,#3315,.T.);
#3327=ORIENTED_EDGE('',*,*,#2781,.T.);
#3328=ORIENTED_EDGE('',*,*,#3312,.F.);
#3329=EDGE_LOOP('',(#3325,#3326,#3327,#3328));
#3330=FACE_OUTER_BOUND('',#3329,.F.);
#3331=ADVANCED_FACE('',(#3330),#3324,.F.);
#3332=CARTESIAN_POINT('',(-2.45E1,-3.9E1,5.E0));
#3333=DIRECTION('',(0.E0,0.E0,-1.E0));
#3334=DIRECTION('',(-1.E0,0.E0,0.E0));
#3335=AXIS2_PLACEMENT_3D('',#3332,#3333,#3334);
#3336=CYLINDRICAL_SURFACE('',#3335,2.E0);
#3337=ORIENTED_EDGE('',*,*,#2393,.T.);
#3339=ORIENTED_EDGE('',*,*,#3338,.T.);
#3340=ORIENTED_EDGE('',*,*,#2785,.T.);
#3342=ORIENTED_EDGE('',*,*,#3341,.F.);
#3343=EDGE_LOOP('',(#3337,#3339,#3340,#3342));
#3344=FACE_OUTER_BOUND('',#3343,.F.);
#3345=ADVANCED_FACE('',(#3344),#3336,.F.);
#3346=CARTESIAN_POINT('',(-2.45E1,-3.9E1,5.E0));
#3347=DIRECTION('',(0.E0,0.E0,-1.E0));
#3348=DIRECTION('',(-1.E0,0.E0,0.E0));
#3349=AXIS2_PLACEMENT_3D('',#3346,#3347,#3348);
#3350=CYLINDRICAL_SURFACE('',#3349,2.E0);
#3351=ORIENTED_EDGE('',*,*,#2391,.T.);
#3352=ORIENTED_EDGE('',*,*,#3341,.T.);
#3353=ORIENTED_EDGE('',*,*,#2787,.T.);
#3354=ORIENTED_EDGE('',*,*,#3338,.F.);
#3355=EDGE_LOOP('',(#3351,#3352,#3353,#3354));
#3356=FACE_OUTER_BOUND('',#3355,.F.);
#3357=ADVANCED_FACE('',(#3356),#3350,.F.);
#3358=CARTESIAN_POINT('',(-2.45E1,-4.9E1,5.E0));
#3359=DIRECTION('',(0.E0,0.E0,-1.E0));
#3360=DIRECTION('',(-1.E0,0.E0,0.E0));
#3361=AXIS2_PLACEMENT_3D('',#3358,#3359,#3360);
#3362=CYLINDRICAL_SURFACE('',#3361,2.E0);
#3363=ORIENTED_EDGE('',*,*,#2381,.T.);
#3365=ORIENTED_EDGE('',*,*,#3364,.T.);
#3366=ORIENTED_EDGE('',*,*,#2791,.T.);
#3368=ORIENTED_EDGE('',*,*,#3367,.F.);
#3369=EDGE_LOOP('',(#3363,#3365,#3366,#3368));
#3370=FACE_OUTER_BOUND('',#3369,.F.);
#3371=ADVANCED_FACE('',(#3370),#3362,.F.);
#3372=CARTESIAN_POINT('',(-2.45E1,-4.9E1,5.E0));
#3373=DIRECTION('',(0.E0,0.E0,-1.E0));
#3374=DIRECTION('',(-1.E0,0.E0,0.E0));
#3375=AXIS2_PLACEMENT_3D('',#3372,#3373,#3374);
#3376=CYLINDRICAL_SURFACE('',#3375,2.E0);
#3377=ORIENTED_EDGE('',*,*,#2379,.T.);
#3378=ORIENTED_EDGE('',*,*,#3367,.T.);
#3379=ORIENTED_EDGE('',*,*,#2793,.T.);
#3380=ORIENTED_EDGE('',*,*,#3364,.F.);
#3381=EDGE_LOOP('',(#3377,#3378,#3379,#3380));
#3382=FACE_OUTER_BOUND('',#3381,.F.);
#3383=ADVANCED_FACE('',(#3382),#3376,.F.);
#3384=CARTESIAN_POINT('',(2.45E1,-4.4E1,5.E0));
#3385=DIRECTION('',(0.E0,0.E0,-1.E0));
#3386=DIRECTION('',(-1.E0,0.E0,0.E0));
#3387=AXIS2_PLACEMENT_3D('',#3384,#3385,#3386);
#3388=CYLINDRICAL_SURFACE('',#3387,2.E0);
#3389=ORIENTED_EDGE('',*,*,#2369,.T.);
#3391=ORIENTED_EDGE('',*,*,#3390,.T.);
#3392=ORIENTED_EDGE('',*,*,#2797,.T.);
#3394=ORIENTED_EDGE('',*,*,#3393,.F.);
#3395=EDGE_LOOP('',(#3389,#3391,#3392,#3394));
#3396=FACE_OUTER_BOUND('',#3395,.F.);
#3397=ADVANCED_FACE('',(#3396),#3388,.F.);
#3398=CARTESIAN_POINT('',(2.45E1,-4.4E1,5.E0));
#3399=DIRECTION('',(0.E0,0.E0,-1.E0));
#3400=DIRECTION('',(-1.E0,0.E0,0.E0));
#3401=AXIS2_PLACEMENT_3D('',#3398,#3399,#3400);
#3402=CYLINDRICAL_SURFACE('',#3401,2.E0);
#3403=ORIENTED_EDGE('',*,*,#2367,.T.);
#3404=ORIENTED_EDGE('',*,*,#3393,.T.);
#3405=ORIENTED_EDGE('',*,*,#2799,.T.);
#3406=ORIENTED_EDGE('',*,*,#3390,.F.);
#3407=EDGE_LOOP('',(#3403,#3404,#3405,#3406));
#3408=FACE_OUTER_BOUND('',#3407,.F.);
#3409=ADVANCED_FACE('',(#3408),#3402,.F.);
#3410=CARTESIAN_POINT('',(2.45E1,-3.4E1,5.E0));
#3411=DIRECTION('',(0.E0,0.E0,-1.E0));
#3412=DIRECTION('',(-1.E0,0.E0,0.E0));
#3413=AXIS2_PLACEMENT_3D('',#3410,#3411,#3412);
#3414=CYLINDRICAL_SURFACE('',#3413,2.E0);
#3415=ORIENTED_EDGE('',*,*,#2357,.T.);
#3417=ORIENTED_EDGE('',*,*,#3416,.T.);
#3418=ORIENTED_EDGE('',*,*,#2803,.T.);
#3420=ORIENTED_EDGE('',*,*,#3419,.F.);
#3421=EDGE_LOOP('',(#3415,#3417,#3418,#3420));
#3422=FACE_OUTER_BOUND('',#3421,.F.);
#3423=ADVANCED_FACE('',(#3422),#3414,.F.);
#3424=CARTESIAN_POINT('',(2.45E1,-3.4E1,5.E0));
#3425=DIRECTION('',(0.E0,0.E0,-1.E0));
#3426=DIRECTION('',(-1.E0,0.E0,0.E0));
#3427=AXIS2_PLACEMENT_3D('',#3424,#3425,#3426);
#3428=CYLINDRICAL_SURFACE('',#3427,2.E0);
#3429=ORIENTED_EDGE('',*,*,#2355,.T.);
#3430=ORIENTED_EDGE('',*,*,#3419,.T.);
#3431=ORIENTED_EDGE('',*,*,#2805,.T.);
#3432=ORIENTED_EDGE('',*,*,#3416,.F.);
#3433=EDGE_LOOP('',(#3429,#3430,#3431,#3432));
#3434=FACE_OUTER_BOUND('',#3433,.F.);
#3435=ADVANCED_FACE('',(#3434),#3428,.F.);
#3436=CARTESIAN_POINT('',(2.45E1,-2.4E1,5.E0));
#3437=DIRECTION('',(0.E0,0.E0,-1.E0));
#3438=DIRECTION('',(-1.E0,0.E0,0.E0));
#3439=AXIS2_PLACEMENT_3D('',#3436,#3437,#3438);
#3440=CYLINDRICAL_SURFACE('',#3439,2.E0);
#3441=ORIENTED_EDGE('',*,*,#2345,.T.);
#3443=ORIENTED_EDGE('',*,*,#3442,.T.);
#3444=ORIENTED_EDGE('',*,*,#2809,.T.);
#3446=ORIENTED_EDGE('',*,*,#3445,.F.);
#3447=EDGE_LOOP('',(#3441,#3443,#3444,#3446));
#3448=FACE_OUTER_BOUND('',#3447,.F.);
#3449=ADVANCED_FACE('',(#3448),#3440,.F.);
#3450=CARTESIAN_POINT('',(2.45E1,-2.4E1,5.E0));
#3451=DIRECTION('',(0.E0,0.E0,-1.E0));
#3452=DIRECTION('',(-1.E0,0.E0,0.E0));
#3453=AXIS2_PLACEMENT_3D('',#3450,#3451,#3452);
#3454=CYLINDRICAL_SURFACE('',#3453,2.E0);
#3455=ORIENTED_EDGE('',*,*,#2343,.T.);
#3456=ORIENTED_EDGE('',*,*,#3445,.T.);
#3457=ORIENTED_EDGE('',*,*,#2811,.T.);
#3458=ORIENTED_EDGE('',*,*,#3442,.F.);
#3459=EDGE_LOOP('',(#3455,#3456,#3457,#3458));
#3460=FACE_OUTER_BOUND('',#3459,.F.);
#3461=ADVANCED_FACE('',(#3460),#3454,.F.);
#3462=CARTESIAN_POINT('',(-2.428612866368E-14,3.406366588219E1,5.E0));
#3463=DIRECTION('',(5.E-1,-8.660254037844E-1,0.E0));
#3464=DIRECTION('',(8.660254037844E-1,5.E-1,0.E0));
#3465=AXIS2_PLACEMENT_3D('',#3462,#3463,#3464);
#3466=PLANE('',#3465);
#3467=ORIENTED_EDGE('',*,*,#2604,.T.);
#3469=ORIENTED_EDGE('',*,*,#3468,.T.);
#3470=ORIENTED_EDGE('',*,*,#2337,.T.);
#3472=ORIENTED_EDGE('',*,*,#3471,.T.);
#3473=EDGE_LOOP('',(#3467,#3469,#3470,#3472));
#3474=FACE_OUTER_BOUND('',#3473,.F.);
#3475=ADVANCED_FACE('',(#3474),#3466,.F.);
#3476=CARTESIAN_POINT('',(3.091729559301E1,4.844967320029E1,5.E0));
#3477=DIRECTION('',(0.E0,0.E0,-1.E0));
#3478=DIRECTION('',(-1.E0,0.E0,0.E0));
#3479=AXIS2_PLACEMENT_3D('',#3476,#3477,#3478);
#3480=CYLINDRICAL_SURFACE('',#3479,3.E0);
#3481=ORIENTED_EDGE('',*,*,#2339,.T.);
#3482=ORIENTED_EDGE('',*,*,#3468,.F.);
#3483=ORIENTED_EDGE('',*,*,#2697,.T.);
#3484=ORIENTED_EDGE('',*,*,#2594,.F.);
#3485=EDGE_LOOP('',(#3481,#3482,#3483,#3484));
#3486=FACE_OUTER_BOUND('',#3485,.F.);
#3487=ADVANCED_FACE('',(#3486),#3480,.T.);
#3488=CARTESIAN_POINT('',(-2.775557561563E-14,3.752776749733E1,5.E0));
#3489=DIRECTION('',(0.E0,0.E0,1.E0));
#3490=DIRECTION('',(1.E0,0.E0,0.E0));
#3491=AXIS2_PLACEMENT_3D('',#3488,#3489,#3490);
#3492=CYLINDRICAL_SURFACE('',#3491,3.E0);
#3493=ORIENTED_EDGE('',*,*,#2335,.T.);
#3495=ORIENTED_EDGE('',*,*,#3494,.F.);
#3496=ORIENTED_EDGE('',*,*,#2606,.T.);
#3497=ORIENTED_EDGE('',*,*,#3471,.F.);
#3498=EDGE_LOOP('',(#3493,#3495,#3496,#3497));
#3499=FACE_OUTER_BOUND('',#3498,.F.);
#3500=ADVANCED_FACE('',(#3499),#3492,.F.);
#3501=CARTESIAN_POINT('',(-3.201537180436E1,5.254774941164E1,5.E0));
#3502=DIRECTION('',(-5.E-1,-8.660254037844E-1,0.E0));
#3503=DIRECTION('',(8.660254037844E-1,-5.E-1,0.E0));
#3504=AXIS2_PLACEMENT_3D('',#3501,#3502,#3503);
#3505=PLANE('',#3504);
#3506=ORIENTED_EDGE('',*,*,#2333,.T.);
#3508=ORIENTED_EDGE('',*,*,#3507,.T.);
#3509=ORIENTED_EDGE('',*,*,#2608,.T.);
#3510=ORIENTED_EDGE('',*,*,#3494,.T.);
#3511=EDGE_LOOP('',(#3506,#3508,#3509,#3510));
#3512=FACE_OUTER_BOUND('',#3511,.F.);
#3513=ADVANCED_FACE('',(#3512),#3505,.F.);
#3514=CARTESIAN_POINT('',(-3.091729559301E1,4.844967320029E1,5.E0));
#3515=DIRECTION('',(0.E0,0.E0,-1.E0));
#3516=DIRECTION('',(-1.E0,0.E0,0.E0));
#3517=AXIS2_PLACEMENT_3D('',#3514,#3515,#3516);
#3518=CYLINDRICAL_SURFACE('',#3517,3.E0);
#3519=ORIENTED_EDGE('',*,*,#2331,.T.);
#3521=ORIENTED_EDGE('',*,*,#3520,.F.);
#3522=ORIENTED_EDGE('',*,*,#2610,.T.);
#3523=ORIENTED_EDGE('',*,*,#3507,.F.);
#3524=EDGE_LOOP('',(#3519,#3521,#3522,#3523));
#3525=FACE_OUTER_BOUND('',#3524,.F.);
#3526=ADVANCED_FACE('',(#3525),#3518,.T.);
#3527=CARTESIAN_POINT('',(-3.701537180436E1,4.388749537380E1,5.E0));
#3528=DIRECTION('',(8.660254037844E-1,-5.E-1,0.E0));
#3529=DIRECTION('',(5.E-1,8.660254037844E-1,0.E0));
#3530=AXIS2_PLACEMENT_3D('',#3527,#3528,#3529);
#3531=PLANE('',#3530);
#3532=ORIENTED_EDGE('',*,*,#2329,.T.);
#3534=ORIENTED_EDGE('',*,*,#3533,.T.);
#3535=ORIENTED_EDGE('',*,*,#2612,.T.);
#3536=ORIENTED_EDGE('',*,*,#3520,.T.);
#3537=EDGE_LOOP('',(#3532,#3534,#3535,#3536));
#3538=FACE_OUTER_BOUND('',#3537,.F.);
#3539=ADVANCED_FACE('',(#3538),#3531,.F.);
#3540=CARTESIAN_POINT('',(-3.291729559301E1,4.498557158515E1,5.E0));
#3541=DIRECTION('',(0.E0,0.E0,-1.E0));
#3542=DIRECTION('',(-1.E0,0.E0,0.E0));
#3543=AXIS2_PLACEMENT_3D('',#3540,#3541,#3542);
#3544=CYLINDRICAL_SURFACE('',#3543,3.E0);
#3545=ORIENTED_EDGE('',*,*,#2325,.T.);
#3547=ORIENTED_EDGE('',*,*,#3546,.F.);
#3548=ORIENTED_EDGE('',*,*,#2616,.T.);
#3549=ORIENTED_EDGE('',*,*,#2614,.T.);
#3550=ORIENTED_EDGE('',*,*,#3533,.F.);
#3551=ORIENTED_EDGE('',*,*,#2327,.T.);
#3552=EDGE_LOOP('',(#3545,#3547,#3548,#3549,#3550,#3551));
#3553=FACE_OUTER_BOUND('',#3552,.F.);
#3554=ADVANCED_FACE('',(#3553),#3544,.T.);
#3555=CARTESIAN_POINT('',(-8.436533479473E0,2.738749537380E1,5.E0));
#3556=DIRECTION('',(5.E-1,8.660254037844E-1,0.E0));
#3557=DIRECTION('',(-8.660254037844E-1,5.E-1,0.E0));
#3558=AXIS2_PLACEMENT_3D('',#3555,#3556,#3557);
#3559=PLANE('',#3558);
#3560=ORIENTED_EDGE('',*,*,#2618,.T.);
#3561=ORIENTED_EDGE('',*,*,#3546,.T.);
#3562=ORIENTED_EDGE('',*,*,#2323,.T.);
#3564=ORIENTED_EDGE('',*,*,#3563,.T.);
#3565=EDGE_LOOP('',(#3560,#3561,#3562,#3564));
#3566=FACE_OUTER_BOUND('',#3565,.F.);
#3567=ADVANCED_FACE('',(#3566),#3559,.F.);
#3568=CARTESIAN_POINT('',(-1.253460969083E1,2.628941916244E1,5.E0));
#3569=DIRECTION('',(0.E0,0.E0,1.E0));
#3570=DIRECTION('',(1.E0,0.E0,0.E0));
#3571=AXIS2_PLACEMENT_3D('',#3568,#3569,#3570);
#3572=CYLINDRICAL_SURFACE('',#3571,3.E0);
#3573=ORIENTED_EDGE('',*,*,#2319,.T.);
#3575=ORIENTED_EDGE('',*,*,#3574,.F.);
#3576=ORIENTED_EDGE('',*,*,#2622,.T.);
#3577=ORIENTED_EDGE('',*,*,#2620,.T.);
#3578=ORIENTED_EDGE('',*,*,#3563,.F.);
#3579=ORIENTED_EDGE('',*,*,#2321,.T.);
#3580=EDGE_LOOP('',(#3573,#3575,#3576,#3577,#3578,#3579));
#3581=FACE_OUTER_BOUND('',#3580,.F.);
#3582=ADVANCED_FACE('',(#3581),#3572,.F.);
#3583=CARTESIAN_POINT('',(-8.436533479473E0,2.738749537380E1,5.E0));
#3584=DIRECTION('',(8.660254037844E-1,-5.E-1,0.E0));
#3585=DIRECTION('',(5.E-1,8.660254037844E-1,0.E0));
#3586=AXIS2_PLACEMENT_3D('',#3583,#3584,#3585);
#3587=PLANE('',#3586);
#3588=ORIENTED_EDGE('',*,*,#2624,.T.);
#3589=ORIENTED_EDGE('',*,*,#3574,.T.);
#3590=ORIENTED_EDGE('',*,*,#2317,.T.);
#3592=ORIENTED_EDGE('',*,*,#3591,.T.);
#3593=EDGE_LOOP('',(#3588,#3589,#3590,#3592));
#3594=FACE_OUTER_BOUND('',#3593,.F.);
#3595=ADVANCED_FACE('',(#3594),#3587,.F.);
#3596=CARTESIAN_POINT('',(-2.903460969083E1,-2.289419162443E0,5.E0));
#3597=DIRECTION('',(0.E0,0.E0,1.E0));
#3598=DIRECTION('',(1.E0,0.E0,0.E0));
#3599=AXIS2_PLACEMENT_3D('',#3596,#3597,#3598);
#3600=CYLINDRICAL_SURFACE('',#3599,3.E0);
#3601=ORIENTED_EDGE('',*,*,#2315,.T.);
#3603=ORIENTED_EDGE('',*,*,#3602,.F.);
#3604=ORIENTED_EDGE('',*,*,#2626,.T.);
#3605=ORIENTED_EDGE('',*,*,#3591,.F.);
#3606=EDGE_LOOP('',(#3601,#3603,#3604,#3605));
#3607=FACE_OUTER_BOUND('',#3606,.F.);
#3608=ADVANCED_FACE('',(#3607),#3600,.F.);
#3609=CARTESIAN_POINT('',(-2.793653347947E1,-6.387495373797E0,5.E0));
#3610=DIRECTION('',(-5.E-1,-8.660254037844E-1,0.E0));
#3611=DIRECTION('',(8.660254037844E-1,-5.E-1,0.E0));
#3612=AXIS2_PLACEMENT_3D('',#3609,#3610,#3611);
#3613=PLANE('',#3612);
#3614=ORIENTED_EDGE('',*,*,#2313,.T.);
#3616=ORIENTED_EDGE('',*,*,#3615,.T.);
#3617=ORIENTED_EDGE('',*,*,#2628,.T.);
#3618=ORIENTED_EDGE('',*,*,#3602,.T.);
#3619=EDGE_LOOP('',(#3614,#3616,#3617,#3618));
#3620=FACE_OUTER_BOUND('',#3619,.F.);
#3621=ADVANCED_FACE('',(#3620),#3613,.F.);
#3622=CARTESIAN_POINT('',(-5.541729559301E1,6.014428414850E0,5.E0));
#3623=DIRECTION('',(0.E0,0.E0,-1.E0));
#3624=DIRECTION('',(-1.E0,0.E0,0.E0));
#3625=AXIS2_PLACEMENT_3D('',#3622,#3623,#3624);
#3626=CYLINDRICAL_SURFACE('',#3625,3.E0);
#3627=ORIENTED_EDGE('',*,*,#2311,.T.);
#3629=ORIENTED_EDGE('',*,*,#3628,.F.);
#3630=ORIENTED_EDGE('',*,*,#2630,.T.);
#3631=ORIENTED_EDGE('',*,*,#3615,.F.);
#3632=EDGE_LOOP('',(#3627,#3629,#3630,#3631));
#3633=FACE_OUTER_BOUND('',#3632,.F.);
#3634=ADVANCED_FACE('',(#3633),#3626,.T.);
#3635=CARTESIAN_POINT('',(-5.651537180436E1,1.011250462620E1,5.E0));
#3636=DIRECTION('',(8.660254037844E-1,-5.E-1,0.E0));
#3637=DIRECTION('',(5.E-1,8.660254037844E-1,0.E0));
#3638=AXIS2_PLACEMENT_3D('',#3635,#3636,#3637);
#3639=PLANE('',#3638);
#3640=ORIENTED_EDGE('',*,*,#2309,.T.);
#3642=ORIENTED_EDGE('',*,*,#3641,.T.);
#3643=ORIENTED_EDGE('',*,*,#2632,.T.);
#3644=ORIENTED_EDGE('',*,*,#3628,.T.);
#3645=EDGE_LOOP('',(#3640,#3642,#3643,#3644));
#3646=FACE_OUTER_BOUND('',#3645,.F.);
#3647=ADVANCED_FACE('',(#3646),#3639,.F.);
#3648=CARTESIAN_POINT('',(-5.741729559301E1,2.550326799712E0,5.E0));
#3649=DIRECTION('',(0.E0,0.E0,-1.E0));
#3650=DIRECTION('',(-1.E0,0.E0,0.E0));
#3651=AXIS2_PLACEMENT_3D('',#3648,#3649,#3650);
#3652=CYLINDRICAL_SURFACE('',#3651,3.E0);
#3653=ORIENTED_EDGE('',*,*,#2305,.T.);
#3655=ORIENTED_EDGE('',*,*,#3654,.F.);
#3656=ORIENTED_EDGE('',*,*,#2636,.T.);
#3657=ORIENTED_EDGE('',*,*,#2634,.T.);
#3658=ORIENTED_EDGE('',*,*,#3641,.F.);
#3659=ORIENTED_EDGE('',*,*,#2307,.T.);
#3660=EDGE_LOOP('',(#3653,#3655,#3656,#3657,#3658,#3659));
#3661=FACE_OUTER_BOUND('',#3660,.F.);
#3662=ADVANCED_FACE('',(#3661),#3652,.T.);
#3663=CARTESIAN_POINT('',(-2.95E1,-1.703183294109E1,5.E0));
#3664=DIRECTION('',(5.E-1,8.660254037844E-1,0.E0));
#3665=DIRECTION('',(-8.660254037844E-1,5.E-1,0.E0));
#3666=AXIS2_PLACEMENT_3D('',#3663,#3664,#3665);
#3667=PLANE('',#3666);
#3668=ORIENTED_EDGE('',*,*,#2303,.T.);
#3670=ORIENTED_EDGE('',*,*,#3669,.T.);
#3671=ORIENTED_EDGE('',*,*,#2638,.T.);
#3672=ORIENTED_EDGE('',*,*,#3654,.T.);
#3673=EDGE_LOOP('',(#3668,#3670,#3671,#3672));
#3674=FACE_OUTER_BOUND('',#3673,.F.);
#3675=ADVANCED_FACE('',(#3674),#3667,.F.);
#3676=CARTESIAN_POINT('',(-3.25E1,-1.876388374866E1,5.E0));
#3677=DIRECTION('',(0.E0,0.E0,1.E0));
#3678=DIRECTION('',(1.E0,0.E0,0.E0));
#3679=AXIS2_PLACEMENT_3D('',#3676,#3677,#3678);
#3680=CYLINDRICAL_SURFACE('',#3679,3.E0);
#3681=ORIENTED_EDGE('',*,*,#2301,.T.);
#3683=ORIENTED_EDGE('',*,*,#3682,.F.);
#3684=ORIENTED_EDGE('',*,*,#2640,.T.);
#3685=ORIENTED_EDGE('',*,*,#3669,.F.);
#3686=EDGE_LOOP('',(#3681,#3683,#3684,#3685));
#3687=FACE_OUTER_BOUND('',#3686,.F.);
#3688=ADVANCED_FACE('',(#3687),#3680,.F.);
#3689=CARTESIAN_POINT('',(-2.95E1,-5.4E1,5.E0));
#3690=DIRECTION('',(1.E0,0.E0,0.E0));
#3691=DIRECTION('',(0.E0,0.E0,-1.E0));
#3692=AXIS2_PLACEMENT_3D('',#3689,#3690,#3691);
#3693=PLANE('',#3692);
#3694=ORIENTED_EDGE('',*,*,#2299,.T.);
#3696=ORIENTED_EDGE('',*,*,#3695,.T.);
#3697=ORIENTED_EDGE('',*,*,#2642,.T.);
#3698=ORIENTED_EDGE('',*,*,#3682,.T.);
#3699=EDGE_LOOP('',(#3694,#3696,#3697,#3698));
#3700=FACE_OUTER_BOUND('',#3699,.F.);
#3701=ADVANCED_FACE('',(#3700),#3693,.F.);
#3702=CARTESIAN_POINT('',(-2.65E1,-5.1E1,5.E0));
#3703=DIRECTION('',(0.E0,0.E0,-1.E0));
#3704=DIRECTION('',(-1.E0,0.E0,0.E0));
#3705=AXIS2_PLACEMENT_3D('',#3702,#3703,#3704);
#3706=CYLINDRICAL_SURFACE('',#3705,3.E0);
#3707=ORIENTED_EDGE('',*,*,#2297,.T.);
#3709=ORIENTED_EDGE('',*,*,#3708,.F.);
#3710=ORIENTED_EDGE('',*,*,#2644,.T.);
#3711=ORIENTED_EDGE('',*,*,#3695,.F.);
#3712=EDGE_LOOP('',(#3707,#3709,#3710,#3711));
#3713=FACE_OUTER_BOUND('',#3712,.F.);
#3714=ADVANCED_FACE('',(#3713),#3706,.T.);
#3715=CARTESIAN_POINT('',(-1.95E1,-5.4E1,5.E0));
#3716=DIRECTION('',(0.E0,1.E0,0.E0));
#3717=DIRECTION('',(-1.E0,0.E0,0.E0));
#3718=AXIS2_PLACEMENT_3D('',#3715,#3716,#3717);
#3719=PLANE('',#3718);
#3720=ORIENTED_EDGE('',*,*,#2646,.T.);
#3721=ORIENTED_EDGE('',*,*,#3708,.T.);
#3722=ORIENTED_EDGE('',*,*,#2295,.T.);
#3724=ORIENTED_EDGE('',*,*,#3723,.T.);
#3725=EDGE_LOOP('',(#3720,#3721,#3722,#3724));
#3726=FACE_OUTER_BOUND('',#3725,.F.);
#3727=ADVANCED_FACE('',(#3726),#3719,.F.);
#3728=CARTESIAN_POINT('',(-2.25E1,-5.1E1,5.E0));
#3729=DIRECTION('',(0.E0,0.E0,-1.E0));
#3730=DIRECTION('',(-1.E0,0.E0,0.E0));
#3731=AXIS2_PLACEMENT_3D('',#3728,#3729,#3730);
#3732=CYLINDRICAL_SURFACE('',#3731,3.E0);
#3733=ORIENTED_EDGE('',*,*,#2293,.T.);
#3735=ORIENTED_EDGE('',*,*,#3734,.F.);
#3736=ORIENTED_EDGE('',*,*,#2648,.T.);
#3737=ORIENTED_EDGE('',*,*,#3723,.F.);
#3738=EDGE_LOOP('',(#3733,#3735,#3736,#3737));
#3739=FACE_OUTER_BOUND('',#3738,.F.);
#3740=ADVANCED_FACE('',(#3739),#3732,.T.);
#3741=CARTESIAN_POINT('',(-1.95E1,-2.1E1,5.E0));
#3742=DIRECTION('',(-1.E0,0.E0,0.E0));
#3743=DIRECTION('',(0.E0,-1.E0,0.E0));
#3744=AXIS2_PLACEMENT_3D('',#3741,#3742,#3743);
#3745=PLANE('',#3744);
#3746=ORIENTED_EDGE('',*,*,#2650,.T.);
#3747=ORIENTED_EDGE('',*,*,#3734,.T.);
#3748=ORIENTED_EDGE('',*,*,#2291,.T.);
#3750=ORIENTED_EDGE('',*,*,#3749,.T.);
#3751=EDGE_LOOP('',(#3746,#3747,#3748,#3750));
#3752=FACE_OUTER_BOUND('',#3751,.F.);
#3753=ADVANCED_FACE('',(#3752),#3745,.F.);
#3754=CARTESIAN_POINT('',(-1.65E1,-2.4E1,5.E0));
#3755=DIRECTION('',(0.E0,0.E0,1.E0));
#3756=DIRECTION('',(1.E0,0.E0,0.E0));
#3757=AXIS2_PLACEMENT_3D('',#3754,#3755,#3756);
#3758=CYLINDRICAL_SURFACE('',#3757,3.E0);
#3759=ORIENTED_EDGE('',*,*,#2289,.T.);
#3761=ORIENTED_EDGE('',*,*,#3760,.F.);
#3762=ORIENTED_EDGE('',*,*,#2652,.T.);
#3763=ORIENTED_EDGE('',*,*,#3749,.F.);
#3764=EDGE_LOOP('',(#3759,#3761,#3762,#3763));
#3765=FACE_OUTER_BOUND('',#3764,.F.);
#3766=ADVANCED_FACE('',(#3765),#3758,.F.);
#3767=CARTESIAN_POINT('',(-1.95E1,-2.1E1,5.E0));
#3768=DIRECTION('',(0.E0,1.E0,0.E0));
#3769=DIRECTION('',(-1.E0,0.E0,0.E0));
#3770=AXIS2_PLACEMENT_3D('',#3767,#3768,#3769);
#3771=PLANE('',#3770);
#3772=ORIENTED_EDGE('',*,*,#2654,.T.);
#3773=ORIENTED_EDGE('',*,*,#3760,.T.);
#3774=ORIENTED_EDGE('',*,*,#2287,.T.);
#3776=ORIENTED_EDGE('',*,*,#3775,.T.);
#3777=EDGE_LOOP('',(#3772,#3773,#3774,#3776));
#3778=FACE_OUTER_BOUND('',#3777,.F.);
#3779=ADVANCED_FACE('',(#3778),#3771,.F.);
#3780=CARTESIAN_POINT('',(1.65E1,-2.4E1,5.E0));
#3781=DIRECTION('',(0.E0,0.E0,1.E0));
#3782=DIRECTION('',(1.E0,0.E0,0.E0));
#3783=AXIS2_PLACEMENT_3D('',#3780,#3781,#3782);
#3784=CYLINDRICAL_SURFACE('',#3783,3.E0);
#3785=ORIENTED_EDGE('',*,*,#2285,.T.);
#3787=ORIENTED_EDGE('',*,*,#3786,.F.);
#3788=ORIENTED_EDGE('',*,*,#2656,.T.);
#3789=ORIENTED_EDGE('',*,*,#3775,.F.);
#3790=EDGE_LOOP('',(#3785,#3787,#3788,#3789));
#3791=FACE_OUTER_BOUND('',#3790,.F.);
#3792=ADVANCED_FACE('',(#3791),#3784,.F.);
#3793=CARTESIAN_POINT('',(1.95E1,-2.1E1,5.E0));
#3794=DIRECTION('',(1.E0,0.E0,0.E0));
#3795=DIRECTION('',(0.E0,1.E0,0.E0));
#3796=AXIS2_PLACEMENT_3D('',#3793,#3794,#3795);
#3797=PLANE('',#3796);
#3798=ORIENTED_EDGE('',*,*,#2658,.T.);
#3799=ORIENTED_EDGE('',*,*,#3786,.T.);
#3800=ORIENTED_EDGE('',*,*,#2283,.T.);
#3802=ORIENTED_EDGE('',*,*,#3801,.T.);
#3803=EDGE_LOOP('',(#3798,#3799,#3800,#3802));
#3804=FACE_OUTER_BOUND('',#3803,.F.);
#3805=ADVANCED_FACE('',(#3804),#3797,.F.);
#3806=CARTESIAN_POINT('',(2.25E1,-5.1E1,5.E0));
#3807=DIRECTION('',(0.E0,0.E0,-1.E0));
#3808=DIRECTION('',(-1.E0,0.E0,0.E0));
#3809=AXIS2_PLACEMENT_3D('',#3806,#3807,#3808);
#3810=CYLINDRICAL_SURFACE('',#3809,3.E0);
#3811=ORIENTED_EDGE('',*,*,#2281,.T.);
#3813=ORIENTED_EDGE('',*,*,#3812,.F.);
#3814=ORIENTED_EDGE('',*,*,#2660,.T.);
#3815=ORIENTED_EDGE('',*,*,#3801,.F.);
#3816=EDGE_LOOP('',(#3811,#3813,#3814,#3815));
#3817=FACE_OUTER_BOUND('',#3816,.F.);
#3818=ADVANCED_FACE('',(#3817),#3810,.T.);
#3819=CARTESIAN_POINT('',(1.95E1,-5.4E1,5.E0));
#3820=DIRECTION('',(0.E0,1.E0,0.E0));
#3821=DIRECTION('',(0.E0,0.E0,1.E0));
#3822=AXIS2_PLACEMENT_3D('',#3819,#3820,#3821);
#3823=PLANE('',#3822);
#3824=ORIENTED_EDGE('',*,*,#2662,.T.);
#3825=ORIENTED_EDGE('',*,*,#3812,.T.);
#3826=ORIENTED_EDGE('',*,*,#2279,.T.);
#3828=ORIENTED_EDGE('',*,*,#3827,.T.);
#3829=EDGE_LOOP('',(#3824,#3825,#3826,#3828));
#3830=FACE_OUTER_BOUND('',#3829,.F.);
#3831=ADVANCED_FACE('',(#3830),#3823,.F.);
#3832=CARTESIAN_POINT('',(2.65E1,-5.1E1,5.E0));
#3833=DIRECTION('',(0.E0,0.E0,-1.E0));
#3834=DIRECTION('',(-1.E0,0.E0,0.E0));
#3835=AXIS2_PLACEMENT_3D('',#3832,#3833,#3834);
#3836=CYLINDRICAL_SURFACE('',#3835,3.E0);
#3837=ORIENTED_EDGE('',*,*,#2277,.T.);
#3839=ORIENTED_EDGE('',*,*,#3838,.F.);
#3840=ORIENTED_EDGE('',*,*,#2664,.T.);
#3841=ORIENTED_EDGE('',*,*,#3827,.F.);
#3842=EDGE_LOOP('',(#3837,#3839,#3840,#3841));
#3843=FACE_OUTER_BOUND('',#3842,.F.);
#3844=ADVANCED_FACE('',(#3843),#3836,.T.);
#3845=CARTESIAN_POINT('',(2.95E1,-1.703183294109E1,5.E0));
#3846=DIRECTION('',(-1.E0,0.E0,0.E0));
#3847=DIRECTION('',(0.E0,-1.E0,0.E0));
#3848=AXIS2_PLACEMENT_3D('',#3845,#3846,#3847);
#3849=PLANE('',#3848);
#3850=ORIENTED_EDGE('',*,*,#2666,.T.);
#3851=ORIENTED_EDGE('',*,*,#3838,.T.);
#3852=ORIENTED_EDGE('',*,*,#2275,.T.);
#3854=ORIENTED_EDGE('',*,*,#3853,.T.);
#3855=EDGE_LOOP('',(#3850,#3851,#3852,#3854));
#3856=FACE_OUTER_BOUND('',#3855,.F.);
#3857=ADVANCED_FACE('',(#3856),#3849,.F.);
#3858=CARTESIAN_POINT('',(3.25E1,-1.876388374866E1,5.E0));
#3859=DIRECTION('',(0.E0,0.E0,1.E0));
#3860=DIRECTION('',(1.E0,0.E0,0.E0));
#3861=AXIS2_PLACEMENT_3D('',#3858,#3859,#3860);
#3862=CYLINDRICAL_SURFACE('',#3861,3.E0);
#3863=ORIENTED_EDGE('',*,*,#2273,.T.);
#3865=ORIENTED_EDGE('',*,*,#3864,.F.);
#3866=ORIENTED_EDGE('',*,*,#2668,.T.);
#3867=ORIENTED_EDGE('',*,*,#3853,.F.);
#3868=EDGE_LOOP('',(#3863,#3865,#3866,#3867));
#3869=FACE_OUTER_BOUND('',#3868,.F.);
#3870=ADVANCED_FACE('',(#3869),#3862,.F.);
#3871=CARTESIAN_POINT('',(6.151537180436E1,1.452250588359E0,5.E0));
#3872=DIRECTION('',(-5.E-1,8.660254037844E-1,0.E0));
#3873=DIRECTION('',(-8.660254037844E-1,-5.E-1,0.E0));
#3874=AXIS2_PLACEMENT_3D('',#3871,#3872,#3873);
#3875=PLANE('',#3874);
#3876=ORIENTED_EDGE('',*,*,#2670,.T.);
#3877=ORIENTED_EDGE('',*,*,#3864,.T.);
#3878=ORIENTED_EDGE('',*,*,#2271,.T.);
#3880=ORIENTED_EDGE('',*,*,#3879,.T.);
#3881=EDGE_LOOP('',(#3876,#3877,#3878,#3880));
#3882=FACE_OUTER_BOUND('',#3881,.F.);
#3883=ADVANCED_FACE('',(#3882),#3875,.F.);
#3884=CARTESIAN_POINT('',(5.741729559301E1,2.550326799712E0,5.E0));
#3885=DIRECTION('',(0.E0,0.E0,-1.E0));
#3886=DIRECTION('',(-1.E0,0.E0,0.E0));
#3887=AXIS2_PLACEMENT_3D('',#3884,#3885,#3886);
#3888=CYLINDRICAL_SURFACE('',#3887,3.E0);
#3889=ORIENTED_EDGE('',*,*,#2267,.T.);
#3891=ORIENTED_EDGE('',*,*,#3890,.F.);
#3892=ORIENTED_EDGE('',*,*,#2674,.T.);
#3893=ORIENTED_EDGE('',*,*,#2672,.T.);
#3894=ORIENTED_EDGE('',*,*,#3879,.F.);
#3895=ORIENTED_EDGE('',*,*,#2269,.T.);
#3896=EDGE_LOOP('',(#3889,#3891,#3892,#3893,#3894,#3895));
#3897=FACE_OUTER_BOUND('',#3896,.F.);
#3898=ADVANCED_FACE('',(#3897),#3888,.T.);
#3899=CARTESIAN_POINT('',(5.651537180436E1,1.011250462620E1,5.E0));
#3900=DIRECTION('',(-8.660254037844E-1,-5.E-1,0.E0));
#3901=DIRECTION('',(5.E-1,-8.660254037844E-1,0.E0));
#3902=AXIS2_PLACEMENT_3D('',#3899,#3900,#3901);
#3903=PLANE('',#3902);
#3904=ORIENTED_EDGE('',*,*,#2676,.T.);
#3905=ORIENTED_EDGE('',*,*,#3890,.T.);
#3906=ORIENTED_EDGE('',*,*,#2265,.T.);
#3908=ORIENTED_EDGE('',*,*,#3907,.T.);
#3909=EDGE_LOOP('',(#3904,#3905,#3906,#3908));
#3910=FACE_OUTER_BOUND('',#3909,.F.);
#3911=ADVANCED_FACE('',(#3910),#3903,.F.);
#3912=CARTESIAN_POINT('',(5.541729559301E1,6.014428414850E0,5.E0));
#3913=DIRECTION('',(0.E0,0.E0,-1.E0));
#3914=DIRECTION('',(-1.E0,0.E0,0.E0));
#3915=AXIS2_PLACEMENT_3D('',#3912,#3913,#3914);
#3916=CYLINDRICAL_SURFACE('',#3915,3.E0);
#3917=ORIENTED_EDGE('',*,*,#2263,.T.);
#3919=ORIENTED_EDGE('',*,*,#3918,.F.);
#3920=ORIENTED_EDGE('',*,*,#2678,.T.);
#3921=ORIENTED_EDGE('',*,*,#3907,.F.);
#3922=EDGE_LOOP('',(#3917,#3919,#3920,#3921));
#3923=FACE_OUTER_BOUND('',#3922,.F.);
#3924=ADVANCED_FACE('',(#3923),#3916,.T.);
#3925=CARTESIAN_POINT('',(2.793653347947E1,-6.387495373797E0,5.E0));
#3926=DIRECTION('',(5.E-1,-8.660254037844E-1,0.E0));
#3927=DIRECTION('',(8.660254037844E-1,5.E-1,0.E0));
#3928=AXIS2_PLACEMENT_3D('',#3925,#3926,#3927);
#3929=PLANE('',#3928);
#3930=ORIENTED_EDGE('',*,*,#2680,.T.);
#3931=ORIENTED_EDGE('',*,*,#3918,.T.);
#3932=ORIENTED_EDGE('',*,*,#2261,.T.);
#3934=ORIENTED_EDGE('',*,*,#3933,.T.);
#3935=EDGE_LOOP('',(#3930,#3931,#3932,#3934));
#3936=FACE_OUTER_BOUND('',#3935,.F.);
#3937=ADVANCED_FACE('',(#3936),#3929,.F.);
#3938=CARTESIAN_POINT('',(2.903460969083E1,-2.289419162443E0,5.E0));
#3939=DIRECTION('',(0.E0,0.E0,1.E0));
#3940=DIRECTION('',(1.E0,0.E0,0.E0));
#3941=AXIS2_PLACEMENT_3D('',#3938,#3939,#3940);
#3942=CYLINDRICAL_SURFACE('',#3941,3.E0);
#3943=ORIENTED_EDGE('',*,*,#2259,.T.);
#3945=ORIENTED_EDGE('',*,*,#3944,.F.);
#3946=ORIENTED_EDGE('',*,*,#2682,.T.);
#3947=ORIENTED_EDGE('',*,*,#3933,.F.);
#3948=EDGE_LOOP('',(#3943,#3945,#3946,#3947));
#3949=FACE_OUTER_BOUND('',#3948,.F.);
#3950=ADVANCED_FACE('',(#3949),#3942,.F.);
#3951=CARTESIAN_POINT('',(2.793653347947E1,-6.387495373797E0,5.E0));
#3952=DIRECTION('',(-8.660254037844E-1,-5.E-1,0.E0));
#3953=DIRECTION('',(5.E-1,-8.660254037844E-1,0.E0));
#3954=AXIS2_PLACEMENT_3D('',#3951,#3952,#3953);
#3955=PLANE('',#3954);
#3956=ORIENTED_EDGE('',*,*,#2684,.T.);
#3957=ORIENTED_EDGE('',*,*,#3944,.T.);
#3958=ORIENTED_EDGE('',*,*,#2257,.T.);
#3960=ORIENTED_EDGE('',*,*,#3959,.T.);
#3961=EDGE_LOOP('',(#3956,#3957,#3958,#3960));
#3962=FACE_OUTER_BOUND('',#3961,.F.);
#3963=ADVANCED_FACE('',(#3962),#3955,.F.);
#3964=CARTESIAN_POINT('',(1.253460969083E1,2.628941916244E1,5.E0));
#3965=DIRECTION('',(0.E0,0.E0,1.E0));
#3966=DIRECTION('',(1.E0,0.E0,0.E0));
#3967=AXIS2_PLACEMENT_3D('',#3964,#3965,#3966);
#3968=CYLINDRICAL_SURFACE('',#3967,3.E0);
#3969=ORIENTED_EDGE('',*,*,#2253,.T.);
#3971=ORIENTED_EDGE('',*,*,#3970,.F.);
#3972=ORIENTED_EDGE('',*,*,#2688,.T.);
#3973=ORIENTED_EDGE('',*,*,#2686,.T.);
#3974=ORIENTED_EDGE('',*,*,#3959,.F.);
#3975=ORIENTED_EDGE('',*,*,#2255,.T.);
#3976=EDGE_LOOP('',(#3969,#3971,#3972,#3973,#3974,#3975));
#3977=FACE_OUTER_BOUND('',#3976,.F.);
#3978=ADVANCED_FACE('',(#3977),#3968,.F.);
#3979=CARTESIAN_POINT('',(8.436533479473E0,2.738749537380E1,5.E0));
#3980=DIRECTION('',(-5.E-1,8.660254037844E-1,0.E0));
#3981=DIRECTION('',(-8.660254037844E-1,-5.E-1,0.E0));
#3982=AXIS2_PLACEMENT_3D('',#3979,#3980,#3981);
#3983=PLANE('',#3982);
#3984=ORIENTED_EDGE('',*,*,#2690,.T.);
#3985=ORIENTED_EDGE('',*,*,#3970,.T.);
#3986=ORIENTED_EDGE('',*,*,#2251,.T.);
#3988=ORIENTED_EDGE('',*,*,#3987,.T.);
#3989=EDGE_LOOP('',(#3984,#3985,#3986,#3988));
#3990=FACE_OUTER_BOUND('',#3989,.F.);
#3991=ADVANCED_FACE('',(#3990),#3983,.F.);
#3992=CARTESIAN_POINT('',(3.291729559301E1,4.498557158515E1,5.E0));
#3993=DIRECTION('',(0.E0,0.E0,-1.E0));
#3994=DIRECTION('',(-1.E0,0.E0,0.E0));
#3995=AXIS2_PLACEMENT_3D('',#3992,#3993,#3994);
#3996=CYLINDRICAL_SURFACE('',#3995,3.E0);
#3997=ORIENTED_EDGE('',*,*,#2247,.T.);
#3998=ORIENTED_EDGE('',*,*,#2591,.F.);
#3999=ORIENTED_EDGE('',*,*,#2694,.T.);
#4000=ORIENTED_EDGE('',*,*,#2692,.T.);
#4001=ORIENTED_EDGE('',*,*,#3987,.F.);
#4002=ORIENTED_EDGE('',*,*,#2249,.T.);
#4003=EDGE_LOOP('',(#3997,#3998,#3999,#4000,#4001,#4002));
#4004=FACE_OUTER_BOUND('',#4003,.F.);
#4005=ADVANCED_FACE('',(#4004),#3996,.T.);
#4006=CARTESIAN_POINT('',(2.45E1,-2.9E1,5.E0));
#4007=DIRECTION('',(0.E0,0.E0,-1.E0));
#4008=DIRECTION('',(-1.E0,0.E0,0.E0));
#4009=AXIS2_PLACEMENT_3D('',#4006,#4007,#4008);
#4010=CYLINDRICAL_SURFACE('',#4009,2.E0);
#4011=ORIENTED_EDGE('',*,*,#2351,.T.);
#4013=ORIENTED_EDGE('',*,*,#4012,.T.);
#4014=ORIENTED_EDGE('',*,*,#2821,.T.);
#4016=ORIENTED_EDGE('',*,*,#4015,.F.);
#4017=EDGE_LOOP('',(#4011,#4013,#4014,#4016));
#4018=FACE_OUTER_BOUND('',#4017,.F.);
#4019=ADVANCED_FACE('',(#4018),#4010,.F.);
#4020=CARTESIAN_POINT('',(2.45E1,-2.9E1,5.E0));
#4021=DIRECTION('',(0.E0,0.E0,-1.E0));
#4022=DIRECTION('',(-1.E0,0.E0,0.E0));
#4023=AXIS2_PLACEMENT_3D('',#4020,#4021,#4022);
#4024=CYLINDRICAL_SURFACE('',#4023,2.E0);
#4025=ORIENTED_EDGE('',*,*,#2349,.T.);
#4026=ORIENTED_EDGE('',*,*,#4015,.T.);
#4027=ORIENTED_EDGE('',*,*,#2823,.T.);
#4028=ORIENTED_EDGE('',*,*,#4012,.F.);
#4029=EDGE_LOOP('',(#4025,#4026,#4027,#4028));
#4030=FACE_OUTER_BOUND('',#4029,.F.);
#4031=ADVANCED_FACE('',(#4030),#4024,.F.);
#4032=CARTESIAN_POINT('',(2.45E1,-3.9E1,5.E0));
#4033=DIRECTION('',(0.E0,0.E0,-1.E0));
#4034=DIRECTION('',(-1.E0,0.E0,0.E0));
#4035=AXIS2_PLACEMENT_3D('',#4032,#4033,#4034);
#4036=CYLINDRICAL_SURFACE('',#4035,2.E0);
#4037=ORIENTED_EDGE('',*,*,#2363,.T.);
#4039=ORIENTED_EDGE('',*,*,#4038,.T.);
#4040=ORIENTED_EDGE('',*,*,#2827,.T.);
#4042=ORIENTED_EDGE('',*,*,#4041,.F.);
#4043=EDGE_LOOP('',(#4037,#4039,#4040,#4042));
#4044=FACE_OUTER_BOUND('',#4043,.F.);
#4045=ADVANCED_FACE('',(#4044),#4036,.F.);
#4046=CARTESIAN_POINT('',(2.45E1,-3.9E1,5.E0));
#4047=DIRECTION('',(0.E0,0.E0,-1.E0));
#4048=DIRECTION('',(-1.E0,0.E0,0.E0));
#4049=AXIS2_PLACEMENT_3D('',#4046,#4047,#4048);
#4050=CYLINDRICAL_SURFACE('',#4049,2.E0);
#4051=ORIENTED_EDGE('',*,*,#2361,.T.);
#4052=ORIENTED_EDGE('',*,*,#4041,.T.);
#4053=ORIENTED_EDGE('',*,*,#2829,.T.);
#4054=ORIENTED_EDGE('',*,*,#4038,.F.);
#4055=EDGE_LOOP('',(#4051,#4052,#4053,#4054));
#4056=FACE_OUTER_BOUND('',#4055,.F.);
#4057=ADVANCED_FACE('',(#4056),#4050,.F.);
#4058=CARTESIAN_POINT('',(2.45E1,-4.9E1,5.E0));
#4059=DIRECTION('',(0.E0,0.E0,-1.E0));
#4060=DIRECTION('',(-1.E0,0.E0,0.E0));
#4061=AXIS2_PLACEMENT_3D('',#4058,#4059,#4060);
#4062=CYLINDRICAL_SURFACE('',#4061,2.E0);
#4063=ORIENTED_EDGE('',*,*,#2375,.T.);
#4065=ORIENTED_EDGE('',*,*,#4064,.T.);
#4066=ORIENTED_EDGE('',*,*,#2833,.T.);
#4068=ORIENTED_EDGE('',*,*,#4067,.F.);
#4069=EDGE_LOOP('',(#4063,#4065,#4066,#4068));
#4070=FACE_OUTER_BOUND('',#4069,.F.);
#4071=ADVANCED_FACE('',(#4070),#4062,.F.);
#4072=CARTESIAN_POINT('',(2.45E1,-4.9E1,5.E0));
#4073=DIRECTION('',(0.E0,0.E0,-1.E0));
#4074=DIRECTION('',(-1.E0,0.E0,0.E0));
#4075=AXIS2_PLACEMENT_3D('',#4072,#4073,#4074);
#4076=CYLINDRICAL_SURFACE('',#4075,2.E0);
#4077=ORIENTED_EDGE('',*,*,#2373,.T.);
#4078=ORIENTED_EDGE('',*,*,#4067,.T.);
#4079=ORIENTED_EDGE('',*,*,#2835,.T.);
#4080=ORIENTED_EDGE('',*,*,#4064,.F.);
#4081=EDGE_LOOP('',(#4077,#4078,#4079,#4080));
#4082=FACE_OUTER_BOUND('',#4081,.F.);
#4083=ADVANCED_FACE('',(#4082),#4076,.F.);
#4084=CARTESIAN_POINT('',(-2.45E1,-4.4E1,5.E0));
#4085=DIRECTION('',(0.E0,0.E0,-1.E0));
#4086=DIRECTION('',(-1.E0,0.E0,0.E0));
#4087=AXIS2_PLACEMENT_3D('',#4084,#4085,#4086);
#4088=CYLINDRICAL_SURFACE('',#4087,2.E0);
#4089=ORIENTED_EDGE('',*,*,#2387,.T.);
#4091=ORIENTED_EDGE('',*,*,#4090,.T.);
#4092=ORIENTED_EDGE('',*,*,#2839,.T.);
#4094=ORIENTED_EDGE('',*,*,#4093,.F.);
#4095=EDGE_LOOP('',(#4089,#4091,#4092,#4094));
#4096=FACE_OUTER_BOUND('',#4095,.F.);
#4097=ADVANCED_FACE('',(#4096),#4088,.F.);
#4098=CARTESIAN_POINT('',(-2.45E1,-4.4E1,5.E0));
#4099=DIRECTION('',(0.E0,0.E0,-1.E0));
#4100=DIRECTION('',(-1.E0,0.E0,0.E0));
#4101=AXIS2_PLACEMENT_3D('',#4098,#4099,#4100);
#4102=CYLINDRICAL_SURFACE('',#4101,2.E0);
#4103=ORIENTED_EDGE('',*,*,#2385,.T.);
#4104=ORIENTED_EDGE('',*,*,#4093,.T.);
#4105=ORIENTED_EDGE('',*,*,#2841,.T.);
#4106=ORIENTED_EDGE('',*,*,#4090,.F.);
#4107=EDGE_LOOP('',(#4103,#4104,#4105,#4106));
#4108=FACE_OUTER_BOUND('',#4107,.F.);
#4109=ADVANCED_FACE('',(#4108),#4102,.F.);
#4110=CARTESIAN_POINT('',(-2.45E1,-3.4E1,5.E0));
#4111=DIRECTION('',(0.E0,0.E0,-1.E0));
#4112=DIRECTION('',(-1.E0,0.E0,0.E0));
#4113=AXIS2_PLACEMENT_3D('',#4110,#4111,#4112);
#4114=CYLINDRICAL_SURFACE('',#4113,2.E0);
#4115=ORIENTED_EDGE('',*,*,#2399,.T.);
#4117=ORIENTED_EDGE('',*,*,#4116,.T.);
#4118=ORIENTED_EDGE('',*,*,#2845,.T.);
#4120=ORIENTED_EDGE('',*,*,#4119,.F.);
#4121=EDGE_LOOP('',(#4115,#4117,#4118,#4120));
#4122=FACE_OUTER_BOUND('',#4121,.F.);
#4123=ADVANCED_FACE('',(#4122),#4114,.F.);
#4124=CARTESIAN_POINT('',(-2.45E1,-3.4E1,5.E0));
#4125=DIRECTION('',(0.E0,0.E0,-1.E0));
#4126=DIRECTION('',(-1.E0,0.E0,0.E0));
#4127=AXIS2_PLACEMENT_3D('',#4124,#4125,#4126);
#4128=CYLINDRICAL_SURFACE('',#4127,2.E0);
#4129=ORIENTED_EDGE('',*,*,#2397,.T.);
#4130=ORIENTED_EDGE('',*,*,#4119,.T.);
#4131=ORIENTED_EDGE('',*,*,#2847,.T.);
#4132=ORIENTED_EDGE('',*,*,#4116,.F.);
#4133=EDGE_LOOP('',(#4129,#4130,#4131,#4132));
#4134=FACE_OUTER_BOUND('',#4133,.F.);
#4135=ADVANCED_FACE('',(#4134),#4128,.F.);
#4136=CARTESIAN_POINT('',(-2.45E1,-2.4E1,5.E0));
#4137=DIRECTION('',(0.E0,0.E0,-1.E0));
#4138=DIRECTION('',(-1.E0,0.E0,0.E0));
#4139=AXIS2_PLACEMENT_3D('',#4136,#4137,#4138);
#4140=CYLINDRICAL_SURFACE('',#4139,2.E0);
#4141=ORIENTED_EDGE('',*,*,#2411,.T.);
#4143=ORIENTED_EDGE('',*,*,#4142,.T.);
#4144=ORIENTED_EDGE('',*,*,#2851,.T.);
#4146=ORIENTED_EDGE('',*,*,#4145,.F.);
#4147=EDGE_LOOP('',(#4141,#4143,#4144,#4146));
#4148=FACE_OUTER_BOUND('',#4147,.F.);
#4149=ADVANCED_FACE('',(#4148),#4140,.F.);
#4150=CARTESIAN_POINT('',(-2.45E1,-2.4E1,5.E0));
#4151=DIRECTION('',(0.E0,0.E0,-1.E0));
#4152=DIRECTION('',(-1.E0,0.E0,0.E0));
#4153=AXIS2_PLACEMENT_3D('',#4150,#4151,#4152);
#4154=CYLINDRICAL_SURFACE('',#4153,2.E0);
#4155=ORIENTED_EDGE('',*,*,#2409,.T.);
#4156=ORIENTED_EDGE('',*,*,#4145,.T.);
#4157=ORIENTED_EDGE('',*,*,#2853,.T.);
#4158=ORIENTED_EDGE('',*,*,#4142,.F.);
#4159=EDGE_LOOP('',(#4155,#4156,#4157,#4158));
#4160=FACE_OUTER_BOUND('',#4159,.F.);
#4161=ADVANCED_FACE('',(#4160),#4154,.F.);
#4162=CARTESIAN_POINT('',(-3.303460969083E1,-9.217622392719E0,5.E0));
#4163=DIRECTION('',(0.E0,0.E0,-1.E0));
#4164=DIRECTION('',(-1.E0,0.E0,0.E0));
#4165=AXIS2_PLACEMENT_3D('',#4162,#4163,#4164);
#4166=CYLINDRICAL_SURFACE('',#4165,2.E0);
#4167=ORIENTED_EDGE('',*,*,#2423,.T.);
#4169=ORIENTED_EDGE('',*,*,#4168,.T.);
#4170=ORIENTED_EDGE('',*,*,#2857,.T.);
#4172=ORIENTED_EDGE('',*,*,#4171,.F.);
#4173=EDGE_LOOP('',(#4167,#4169,#4170,#4172));
#4174=FACE_OUTER_BOUND('',#4173,.F.);
#4175=ADVANCED_FACE('',(#4174),#4166,.F.);
#4176=CARTESIAN_POINT('',(-3.303460969083E1,-9.217622392719E0,5.E0));
#4177=DIRECTION('',(0.E0,0.E0,-1.E0));
#4178=DIRECTION('',(-1.E0,0.E0,0.E0));
#4179=AXIS2_PLACEMENT_3D('',#4176,#4177,#4178);
#4180=CYLINDRICAL_SURFACE('',#4179,2.E0);
#4181=ORIENTED_EDGE('',*,*,#2421,.T.);
#4182=ORIENTED_EDGE('',*,*,#4171,.T.);
#4183=ORIENTED_EDGE('',*,*,#2859,.T.);
#4184=ORIENTED_EDGE('',*,*,#4168,.F.);
#4185=EDGE_LOOP('',(#4181,#4182,#4183,#4184));
#4186=FACE_OUTER_BOUND('',#4185,.F.);
#4187=ADVANCED_FACE('',(#4186),#4180,.F.);
#4188=CARTESIAN_POINT('',(-4.169486372867E1,-4.217622392719E0,5.E0));
#4189=DIRECTION('',(0.E0,0.E0,-1.E0));
#4190=DIRECTION('',(-1.E0,0.E0,0.E0));
#4191=AXIS2_PLACEMENT_3D('',#4188,#4189,#4190);
#4192=CYLINDRICAL_SURFACE('',#4191,2.E0);
#4193=ORIENTED_EDGE('',*,*,#2435,.T.);
#4195=ORIENTED_EDGE('',*,*,#4194,.T.);
#4196=ORIENTED_EDGE('',*,*,#2863,.T.);
#4198=ORIENTED_EDGE('',*,*,#4197,.F.);
#4199=EDGE_LOOP('',(#4193,#4195,#4196,#4198));
#4200=FACE_OUTER_BOUND('',#4199,.F.);
#4201=ADVANCED_FACE('',(#4200),#4192,.F.);
#4202=CARTESIAN_POINT('',(-4.169486372867E1,-4.217622392719E0,5.E0));
#4203=DIRECTION('',(0.E0,0.E0,-1.E0));
#4204=DIRECTION('',(-1.E0,0.E0,0.E0));
#4205=AXIS2_PLACEMENT_3D('',#4202,#4203,#4204);
#4206=CYLINDRICAL_SURFACE('',#4205,2.E0);
#4207=ORIENTED_EDGE('',*,*,#2433,.T.);
#4208=ORIENTED_EDGE('',*,*,#4197,.T.);
#4209=ORIENTED_EDGE('',*,*,#2865,.T.);
#4210=ORIENTED_EDGE('',*,*,#4194,.F.);
#4211=EDGE_LOOP('',(#4207,#4208,#4209,#4210));
#4212=FACE_OUTER_BOUND('',#4211,.F.);
#4213=ADVANCED_FACE('',(#4212),#4206,.F.);
#4214=CARTESIAN_POINT('',(-5.035511776652E1,7.823776072810E-1,5.E0));
#4215=DIRECTION('',(0.E0,0.E0,-1.E0));
#4216=DIRECTION('',(-1.E0,0.E0,0.E0));
#4217=AXIS2_PLACEMENT_3D('',#4214,#4215,#4216);
#4218=CYLINDRICAL_SURFACE('',#4217,2.E0);
#4219=ORIENTED_EDGE('',*,*,#2447,.T.);
#4221=ORIENTED_EDGE('',*,*,#4220,.T.);
#4222=ORIENTED_EDGE('',*,*,#2869,.T.);
#4224=ORIENTED_EDGE('',*,*,#4223,.F.);
#4225=EDGE_LOOP('',(#4219,#4221,#4222,#4224));
#4226=FACE_OUTER_BOUND('',#4225,.F.);
#4227=ADVANCED_FACE('',(#4226),#4218,.F.);
#4228=CARTESIAN_POINT('',(-5.035511776652E1,7.823776072810E-1,5.E0));
#4229=DIRECTION('',(0.E0,0.E0,-1.E0));
#4230=DIRECTION('',(-1.E0,0.E0,0.E0));
#4231=AXIS2_PLACEMENT_3D('',#4228,#4229,#4230);
#4232=CYLINDRICAL_SURFACE('',#4231,2.E0);
#4233=ORIENTED_EDGE('',*,*,#2445,.T.);
#4234=ORIENTED_EDGE('',*,*,#4223,.T.);
#4235=ORIENTED_EDGE('',*,*,#2871,.T.);
#4236=ORIENTED_EDGE('',*,*,#4220,.F.);
#4237=EDGE_LOOP('',(#4233,#4234,#4235,#4236));
#4238=FACE_OUTER_BOUND('',#4237,.F.);
#4239=ADVANCED_FACE('',(#4238),#4232,.F.);
#4240=CARTESIAN_POINT('',(-3.018524478544E1,4.571762239272E1,5.E0));
#4241=DIRECTION('',(0.E0,0.E0,-1.E0));
#4242=DIRECTION('',(-1.E0,0.E0,0.E0));
#4243=AXIS2_PLACEMENT_3D('',#4240,#4241,#4242);
#4244=CYLINDRICAL_SURFACE('',#4243,2.E0);
#4245=ORIENTED_EDGE('',*,*,#2459,.T.);
#4247=ORIENTED_EDGE('',*,*,#4246,.T.);
#4248=ORIENTED_EDGE('',*,*,#2875,.T.);
#4250=ORIENTED_EDGE('',*,*,#4249,.F.);
#4251=EDGE_LOOP('',(#4245,#4247,#4248,#4250));
#4252=FACE_OUTER_BOUND('',#4251,.F.);
#4253=ADVANCED_FACE('',(#4252),#4244,.F.);
#4254=CARTESIAN_POINT('',(-3.018524478544E1,4.571762239272E1,5.E0));
#4255=DIRECTION('',(0.E0,0.E0,-1.E0));
#4256=DIRECTION('',(-1.E0,0.E0,0.E0));
#4257=AXIS2_PLACEMENT_3D('',#4254,#4255,#4256);
#4258=CYLINDRICAL_SURFACE('',#4257,2.E0);
#4259=ORIENTED_EDGE('',*,*,#2457,.T.);
#4260=ORIENTED_EDGE('',*,*,#4249,.T.);
#4261=ORIENTED_EDGE('',*,*,#2877,.T.);
#4262=ORIENTED_EDGE('',*,*,#4246,.F.);
#4263=EDGE_LOOP('',(#4259,#4260,#4261,#4262));
#4264=FACE_OUTER_BOUND('',#4263,.F.);
#4265=ADVANCED_FACE('',(#4264),#4258,.F.);
#4266=CARTESIAN_POINT('',(-2.152499074759E1,4.071762239272E1,5.E0));
#4267=DIRECTION('',(0.E0,0.E0,-1.E0));
#4268=DIRECTION('',(-1.E0,0.E0,0.E0));
#4269=AXIS2_PLACEMENT_3D('',#4266,#4267,#4268);
#4270=CYLINDRICAL_SURFACE('',#4269,2.E0);
#4271=ORIENTED_EDGE('',*,*,#2471,.T.);
#4273=ORIENTED_EDGE('',*,*,#4272,.T.);
#4274=ORIENTED_EDGE('',*,*,#2881,.T.);
#4276=ORIENTED_EDGE('',*,*,#4275,.F.);
#4277=EDGE_LOOP('',(#4271,#4273,#4274,#4276));
#4278=FACE_OUTER_BOUND('',#4277,.F.);
#4279=ADVANCED_FACE('',(#4278),#4270,.F.);
#4280=CARTESIAN_POINT('',(-2.152499074759E1,4.071762239272E1,5.E0));
#4281=DIRECTION('',(0.E0,0.E0,-1.E0));
#4282=DIRECTION('',(-1.E0,0.E0,0.E0));
#4283=AXIS2_PLACEMENT_3D('',#4280,#4281,#4282);
#4284=CYLINDRICAL_SURFACE('',#4283,2.E0);
#4285=ORIENTED_EDGE('',*,*,#2469,.T.);
#4286=ORIENTED_EDGE('',*,*,#4275,.T.);
#4287=ORIENTED_EDGE('',*,*,#2883,.T.);
#4288=ORIENTED_EDGE('',*,*,#4272,.F.);
#4289=EDGE_LOOP('',(#4285,#4286,#4287,#4288));
#4290=FACE_OUTER_BOUND('',#4289,.F.);
#4291=ADVANCED_FACE('',(#4290),#4284,.F.);
#4292=CARTESIAN_POINT('',(-1.286473670975E1,3.571762239272E1,5.E0));
#4293=DIRECTION('',(0.E0,0.E0,-1.E0));
#4294=DIRECTION('',(-1.E0,0.E0,0.E0));
#4295=AXIS2_PLACEMENT_3D('',#4292,#4293,#4294);
#4296=CYLINDRICAL_SURFACE('',#4295,2.E0);
#4297=ORIENTED_EDGE('',*,*,#2483,.T.);
#4299=ORIENTED_EDGE('',*,*,#4298,.T.);
#4300=ORIENTED_EDGE('',*,*,#2887,.T.);
#4302=ORIENTED_EDGE('',*,*,#4301,.F.);
#4303=EDGE_LOOP('',(#4297,#4299,#4300,#4302));
#4304=FACE_OUTER_BOUND('',#4303,.F.);
#4305=ADVANCED_FACE('',(#4304),#4296,.F.);
#4306=CARTESIAN_POINT('',(-1.286473670975E1,3.571762239272E1,5.E0));
#4307=DIRECTION('',(0.E0,0.E0,-1.E0));
#4308=DIRECTION('',(-1.E0,0.E0,0.E0));
#4309=AXIS2_PLACEMENT_3D('',#4306,#4307,#4308);
#4310=CYLINDRICAL_SURFACE('',#4309,2.E0);
#4311=ORIENTED_EDGE('',*,*,#2481,.T.);
#4312=ORIENTED_EDGE('',*,*,#4301,.T.);
#4313=ORIENTED_EDGE('',*,*,#2889,.T.);
#4314=ORIENTED_EDGE('',*,*,#4298,.F.);
#4315=EDGE_LOOP('',(#4311,#4312,#4313,#4314));
#4316=FACE_OUTER_BOUND('',#4315,.F.);
#4317=ADVANCED_FACE('',(#4316),#4310,.F.);
#4318=CARTESIAN_POINT('',(8.534609690827E0,3.321762239272E1,5.E0));
#4319=DIRECTION('',(0.E0,0.E0,-1.E0));
#4320=DIRECTION('',(-1.E0,0.E0,0.E0));
#4321=AXIS2_PLACEMENT_3D('',#4318,#4319,#4320);
#4322=CYLINDRICAL_SURFACE('',#4321,2.E0);
#4323=ORIENTED_EDGE('',*,*,#2495,.T.);
#4325=ORIENTED_EDGE('',*,*,#4324,.T.);
#4326=ORIENTED_EDGE('',*,*,#2893,.T.);
#4328=ORIENTED_EDGE('',*,*,#4327,.F.);
#4329=EDGE_LOOP('',(#4323,#4325,#4326,#4328));
#4330=FACE_OUTER_BOUND('',#4329,.F.);
#4331=ADVANCED_FACE('',(#4330),#4322,.F.);
#4332=CARTESIAN_POINT('',(8.534609690827E0,3.321762239272E1,5.E0));
#4333=DIRECTION('',(0.E0,0.E0,-1.E0));
#4334=DIRECTION('',(-1.E0,0.E0,0.E0));
#4335=AXIS2_PLACEMENT_3D('',#4332,#4333,#4334);
#4336=CYLINDRICAL_SURFACE('',#4335,2.E0);
#4337=ORIENTED_EDGE('',*,*,#2493,.T.);
#4338=ORIENTED_EDGE('',*,*,#4327,.T.);
#4339=ORIENTED_EDGE('',*,*,#2895,.T.);
#4340=ORIENTED_EDGE('',*,*,#4324,.F.);
#4341=EDGE_LOOP('',(#4337,#4338,#4339,#4340));
#4342=FACE_OUTER_BOUND('',#4341,.F.);
#4343=ADVANCED_FACE('',(#4342),#4336,.F.);
#4344=CARTESIAN_POINT('',(1.719486372867E1,3.821762239272E1,5.E0));
#4345=DIRECTION('',(0.E0,0.E0,-1.E0));
#4346=DIRECTION('',(-1.E0,0.E0,0.E0));
#4347=AXIS2_PLACEMENT_3D('',#4344,#4345,#4346);
#4348=CYLINDRICAL_SURFACE('',#4347,2.E0);
#4349=ORIENTED_EDGE('',*,*,#2507,.T.);
#4351=ORIENTED_EDGE('',*,*,#4350,.T.);
#4352=ORIENTED_EDGE('',*,*,#2899,.T.);
#4354=ORIENTED_EDGE('',*,*,#4353,.F.);
#4355=EDGE_LOOP('',(#4349,#4351,#4352,#4354));
#4356=FACE_OUTER_BOUND('',#4355,.F.);
#4357=ADVANCED_FACE('',(#4356),#4348,.F.);
#4358=CARTESIAN_POINT('',(1.719486372867E1,3.821762239272E1,5.E0));
#4359=DIRECTION('',(0.E0,0.E0,-1.E0));
#4360=DIRECTION('',(-1.E0,0.E0,0.E0));
#4361=AXIS2_PLACEMENT_3D('',#4358,#4359,#4360);
#4362=CYLINDRICAL_SURFACE('',#4361,2.E0);
#4363=ORIENTED_EDGE('',*,*,#2505,.T.);
#4364=ORIENTED_EDGE('',*,*,#4353,.T.);
#4365=ORIENTED_EDGE('',*,*,#2901,.T.);
#4366=ORIENTED_EDGE('',*,*,#4350,.F.);
#4367=EDGE_LOOP('',(#4363,#4364,#4365,#4366));
#4368=FACE_OUTER_BOUND('',#4367,.F.);
#4369=ADVANCED_FACE('',(#4368),#4362,.F.);
#4370=CARTESIAN_POINT('',(2.585511776652E1,4.321762239272E1,5.E0));
#4371=DIRECTION('',(0.E0,0.E0,-1.E0));
#4372=DIRECTION('',(-1.E0,0.E0,0.E0));
#4373=AXIS2_PLACEMENT_3D('',#4370,#4371,#4372);
#4374=CYLINDRICAL_SURFACE('',#4373,2.E0);
#4375=ORIENTED_EDGE('',*,*,#2519,.T.);
#4377=ORIENTED_EDGE('',*,*,#4376,.T.);
#4378=ORIENTED_EDGE('',*,*,#2905,.T.);
#4380=ORIENTED_EDGE('',*,*,#4379,.F.);
#4381=EDGE_LOOP('',(#4375,#4377,#4378,#4380));
#4382=FACE_OUTER_BOUND('',#4381,.F.);
#4383=ADVANCED_FACE('',(#4382),#4374,.F.);
#4384=CARTESIAN_POINT('',(2.585511776652E1,4.321762239272E1,5.E0));
#4385=DIRECTION('',(0.E0,0.E0,-1.E0));
#4386=DIRECTION('',(-1.E0,0.E0,0.E0));
#4387=AXIS2_PLACEMENT_3D('',#4384,#4385,#4386);
#4388=CYLINDRICAL_SURFACE('',#4387,2.E0);
#4389=ORIENTED_EDGE('',*,*,#2517,.T.);
#4390=ORIENTED_EDGE('',*,*,#4379,.T.);
#4391=ORIENTED_EDGE('',*,*,#2907,.T.);
#4392=ORIENTED_EDGE('',*,*,#4376,.F.);
#4393=EDGE_LOOP('',(#4389,#4390,#4391,#4392));
#4394=FACE_OUTER_BOUND('',#4393,.F.);
#4395=ADVANCED_FACE('',(#4394),#4388,.F.);
#4396=CARTESIAN_POINT('',(5.468524478544E1,3.282377607281E0,5.E0));
#4397=DIRECTION('',(0.E0,0.E0,-1.E0));
#4398=DIRECTION('',(-1.E0,0.E0,0.E0));
#4399=AXIS2_PLACEMENT_3D('',#4396,#4397,#4398);
#4400=CYLINDRICAL_SURFACE('',#4399,2.E0);
#4401=ORIENTED_EDGE('',*,*,#2531,.T.);
#4403=ORIENTED_EDGE('',*,*,#4402,.T.);
#4404=ORIENTED_EDGE('',*,*,#2911,.T.);
#4406=ORIENTED_EDGE('',*,*,#4405,.F.);
#4407=EDGE_LOOP('',(#4401,#4403,#4404,#4406));
#4408=FACE_OUTER_BOUND('',#4407,.F.);
#4409=ADVANCED_FACE('',(#4408),#4400,.F.);
#4410=CARTESIAN_POINT('',(5.468524478544E1,3.282377607281E0,5.E0));
#4411=DIRECTION('',(0.E0,0.E0,-1.E0));
#4412=DIRECTION('',(-1.E0,0.E0,0.E0));
#4413=AXIS2_PLACEMENT_3D('',#4410,#4411,#4412);
#4414=CYLINDRICAL_SURFACE('',#4413,2.E0);
#4415=ORIENTED_EDGE('',*,*,#2529,.T.);
#4416=ORIENTED_EDGE('',*,*,#4405,.T.);
#4417=ORIENTED_EDGE('',*,*,#2913,.T.);
#4418=ORIENTED_EDGE('',*,*,#4402,.F.);
#4419=EDGE_LOOP('',(#4415,#4416,#4417,#4418));
#4420=FACE_OUTER_BOUND('',#4419,.F.);
#4421=ADVANCED_FACE('',(#4420),#4414,.F.);
#4422=CARTESIAN_POINT('',(4.602499074759E1,-1.717622392719E0,5.E0));
#4423=DIRECTION('',(0.E0,0.E0,-1.E0));
#4424=DIRECTION('',(-1.E0,0.E0,0.E0));
#4425=AXIS2_PLACEMENT_3D('',#4422,#4423,#4424);
#4426=CYLINDRICAL_SURFACE('',#4425,2.E0);
#4427=ORIENTED_EDGE('',*,*,#2543,.T.);
#4429=ORIENTED_EDGE('',*,*,#4428,.T.);
#4430=ORIENTED_EDGE('',*,*,#2917,.T.);
#4432=ORIENTED_EDGE('',*,*,#4431,.F.);
#4433=EDGE_LOOP('',(#4427,#4429,#4430,#4432));
#4434=FACE_OUTER_BOUND('',#4433,.F.);
#4435=ADVANCED_FACE('',(#4434),#4426,.F.);
#4436=CARTESIAN_POINT('',(4.602499074759E1,-1.717622392719E0,5.E0));
#4437=DIRECTION('',(0.E0,0.E0,-1.E0));
#4438=DIRECTION('',(-1.E0,0.E0,0.E0));
#4439=AXIS2_PLACEMENT_3D('',#4436,#4437,#4438);
#4440=CYLINDRICAL_SURFACE('',#4439,2.E0);
#4441=ORIENTED_EDGE('',*,*,#2541,.T.);
#4442=ORIENTED_EDGE('',*,*,#4431,.T.);
#4443=ORIENTED_EDGE('',*,*,#2919,.T.);
#4444=ORIENTED_EDGE('',*,*,#4428,.F.);
#4445=EDGE_LOOP('',(#4441,#4442,#4443,#4444));
#4446=FACE_OUTER_BOUND('',#4445,.F.);
#4447=ADVANCED_FACE('',(#4446),#4440,.F.);
#4448=CARTESIAN_POINT('',(3.736473670975E1,-6.717622392719E0,5.E0));
#4449=DIRECTION('',(0.E0,0.E0,-1.E0));
#4450=DIRECTION('',(-1.E0,0.E0,0.E0));
#4451=AXIS2_PLACEMENT_3D('',#4448,#4449,#4450);
#4452=CYLINDRICAL_SURFACE('',#4451,2.E0);
#4453=ORIENTED_EDGE('',*,*,#2555,.T.);
#4455=ORIENTED_EDGE('',*,*,#4454,.T.);
#4456=ORIENTED_EDGE('',*,*,#2923,.T.);
#4458=ORIENTED_EDGE('',*,*,#4457,.F.);
#4459=EDGE_LOOP('',(#4453,#4455,#4456,#4458));
#4460=FACE_OUTER_BOUND('',#4459,.F.);
#4461=ADVANCED_FACE('',(#4460),#4452,.F.);
#4462=CARTESIAN_POINT('',(3.736473670975E1,-6.717622392719E0,5.E0));
#4463=DIRECTION('',(0.E0,0.E0,-1.E0));
#4464=DIRECTION('',(-1.E0,0.E0,0.E0));
#4465=AXIS2_PLACEMENT_3D('',#4462,#4463,#4464);
#4466=CYLINDRICAL_SURFACE('',#4465,2.E0);
#4467=ORIENTED_EDGE('',*,*,#2553,.T.);
#4468=ORIENTED_EDGE('',*,*,#4457,.T.);
#4469=ORIENTED_EDGE('',*,*,#2925,.T.);
#4470=ORIENTED_EDGE('',*,*,#4454,.F.);
#4471=EDGE_LOOP('',(#4467,#4468,#4469,#4470));
#4472=FACE_OUTER_BOUND('',#4471,.F.);
#4473=ADVANCED_FACE('',(#4472),#4466,.F.);
#4474=CARTESIAN_POINT('',(1.732050807569E1,-9.999999999999E0,5.E0));
#4475=DIRECTION('',(0.E0,0.E0,-1.E0));
#4476=DIRECTION('',(-1.E0,0.E0,0.E0));
#4477=AXIS2_PLACEMENT_3D('',#4474,#4475,#4476);
#4478=CYLINDRICAL_SURFACE('',#4477,2.000000000001E0);
#4479=ORIENTED_EDGE('',*,*,#2567,.T.);
#4481=ORIENTED_EDGE('',*,*,#4480,.T.);
#4482=ORIENTED_EDGE('',*,*,#2929,.T.);
#4484=ORIENTED_EDGE('',*,*,#4483,.F.);
#4485=EDGE_LOOP('',(#4479,#4481,#4482,#4484));
#4486=FACE_OUTER_BOUND('',#4485,.F.);
#4487=ADVANCED_FACE('',(#4486),#4478,.F.);
#4488=CARTESIAN_POINT('',(1.732050807569E1,-9.999999999999E0,5.E0));
#4489=DIRECTION('',(0.E0,0.E0,-1.E0));
#4490=DIRECTION('',(-1.E0,0.E0,0.E0));
#4491=AXIS2_PLACEMENT_3D('',#4488,#4489,#4490);
#4492=CYLINDRICAL_SURFACE('',#4491,2.000000000001E0);
#4493=ORIENTED_EDGE('',*,*,#2565,.T.);
#4494=ORIENTED_EDGE('',*,*,#4483,.T.);
#4495=ORIENTED_EDGE('',*,*,#2931,.T.);
#4496=ORIENTED_EDGE('',*,*,#4480,.F.);
#4497=EDGE_LOOP('',(#4493,#4494,#4495,#4496));
#4498=FACE_OUTER_BOUND('',#4497,.F.);
#4499=ADVANCED_FACE('',(#4498),#4492,.F.);
#4500=CARTESIAN_POINT('',(-1.732050807569E1,-1.E1,5.E0));
#4501=DIRECTION('',(0.E0,0.E0,-1.E0));
#4502=DIRECTION('',(-1.E0,0.E0,0.E0));
#4503=AXIS2_PLACEMENT_3D('',#4500,#4501,#4502);
#4504=CYLINDRICAL_SURFACE('',#4503,2.000000000002E0);
#4505=ORIENTED_EDGE('',*,*,#2579,.T.);
#4507=ORIENTED_EDGE('',*,*,#4506,.T.);
#4508=ORIENTED_EDGE('',*,*,#2935,.T.);
#4510=ORIENTED_EDGE('',*,*,#4509,.F.);
#4511=EDGE_LOOP('',(#4505,#4507,#4508,#4510));
#4512=FACE_OUTER_BOUND('',#4511,.F.);
#4513=ADVANCED_FACE('',(#4512),#4504,.F.);
#4514=CARTESIAN_POINT('',(-1.732050807569E1,-1.E1,5.E0));
#4515=DIRECTION('',(0.E0,0.E0,-1.E0));
#4516=DIRECTION('',(-1.E0,0.E0,0.E0));
#4517=AXIS2_PLACEMENT_3D('',#4514,#4515,#4516);
#4518=CYLINDRICAL_SURFACE('',#4517,2.000000000002E0);
#4519=ORIENTED_EDGE('',*,*,#2577,.T.);
#4520=ORIENTED_EDGE('',*,*,#4509,.T.);
#4521=ORIENTED_EDGE('',*,*,#2937,.T.);
#4522=ORIENTED_EDGE('',*,*,#4506,.F.);
#4523=EDGE_LOOP('',(#4519,#4520,#4521,#4522));
#4524=FACE_OUTER_BOUND('',#4523,.F.);
#4525=ADVANCED_FACE('',(#4524),#4518,.F.);
#4529=DIMENSIONAL_EXPONENTS(0.E0,0.E0,0.E0,0.E0,0.E0,0.E0,0.E0);
#4531=PLANE_ANGLE_MEASURE_WITH_UNIT(PLANE_ANGLE_MEASURE(1.745329251994E-2),
#4530);
#4532=(CONVERSION_BASED_UNIT('DEGREE',#4531)NAMED_UNIT(*)PLANE_ANGLE_UNIT());
#4534=UNCERTAINTY_MEASURE_WITH_UNIT(LENGTH_MEASURE(1.604480364348E-2),#4528,
'closure',
'Maximum model space distance between geometric entities at asserted connectivities');
#4535=(GEOMETRIC_REPRESENTATION_CONTEXT(3)GLOBAL_UNCERTAINTY_ASSIGNED_CONTEXT((
#4534))GLOBAL_UNIT_ASSIGNED_CONTEXT((#4528,#4532,#4533))REPRESENTATION_CONTEXT(
'ID1','3'));
#4537=APPLICATION_CONTEXT(
'CONFIGURATION CONTROLLED 3D DESIGNS OF MECHANICAL PARTS AND ASSEMBLIES');
#4538=APPLICATION_PROTOCOL_DEFINITION('international standard',
'config_control_design',1994,#4537);
#4539=DESIGN_CONTEXT('',#4537,'design');
#4540=MECHANICAL_CONTEXT('',#4537,'mechanical');
#4541=PRODUCT('BASEPLATE','BASEPLATE','NOT SPECIFIED',(#4540));
#4542=PRODUCT_DEFINITION_FORMATION_WITH_SPECIFIED_SOURCE('1','LAST_VERSION',
#4541,.MADE.);
#4546=PRODUCT_CATEGORY('part','');
#4547=PRODUCT_RELATED_PRODUCT_CATEGORY('detail','',(#4541));
#4548=PRODUCT_CATEGORY_RELATIONSHIP('','',#4546,#4547);
#4549=SECURITY_CLASSIFICATION_LEVEL('unclassified');
#4550=SECURITY_CLASSIFICATION('','',#4549);
#4551=CC_DESIGN_SECURITY_CLASSIFICATION(#4550,(#4542));
#4552=APPROVAL_STATUS('approved');
#4553=APPROVAL(#4552,'');
#4554=CC_DESIGN_APPROVAL(#4553,(#4550,#4542,#4543));
#4555=CALENDAR_DATE(126,22,6);
#4556=COORDINATED_UNIVERSAL_TIME_OFFSET(1,0,.AHEAD.);
#4557=LOCAL_TIME(13,5,0.E0,#4556);
#4558=DATE_AND_TIME(#4555,#4557);
#4559=APPROVAL_DATE_TIME(#4558,#4553);
#4560=DATE_TIME_ROLE('creation_date');
#4561=CC_DESIGN_DATE_AND_TIME_ASSIGNMENT(#4558,#4560,(#4543));
#4562=DATE_TIME_ROLE('classification_date');
#4563=CC_DESIGN_DATE_AND_TIME_ASSIGNMENT(#4558,#4562,(#4550));
#4564=PERSON('UNSPECIFIED','UNSPECIFIED',$,$,$,$);
#4565=ORGANIZATION('UNSPECIFIED','UNSPECIFIED','UNSPECIFIED');
#4566=PERSON_AND_ORGANIZATION(#4564,#4565);
#4567=APPROVAL_ROLE('approver');
#4568=APPROVAL_PERSON_ORGANIZATION(#4566,#4553,#4567);
#4569=PERSON_AND_ORGANIZATION_ROLE('creator');
#4570=CC_DESIGN_PERSON_AND_ORGANIZATION_ASSIGNMENT(#4566,#4569,(#4542,#4543));
#4571=PERSON_AND_ORGANIZATION_ROLE('design_supplier');
#4572=CC_DESIGN_PERSON_AND_ORGANIZATION_ASSIGNMENT(#4566,#4571,(#4542));
#4573=PERSON_AND_ORGANIZATION_ROLE('classification_officer');
#4574=CC_DESIGN_PERSON_AND_ORGANIZATION_ASSIGNMENT(#4566,#4573,(#4550));
#4575=PERSON_AND_ORGANIZATION_ROLE('design_owner');
#4576=CC_DESIGN_PERSON_AND_ORGANIZATION_ASSIGNMENT(#4566,#4575,(#4541));
#10=CIRCLE('',#9,3.E0);
#15=CIRCLE('',#14,3.E0);
#24=CIRCLE('',#23,3.E0);
#29=CIRCLE('',#28,3.E0);
#38=CIRCLE('',#37,3.E0);
#47=CIRCLE('',#46,3.E0);
#56=CIRCLE('',#55,3.E0);
#61=CIRCLE('',#60,3.E0);
#70=CIRCLE('',#69,3.E0);
#79=CIRCLE('',#78,3.E0);
#88=CIRCLE('',#87,3.E0);
#97=CIRCLE('',#96,3.E0);
#106=CIRCLE('',#105,3.E0);
#115=CIRCLE('',#114,3.E0);
#124=CIRCLE('',#123,3.E0);
#133=CIRCLE('',#132,3.E0);
#142=CIRCLE('',#141,3.E0);
#147=CIRCLE('',#146,3.E0);
#156=CIRCLE('',#155,3.E0);
#165=CIRCLE('',#164,3.E0);
#174=CIRCLE('',#173,3.E0);
#179=CIRCLE('',#178,3.E0);
#188=CIRCLE('',#187,3.E0);
#193=CIRCLE('',#192,3.E0);
#202=CIRCLE('',#201,3.E0);
#211=CIRCLE('',#210,3.E0);
#220=CIRCLE('',#219,3.E0);
#225=CIRCLE('',#224,2.E0);
#230=CIRCLE('',#229,2.E0);
#235=CIRCLE('',#234,2.E0);
#240=CIRCLE('',#239,2.E0);
#245=CIRCLE('',#244,2.E0);
#250=CIRCLE('',#249,2.E0);
#255=CIRCLE('',#254,2.E0);
#260=CIRCLE('',#259,2.E0);
#265=CIRCLE('',#264,2.E0);
#270=CIRCLE('',#269,2.E0);
#275=CIRCLE('',#274,2.E0);
#280=CIRCLE('',#279,2.E0);
#285=CIRCLE('',#284,2.E0);
#290=CIRCLE('',#289,2.E0);
#295=CIRCLE('',#294,2.E0);
#300=CIRCLE('',#299,2.E0);
#305=CIRCLE('',#304,2.E0);
#310=CIRCLE('',#309,2.E0);
#315=CIRCLE('',#314,2.E0);
#320=CIRCLE('',#319,2.E0);
#325=CIRCLE('',#324,2.E0);
#330=CIRCLE('',#329,2.E0);
#335=CIRCLE('',#334,2.E0);
#340=CIRCLE('',#339,2.E0);
#345=CIRCLE('',#344,2.E0);
#350=CIRCLE('',#349,2.E0);
#355=CIRCLE('',#354,2.E0);
#360=CIRCLE('',#359,2.E0);
#365=CIRCLE('',#364,2.E0);
#370=CIRCLE('',#369,2.E0);
#375=CIRCLE('',#374,2.E0);
#380=CIRCLE('',#379,2.E0);
#385=CIRCLE('',#384,2.E0);
#390=CIRCLE('',#389,2.E0);
#395=CIRCLE('',#394,2.E0);
#400=CIRCLE('',#399,2.E0);
#405=CIRCLE('',#404,2.E0);
#410=CIRCLE('',#409,2.E0);
#415=CIRCLE('',#414,2.E0);
#420=CIRCLE('',#419,2.E0);
#425=CIRCLE('',#424,2.E0);
#430=CIRCLE('',#429,2.E0);
#435=CIRCLE('',#434,2.E0);
#440=CIRCLE('',#439,2.E0);
#445=CIRCLE('',#444,2.E0);
#450=CIRCLE('',#449,2.E0);
#455=CIRCLE('',#454,2.E0);
#460=CIRCLE('',#459,2.E0);
#465=CIRCLE('',#464,2.E0);
#470=CIRCLE('',#469,2.E0);
#475=CIRCLE('',#474,2.E0);
#480=CIRCLE('',#479,2.E0);
#485=CIRCLE('',#484,2.E0);
#490=CIRCLE('',#489,2.E0);
#495=CIRCLE('',#494,2.E0);
#500=CIRCLE('',#499,2.E0);
#505=CIRCLE('',#504,2.E0);
#510=CIRCLE('',#509,2.E0);
#515=CIRCLE('',#514,2.E0);
#520=CIRCLE('',#519,2.E0);
#525=CIRCLE('',#524,2.E0);
#530=CIRCLE('',#529,2.E0);
#535=CIRCLE('',#534,2.E0);
#540=CIRCLE('',#539,2.E0);
#545=CIRCLE('',#544,2.E0);
#550=CIRCLE('',#549,2.E0);
#555=CIRCLE('',#554,2.E0);
#560=CIRCLE('',#559,2.E0);
#565=CIRCLE('',#564,2.E0);
#570=CIRCLE('',#569,2.E0);
#575=CIRCLE('',#574,2.E0);
#580=CIRCLE('',#579,2.E0);
#585=CIRCLE('',#584,2.E0);
#590=CIRCLE('',#589,2.E0);
#595=CIRCLE('',#594,2.000000000001E0);
#600=CIRCLE('',#599,2.000000000001E0);
#605=CIRCLE('',#604,1.5E1);
#610=CIRCLE('',#609,1.5E1);
#615=CIRCLE('',#614,2.000000000002E0);
#620=CIRCLE('',#619,2.000000000002E0);
#625=CIRCLE('',#624,1.5E1);
#630=CIRCLE('',#629,1.5E1);
#635=CIRCLE('',#634,2.E0);
#640=CIRCLE('',#639,2.E0);
#645=CIRCLE('',#644,2.E0);
#650=CIRCLE('',#649,2.E0);
#655=CIRCLE('',#654,2.E0);
#660=CIRCLE('',#659,2.E0);
#665=CIRCLE('',#664,2.E0);
#670=CIRCLE('',#669,2.E0);
#675=CIRCLE('',#674,2.E0);
#680=CIRCLE('',#679,2.E0);
#685=CIRCLE('',#684,2.E0);
#690=CIRCLE('',#689,2.E0);
#695=CIRCLE('',#694,2.E0);
#700=CIRCLE('',#699,2.E0);
#705=CIRCLE('',#704,2.E0);
#710=CIRCLE('',#709,2.E0);
#715=CIRCLE('',#714,2.E0);
#720=CIRCLE('',#719,2.E0);
#725=CIRCLE('',#724,2.E0);
#730=CIRCLE('',#729,2.E0);
#735=CIRCLE('',#734,2.E0);
#740=CIRCLE('',#739,2.E0);
#745=CIRCLE('',#744,2.E0);
#750=CIRCLE('',#749,2.E0);
#755=CIRCLE('',#754,2.E0);
#760=CIRCLE('',#759,2.E0);
#765=CIRCLE('',#764,2.E0);
#770=CIRCLE('',#769,2.E0);
#775=CIRCLE('',#774,2.E0);
#780=CIRCLE('',#779,2.E0);
#785=CIRCLE('',#784,2.E0);
#790=CIRCLE('',#789,2.E0);
#795=CIRCLE('',#794,2.E0);
#800=CIRCLE('',#799,2.E0);
#805=CIRCLE('',#804,2.E0);
#810=CIRCLE('',#809,2.E0);
#815=CIRCLE('',#814,2.E0);
#820=CIRCLE('',#819,2.E0);
#829=CIRCLE('',#828,3.E0);
#838=CIRCLE('',#837,3.E0);
#847=CIRCLE('',#846,3.E0);
#852=CIRCLE('',#851,3.E0);
#861=CIRCLE('',#860,3.E0);
#866=CIRCLE('',#865,3.E0);
#875=CIRCLE('',#874,3.E0);
#884=CIRCLE('',#883,3.E0);
#893=CIRCLE('',#892,3.E0);
#898=CIRCLE('',#897,3.E0);
#907=CIRCLE('',#906,3.E0);
#916=CIRCLE('',#915,3.E0);
#925=CIRCLE('',#924,3.E0);
#934=CIRCLE('',#933,3.E0);
#943=CIRCLE('',#942,3.E0);
#952=CIRCLE('',#951,3.E0);
#961=CIRCLE('',#960,3.E0);
#970=CIRCLE('',#969,3.E0);
#979=CIRCLE('',#978,3.E0);
#984=CIRCLE('',#983,3.E0);
#993=CIRCLE('',#992,3.E0);
#1002=CIRCLE('',#1001,3.E0);
#1011=CIRCLE('',#1010,3.E0);
#1016=CIRCLE('',#1015,3.E0);
#1025=CIRCLE('',#1024,3.E0);
#1030=CIRCLE('',#1029,3.E0);
#1039=CIRCLE('',#1038,3.E0);
#1044=CIRCLE('',#1043,2.E0);
#1049=CIRCLE('',#1048,2.E0);
#1054=CIRCLE('',#1053,2.E0);
#1059=CIRCLE('',#1058,2.E0);
#1064=CIRCLE('',#1063,2.E0);
#1069=CIRCLE('',#1068,2.E0);
#1074=CIRCLE('',#1073,2.E0);
#1079=CIRCLE('',#1078,2.E0);
#1084=CIRCLE('',#1083,2.E0);
#1089=CIRCLE('',#1088,2.E0);
#1094=CIRCLE('',#1093,2.E0);
#1099=CIRCLE('',#1098,2.E0);
#1104=CIRCLE('',#1103,2.E0);
#1109=CIRCLE('',#1108,2.E0);
#1114=CIRCLE('',#1113,2.E0);
#1119=CIRCLE('',#1118,2.E0);
#1124=CIRCLE('',#1123,2.E0);
#1129=CIRCLE('',#1128,2.E0);
#1134=CIRCLE('',#1133,2.E0);
#1139=CIRCLE('',#1138,2.E0);
#1144=CIRCLE('',#1143,2.E0);
#1149=CIRCLE('',#1148,2.E0);
#1154=CIRCLE('',#1153,2.E0);
#1159=CIRCLE('',#1158,2.E0);
#1164=CIRCLE('',#1163,2.E0);
#1169=CIRCLE('',#1168,2.E0);
#1174=CIRCLE('',#1173,2.E0);
#1179=CIRCLE('',#1178,2.E0);
#1184=CIRCLE('',#1183,2.E0);
#1189=CIRCLE('',#1188,2.E0);
#1194=CIRCLE('',#1193,2.E0);
#1199=CIRCLE('',#1198,2.E0);
#1204=CIRCLE('',#1203,2.E0);
#1209=CIRCLE('',#1208,2.E0);
#1214=CIRCLE('',#1213,2.E0);
#1219=CIRCLE('',#1218,2.E0);
#1224=CIRCLE('',#1223,2.000000000001E0);
#1229=CIRCLE('',#1228,2.000000000001E0);
#1234=CIRCLE('',#1233,2.000000000002E0);
#1239=CIRCLE('',#1238,2.000000000002E0);
#2245=EDGE_CURVE('',#1833,#1835,#5,.T.);
#2247=EDGE_CURVE('',#1873,#1833,#10,.T.);
#2249=EDGE_CURVE('',#1875,#1873,#15,.T.);
#2251=EDGE_CURVE('',#1879,#1875,#19,.T.);
#2253=EDGE_CURVE('',#1915,#1879,#24,.T.);
#2255=EDGE_CURVE('',#1886,#1915,#29,.T.);
#2257=EDGE_CURVE('',#1883,#1886,#33,.T.);
#2259=EDGE_CURVE('',#1890,#1883,#38,.T.);
#2261=EDGE_CURVE('',#1871,#1890,#42,.T.);
#2263=EDGE_CURVE('',#1870,#1871,#47,.T.);
#2265=EDGE_CURVE('',#1865,#1870,#51,.T.);
#2267=EDGE_CURVE('',#1864,#1865,#56,.T.);
#2269=EDGE_CURVE('',#1867,#1864,#61,.T.);
#2271=EDGE_CURVE('',#1895,#1867,#65,.T.);
#2273=EDGE_CURVE('',#1898,#1895,#70,.T.);
#2275=EDGE_CURVE('',#1861,#1898,#74,.T.);
#2277=EDGE_CURVE('',#1807,#1861,#79,.T.);
#2279=EDGE_CURVE('',#1806,#1807,#83,.T.);
#2281=EDGE_CURVE('',#1738,#1806,#88,.T.);
#2283=EDGE_CURVE('',#1743,#1738,#92,.T.);
#2285=EDGE_CURVE('',#1742,#1743,#97,.T.);
#2287=EDGE_CURVE('',#1901,#1742,#101,.T.);
#2289=EDGE_CURVE('',#1903,#1901,#106,.T.);
#2291=EDGE_CURVE('',#1841,#1903,#110,.T.);
#2293=EDGE_CURVE('',#1754,#1841,#115,.T.);
#2295=EDGE_CURVE('',#1839,#1754,#119,.T.);
#2297=EDGE_CURVE('',#1838,#1839,#124,.T.);
#2299=EDGE_CURVE('',#1731,#1838,#128,.T.);
#2301=EDGE_CURVE('',#1730,#1731,#133,.T.);
#2303=EDGE_CURVE('',#1845,#1730,#137,.T.);
#2305=EDGE_CURVE('',#1844,#1845,#142,.T.);
#2307=EDGE_CURVE('',#1847,#1844,#147,.T.);
#2309=EDGE_CURVE('',#1851,#1847,#151,.T.);
#2311=EDGE_CURVE('',#1850,#1851,#156,.T.);
#2313=EDGE_CURVE('',#1905,#1850,#160,.T.);
#2315=EDGE_CURVE('',#1909,#1905,#165,.T.);
#2317=EDGE_CURVE('',#1907,#1909,#169,.T.);
#2319=EDGE_CURVE('',#1919,#1907,#174,.T.);
#2321=EDGE_CURVE('',#1911,#1919,#179,.T.);
#2323=EDGE_CURVE('',#1855,#1911,#183,.T.);
#2325=EDGE_CURVE('',#1854,#1855,#188,.T.);
#2327=EDGE_CURVE('',#1857,#1854,#193,.T.);
#2329=EDGE_CURVE('',#1859,#1857,#197,.T.);
#2331=EDGE_CURVE('',#1759,#1859,#202,.T.);
#2333=EDGE_CURVE('',#1749,#1759,#206,.T.);
#2335=EDGE_CURVE('',#1751,#1749,#211,.T.);
#2337=EDGE_CURVE('',#1763,#1751,#215,.T.);
#2339=EDGE_CURVE('',#1835,#1763,#220,.T.);
#2343=EDGE_CURVE('',#1922,#1926,#225,.T.);
#2345=EDGE_CURVE('',#1926,#1922,#230,.T.);
#2349=EDGE_CURVE('',#2234,#2238,#235,.T.);
#2351=EDGE_CURVE('',#2238,#2234,#240,.T.);
#2355=EDGE_CURVE('',#2226,#2230,#245,.T.);
#2357=EDGE_CURVE('',#2230,#2226,#250,.T.);
#2361=EDGE_CURVE('',#2218,#2222,#255,.T.);
#2363=EDGE_CURVE('',#2222,#2218,#260,.T.);
#2367=EDGE_CURVE('',#2210,#2214,#265,.T.);
#2369=EDGE_CURVE('',#2214,#2210,#270,.T.);
#2373=EDGE_CURVE('',#2202,#2206,#275,.T.);
#2375=EDGE_CURVE('',#2206,#2202,#280,.T.);
#2379=EDGE_CURVE('',#2198,#2194,#285,.T.);
#2381=EDGE_CURVE('',#2194,#2198,#290,.T.);
#2385=EDGE_CURVE('',#2190,#2186,#295,.T.);
#2387=EDGE_CURVE('',#2186,#2190,#300,.T.);
#2391=EDGE_CURVE('',#2182,#2178,#305,.T.);
#2393=EDGE_CURVE('',#2178,#2182,#310,.T.);
#2397=EDGE_CURVE('',#2174,#2170,#315,.T.);
#2399=EDGE_CURVE('',#2170,#2174,#320,.T.);
#2403=EDGE_CURVE('',#2166,#2162,#325,.T.);
#2405=EDGE_CURVE('',#2162,#2166,#330,.T.);
#2409=EDGE_CURVE('',#2158,#2154,#335,.T.);
#2411=EDGE_CURVE('',#2154,#2158,#340,.T.);
#2415=EDGE_CURVE('',#2146,#2150,#345,.T.);
#2417=EDGE_CURVE('',#2150,#2146,#350,.T.);
#2421=EDGE_CURVE('',#2138,#2142,#355,.T.);
#2423=EDGE_CURVE('',#2142,#2138,#360,.T.);
#2427=EDGE_CURVE('',#2130,#2134,#365,.T.);
#2429=EDGE_CURVE('',#2134,#2130,#370,.T.);
#2433=EDGE_CURVE('',#2122,#2126,#375,.T.);
#2435=EDGE_CURVE('',#2126,#2122,#380,.T.);
#2439=EDGE_CURVE('',#2114,#2118,#385,.T.);
#2441=EDGE_CURVE('',#2118,#2114,#390,.T.);
#2445=EDGE_CURVE('',#2106,#2110,#395,.T.);
#2447=EDGE_CURVE('',#2110,#2106,#400,.T.);
#2451=EDGE_CURVE('',#2098,#2102,#405,.T.);
#2453=EDGE_CURVE('',#2102,#2098,#410,.T.);
#2457=EDGE_CURVE('',#2094,#2090,#415,.T.);
#2459=EDGE_CURVE('',#2090,#2094,#420,.T.);
#2463=EDGE_CURVE('',#2086,#2082,#425,.T.);
#2465=EDGE_CURVE('',#2082,#2086,#430,.T.);
#2469=EDGE_CURVE('',#2078,#2074,#435,.T.);
#2471=EDGE_CURVE('',#2074,#2078,#440,.T.);
#2475=EDGE_CURVE('',#2070,#2066,#445,.T.);
#2477=EDGE_CURVE('',#2066,#2070,#450,.T.);
#2481=EDGE_CURVE('',#2062,#2058,#455,.T.);
#2483=EDGE_CURVE('',#2058,#2062,#460,.T.);
#2487=EDGE_CURVE('',#2054,#2050,#465,.T.);
#2489=EDGE_CURVE('',#2050,#2054,#470,.T.);
#2493=EDGE_CURVE('',#2042,#2046,#475,.T.);
#2495=EDGE_CURVE('',#2046,#2042,#480,.T.);
#2499=EDGE_CURVE('',#2034,#2038,#485,.T.);
#2501=EDGE_CURVE('',#2038,#2034,#490,.T.);
#2505=EDGE_CURVE('',#2026,#2030,#495,.T.);
#2507=EDGE_CURVE('',#2030,#2026,#500,.T.);
#2511=EDGE_CURVE('',#2018,#2022,#505,.T.);
#2513=EDGE_CURVE('',#2022,#2018,#510,.T.);
#2517=EDGE_CURVE('',#2010,#2014,#515,.T.);
#2519=EDGE_CURVE('',#2014,#2010,#520,.T.);
#2523=EDGE_CURVE('',#2002,#2006,#525,.T.);
#2525=EDGE_CURVE('',#2006,#2002,#530,.T.);
#2529=EDGE_CURVE('',#1998,#1994,#535,.T.);
#2531=EDGE_CURVE('',#1994,#1998,#540,.T.);
#2535=EDGE_CURVE('',#1990,#1986,#545,.T.);
#2537=EDGE_CURVE('',#1986,#1990,#550,.T.);
#2541=EDGE_CURVE('',#1982,#1978,#555,.T.);
#2543=EDGE_CURVE('',#1978,#1982,#560,.T.);
#2547=EDGE_CURVE('',#1974,#1970,#565,.T.);
#2549=EDGE_CURVE('',#1970,#1974,#570,.T.);
#2553=EDGE_CURVE('',#1966,#1962,#575,.T.);
#2555=EDGE_CURVE('',#1962,#1966,#580,.T.);
#2559=EDGE_CURVE('',#1958,#1954,#585,.T.);
#2561=EDGE_CURVE('',#1954,#1958,#590,.T.);
#2565=EDGE_CURVE('',#1946,#1950,#595,.T.);
#2567=EDGE_CURVE('',#1950,#1946,#600,.T.);
#2571=EDGE_CURVE('',#1938,#1942,#605,.T.);
#2573=EDGE_CURVE('',#1942,#1938,#610,.T.);
#2577=EDGE_CURVE('',#1930,#1934,#615,.T.);
#2579=EDGE_CURVE('',#1934,#1930,#620,.T.);
#2589=EDGE_CURVE('',#1774,#1775,#1034,.T.);
#2591=EDGE_CURVE('',#1775,#1833,#1563,.T.);
#2594=EDGE_CURVE('',#1835,#1774,#1407,.T.);
#2604=EDGE_CURVE('',#1747,#1762,#824,.T.);
#2606=EDGE_CURVE('',#1746,#1747,#829,.T.);
#2608=EDGE_CURVE('',#1757,#1746,#833,.T.);
#2610=EDGE_CURVE('',#1765,#1757,#838,.T.);
#2612=EDGE_CURVE('',#1767,#1765,#842,.T.);
#2614=EDGE_CURVE('',#1811,#1767,#847,.T.);
#2616=EDGE_CURVE('',#1771,#1811,#852,.T.);
#2618=EDGE_CURVE('',#1770,#1771,#856,.T.);
#2620=EDGE_CURVE('',#1917,#1770,#861,.T.);
#2622=EDGE_CURVE('',#1779,#1917,#866,.T.);
#2624=EDGE_CURVE('',#1778,#1779,#870,.T.);
#2626=EDGE_CURVE('',#1783,#1778,#875,.T.);
#2628=EDGE_CURVE('',#1782,#1783,#879,.T.);
#2630=EDGE_CURVE('',#1787,#1782,#884,.T.);
#2632=EDGE_CURVE('',#1786,#1787,#888,.T.);
#2634=EDGE_CURVE('',#1809,#1786,#893,.T.);
#2636=EDGE_CURVE('',#1789,#1809,#898,.T.);
#2638=EDGE_CURVE('',#1735,#1789,#902,.T.);
#2640=EDGE_CURVE('',#1734,#1735,#907,.T.);
#2642=EDGE_CURVE('',#1791,#1734,#911,.T.);
#2644=EDGE_CURVE('',#1793,#1791,#916,.T.);
#2646=EDGE_CURVE('',#1755,#1793,#920,.T.);
#2648=EDGE_CURVE('',#1797,#1755,#925,.T.);
#2650=EDGE_CURVE('',#1796,#1797,#929,.T.);
#2652=EDGE_CURVE('',#1801,#1796,#934,.T.);
#2654=EDGE_CURVE('',#1800,#1801,#938,.T.);
#2656=EDGE_CURVE('',#1803,#1800,#943,.T.);
#2658=EDGE_CURVE('',#1739,#1803,#947,.T.);
#2660=EDGE_CURVE('',#1813,#1739,#952,.T.);
#2662=EDGE_CURVE('',#1817,#1813,#956,.T.);
#2664=EDGE_CURVE('',#1816,#1817,#961,.T.);
#2666=EDGE_CURVE('',#1899,#1816,#965,.T.);
#2668=EDGE_CURVE('',#1894,#1899,#970,.T.);
#2670=EDGE_CURVE('',#1821,#1894,#974,.T.);
#2672=EDGE_CURVE('',#1820,#1821,#979,.T.);
#2674=EDGE_CURVE('',#1823,#1820,#984,.T.);
#2676=EDGE_CURVE('',#1827,#1823,#988,.T.);
#2678=EDGE_CURVE('',#1826,#1827,#993,.T.);
#2680=EDGE_CURVE('',#1891,#1826,#997,.T.);
#2682=EDGE_CURVE('',#1882,#1891,#1002,.T.);
#2684=EDGE_CURVE('',#1887,#1882,#1006,.T.);
#2686=EDGE_CURVE('',#1913,#1887,#1011,.T.);
#2688=EDGE_CURVE('',#1878,#1913,#1016,.T.);
#2690=EDGE_CURVE('',#1831,#1878,#1020,.T.);
#2692=EDGE_CURVE('',#1830,#1831,#1025,.T.);
#2694=EDGE_CURVE('',#1775,#1830,#1030,.T.);
#2697=EDGE_CURVE('',#1762,#1774,#1039,.T.);
#2701=EDGE_CURVE('',#1959,#1955,#635,.T.);
#2703=EDGE_CURVE('',#1955,#1959,#640,.T.);
#2707=EDGE_CURVE('',#1975,#1971,#645,.T.);
#2709=EDGE_CURVE('',#1971,#1975,#650,.T.);
#2713=EDGE_CURVE('',#1991,#1987,#655,.T.);
#2715=EDGE_CURVE('',#1987,#1991,#660,.T.);
#2719=EDGE_CURVE('',#2003,#2007,#665,.T.);
#2721=EDGE_CURVE('',#2007,#2003,#670,.T.);
#2725=EDGE_CURVE('',#2019,#2023,#675,.T.);
#2727=EDGE_CURVE('',#2023,#2019,#680,.T.);
#2731=EDGE_CURVE('',#2035,#2039,#685,.T.);
#2733=EDGE_CURVE('',#2039,#2035,#690,.T.);
#2737=EDGE_CURVE('',#2055,#2051,#695,.T.);
#2739=EDGE_CURVE('',#2051,#2055,#700,.T.);
#2743=EDGE_CURVE('',#2071,#2067,#705,.T.);
#2745=EDGE_CURVE('',#2067,#2071,#710,.T.);
#2749=EDGE_CURVE('',#2087,#2083,#715,.T.);
#2751=EDGE_CURVE('',#2083,#2087,#720,.T.);
#2755=EDGE_CURVE('',#2099,#2103,#725,.T.);
#2757=EDGE_CURVE('',#2103,#2099,#730,.T.);
#2761=EDGE_CURVE('',#2115,#2119,#735,.T.);
#2763=EDGE_CURVE('',#2119,#2115,#740,.T.);
#2767=EDGE_CURVE('',#2131,#2135,#745,.T.);
#2769=EDGE_CURVE('',#2135,#2131,#750,.T.);
#2773=EDGE_CURVE('',#2147,#2151,#755,.T.);
#2775=EDGE_CURVE('',#2151,#2147,#760,.T.);
#2779=EDGE_CURVE('',#2167,#2163,#765,.T.);
#2781=EDGE_CURVE('',#2163,#2167,#770,.T.);
#2785=EDGE_CURVE('',#2183,#2179,#775,.T.);
#2787=EDGE_CURVE('',#2179,#2183,#780,.T.);
#2791=EDGE_CURVE('',#2199,#2195,#785,.T.);
#2793=EDGE_CURVE('',#2195,#2199,#790,.T.);
#2797=EDGE_CURVE('',#2211,#2215,#795,.T.);
#2799=EDGE_CURVE('',#2215,#2211,#800,.T.);
#2803=EDGE_CURVE('',#2227,#2231,#805,.T.);
#2805=EDGE_CURVE('',#2231,#2227,#810,.T.);
#2809=EDGE_CURVE('',#1923,#1927,#815,.T.);
#2811=EDGE_CURVE('',#1927,#1923,#820,.T.);
#2815=EDGE_CURVE('',#1939,#1943,#625,.T.);
#2817=EDGE_CURVE('',#1943,#1939,#630,.T.);
#2821=EDGE_CURVE('',#2235,#2239,#1044,.T.);
#2823=EDGE_CURVE('',#2239,#2235,#1049,.T.);
#2827=EDGE_CURVE('',#2219,#2223,#1054,.T.);
#2829=EDGE_CURVE('',#2223,#2219,#1059,.T.);
#2833=EDGE_CURVE('',#2203,#2207,#1064,.T.);
#2835=EDGE_CURVE('',#2207,#2203,#1069,.T.);
#2839=EDGE_CURVE('',#2191,#2187,#1074,.T.);
#2841=EDGE_CURVE('',#2187,#2191,#1079,.T.);
#2845=EDGE_CURVE('',#2175,#2171,#1084,.T.);
#2847=EDGE_CURVE('',#2171,#2175,#1089,.T.);
#2851=EDGE_CURVE('',#2159,#2155,#1094,.T.);
#2853=EDGE_CURVE('',#2155,#2159,#1099,.T.);
#2857=EDGE_CURVE('',#2139,#2143,#1104,.T.);
#2859=EDGE_CURVE('',#2143,#2139,#1109,.T.);
#2863=EDGE_CURVE('',#2123,#2127,#1114,.T.);
#2865=EDGE_CURVE('',#2127,#2123,#1119,.T.);
#2869=EDGE_CURVE('',#2107,#2111,#1124,.T.);
#2871=EDGE_CURVE('',#2111,#2107,#1129,.T.);
#2875=EDGE_CURVE('',#2095,#2091,#1134,.T.);
#2877=EDGE_CURVE('',#2091,#2095,#1139,.T.);
#2881=EDGE_CURVE('',#2079,#2075,#1144,.T.);
#2883=EDGE_CURVE('',#2075,#2079,#1149,.T.);
#2887=EDGE_CURVE('',#2063,#2059,#1154,.T.);
#2889=EDGE_CURVE('',#2059,#2063,#1159,.T.);
#2893=EDGE_CURVE('',#2043,#2047,#1164,.T.);
#2895=EDGE_CURVE('',#2047,#2043,#1169,.T.);
#2899=EDGE_CURVE('',#2027,#2031,#1174,.T.);
#2901=EDGE_CURVE('',#2031,#2027,#1179,.T.);
#2905=EDGE_CURVE('',#2011,#2015,#1184,.T.);
#2907=EDGE_CURVE('',#2015,#2011,#1189,.T.);
#2911=EDGE_CURVE('',#1999,#1995,#1194,.T.);
#2913=EDGE_CURVE('',#1995,#1999,#1199,.T.);
#2917=EDGE_CURVE('',#1983,#1979,#1204,.T.);
#2919=EDGE_CURVE('',#1979,#1983,#1209,.T.);
#2923=EDGE_CURVE('',#1967,#1963,#1214,.T.);
#2925=EDGE_CURVE('',#1963,#1967,#1219,.T.);
#2929=EDGE_CURVE('',#1947,#1951,#1224,.T.);
#2931=EDGE_CURVE('',#1951,#1947,#1229,.T.);
#2935=EDGE_CURVE('',#1931,#1935,#1234,.T.);
#2937=EDGE_CURVE('',#1935,#1931,#1239,.T.);
#2948=EDGE_CURVE('',#1938,#1939,#1247,.T.);
#2951=EDGE_CURVE('',#1942,#1943,#1243,.T.);
#2974=EDGE_CURVE('',#1958,#1959,#1251,.T.);
#2977=EDGE_CURVE('',#1954,#1955,#1255,.T.);
#3000=EDGE_CURVE('',#1974,#1975,#1259,.T.);
#3003=EDGE_CURVE('',#1970,#1971,#1263,.T.);
#3026=EDGE_CURVE('',#1990,#1991,#1267,.T.);
#3029=EDGE_CURVE('',#1986,#1987,#1271,.T.);
#3052=EDGE_CURVE('',#2002,#2003,#1279,.T.);
#3055=EDGE_CURVE('',#2006,#2007,#1275,.T.);
#3078=EDGE_CURVE('',#2018,#2019,#1287,.T.);
#3081=EDGE_CURVE('',#2022,#2023,#1283,.T.);
#3104=EDGE_CURVE('',#2034,#2035,#1295,.T.);
#3107=EDGE_CURVE('',#2038,#2039,#1291,.T.);
#3130=EDGE_CURVE('',#2054,#2055,#1299,.T.);
#3133=EDGE_CURVE('',#2050,#2051,#1303,.T.);
#3156=EDGE_CURVE('',#2070,#2071,#1307,.T.);
#3159=EDGE_CURVE('',#2066,#2067,#1311,.T.);
#3182=EDGE_CURVE('',#2086,#2087,#1315,.T.);
#3185=EDGE_CURVE('',#2082,#2083,#1319,.T.);
#3208=EDGE_CURVE('',#2098,#2099,#1327,.T.);
#3211=EDGE_CURVE('',#2102,#2103,#1323,.T.);
#3234=EDGE_CURVE('',#2114,#2115,#1335,.T.);
#3237=EDGE_CURVE('',#2118,#2119,#1331,.T.);
#3260=EDGE_CURVE('',#2130,#2131,#1343,.T.);
#3263=EDGE_CURVE('',#2134,#2135,#1339,.T.);
#3286=EDGE_CURVE('',#2146,#2147,#1351,.T.);
#3289=EDGE_CURVE('',#2150,#2151,#1347,.T.);
#3312=EDGE_CURVE('',#2166,#2167,#1355,.T.);
#3315=EDGE_CURVE('',#2162,#2163,#1359,.T.);
#3338=EDGE_CURVE('',#2182,#2183,#1363,.T.);
#3341=EDGE_CURVE('',#2178,#2179,#1367,.T.);
#3364=EDGE_CURVE('',#2198,#2199,#1371,.T.);
#3367=EDGE_CURVE('',#2194,#2195,#1375,.T.);
#3390=EDGE_CURVE('',#2210,#2211,#1383,.T.);
#3393=EDGE_CURVE('',#2214,#2215,#1379,.T.);
#3416=EDGE_CURVE('',#2226,#2227,#1391,.T.);
#3419=EDGE_CURVE('',#2230,#2231,#1387,.T.);
#3442=EDGE_CURVE('',#1922,#1923,#1399,.T.);
#3445=EDGE_CURVE('',#1926,#1927,#1395,.T.);
#3468=EDGE_CURVE('',#1762,#1763,#1403,.T.);
#3471=EDGE_CURVE('',#1751,#1747,#1415,.T.);
#3494=EDGE_CURVE('',#1746,#1749,#1411,.T.);
#3507=EDGE_CURVE('',#1759,#1757,#1423,.T.);
#3520=EDGE_CURVE('',#1765,#1859,#1419,.T.);
#3533=EDGE_CURVE('',#1857,#1767,#1431,.T.);
#3546=EDGE_CURVE('',#1771,#1855,#1427,.T.);
#3563=EDGE_CURVE('',#1911,#1770,#1439,.T.);
#3574=EDGE_CURVE('',#1779,#1907,#1435,.T.);
#3591=EDGE_CURVE('',#1909,#1778,#1447,.T.);
#3602=EDGE_CURVE('',#1783,#1905,#1443,.T.);
#3615=EDGE_CURVE('',#1850,#1782,#1455,.T.);
#3628=EDGE_CURVE('',#1787,#1851,#1451,.T.);
#3641=EDGE_CURVE('',#1847,#1786,#1463,.T.);
#3654=EDGE_CURVE('',#1789,#1845,#1459,.T.);
#3669=EDGE_CURVE('',#1730,#1735,#1471,.T.);
#3682=EDGE_CURVE('',#1734,#1731,#1467,.T.);
#3695=EDGE_CURVE('',#1838,#1791,#1479,.T.);
#3708=EDGE_CURVE('',#1793,#1839,#1475,.T.);
#3723=EDGE_CURVE('',#1754,#1755,#1487,.T.);
#3734=EDGE_CURVE('',#1797,#1841,#1483,.T.);
#3749=EDGE_CURVE('',#1903,#1796,#1495,.T.);
#3760=EDGE_CURVE('',#1801,#1901,#1491,.T.);
#3775=EDGE_CURVE('',#1742,#1800,#1503,.T.);
#3786=EDGE_CURVE('',#1803,#1743,#1499,.T.);
#3801=EDGE_CURVE('',#1738,#1739,#1511,.T.);
#3812=EDGE_CURVE('',#1813,#1806,#1507,.T.);
#3827=EDGE_CURVE('',#1807,#1817,#1519,.T.);
#3838=EDGE_CURVE('',#1816,#1861,#1515,.T.);
#3853=EDGE_CURVE('',#1898,#1899,#1527,.T.);
#3864=EDGE_CURVE('',#1894,#1895,#1523,.T.);
#3879=EDGE_CURVE('',#1867,#1821,#1535,.T.);
#3890=EDGE_CURVE('',#1823,#1865,#1531,.T.);
#3907=EDGE_CURVE('',#1870,#1827,#1543,.T.);
#3918=EDGE_CURVE('',#1826,#1871,#1539,.T.);
#3933=EDGE_CURVE('',#1890,#1891,#1551,.T.);
#3944=EDGE_CURVE('',#1882,#1883,#1547,.T.);
#3959=EDGE_CURVE('',#1886,#1887,#1559,.T.);
#3970=EDGE_CURVE('',#1878,#1879,#1555,.T.);
#3987=EDGE_CURVE('',#1875,#1831,#1567,.T.);
#4012=EDGE_CURVE('',#2234,#2235,#1575,.T.);
#4015=EDGE_CURVE('',#2238,#2239,#1571,.T.);
#4038=EDGE_CURVE('',#2218,#2219,#1583,.T.);
#4041=EDGE_CURVE('',#2222,#2223,#1579,.T.);
#4064=EDGE_CURVE('',#2202,#2203,#1591,.T.);
#4067=EDGE_CURVE('',#2206,#2207,#1587,.T.);
#4090=EDGE_CURVE('',#2190,#2191,#1595,.T.);
#4093=EDGE_CURVE('',#2186,#2187,#1599,.T.);
#4116=EDGE_CURVE('',#2174,#2175,#1603,.T.);
#4119=EDGE_CURVE('',#2170,#2171,#1607,.T.);
#4142=EDGE_CURVE('',#2158,#2159,#1611,.T.);
#4145=EDGE_CURVE('',#2154,#2155,#1615,.T.);
#4168=EDGE_CURVE('',#2138,#2139,#1623,.T.);
#4171=EDGE_CURVE('',#2142,#2143,#1619,.T.);
#4194=EDGE_CURVE('',#2122,#2123,#1631,.T.);
#4197=EDGE_CURVE('',#2126,#2127,#1627,.T.);
#4220=EDGE_CURVE('',#2106,#2107,#1639,.T.);
#4223=EDGE_CURVE('',#2110,#2111,#1635,.T.);
#4246=EDGE_CURVE('',#2094,#2095,#1643,.T.);
#4249=EDGE_CURVE('',#2090,#2091,#1647,.T.);
#4272=EDGE_CURVE('',#2078,#2079,#1651,.T.);
#4275=EDGE_CURVE('',#2074,#2075,#1655,.T.);
#4298=EDGE_CURVE('',#2062,#2063,#1659,.T.);
#4301=EDGE_CURVE('',#2058,#2059,#1663,.T.);
#4324=EDGE_CURVE('',#2042,#2043,#1671,.T.);
#4327=EDGE_CURVE('',#2046,#2047,#1667,.T.);
#4350=EDGE_CURVE('',#2026,#2027,#1679,.T.);
#4353=EDGE_CURVE('',#2030,#2031,#1675,.T.);
#4376=EDGE_CURVE('',#2010,#2011,#1687,.T.);
#4379=EDGE_CURVE('',#2014,#2015,#1683,.T.);
#4402=EDGE_CURVE('',#1998,#1999,#1691,.T.);
#4405=EDGE_CURVE('',#1994,#1995,#1695,.T.);
#4428=EDGE_CURVE('',#1982,#1983,#1699,.T.);
#4431=EDGE_CURVE('',#1978,#1979,#1703,.T.);
#4454=EDGE_CURVE('',#1966,#1967,#1707,.T.);
#4457=EDGE_CURVE('',#1962,#1963,#1711,.T.);
#4480=EDGE_CURVE('',#1946,#1947,#1719,.T.);
#4483=EDGE_CURVE('',#1950,#1951,#1715,.T.);
#4506=EDGE_CURVE('',#1930,#1931,#1727,.T.);
#4509=EDGE_CURVE('',#1934,#1935,#1723,.T.);
#4526=CLOSED_SHELL('',(#2583,#2598,#2941,#2955,#2967,#2981,#2993,#3007,#3019,
#3033,#3045,#3059,#3071,#3085,#3097,#3111,#3123,#3137,#3149,#3163,#3175,#3189,
#3201,#3215,#3227,#3241,#3253,#3267,#3279,#3293,#3305,#3319,#3331,#3345,#3357,
#3371,#3383,#3397,#3409,#3423,#3435,#3449,#3461,#3475,#3487,#3500,#3513,#3526,
#3539,#3554,#3567,#3582,#3595,#3608,#3621,#3634,#3647,#3662,#3675,#3688,#3701,
#3714,#3727,#3740,#3753,#3766,#3779,#3792,#3805,#3818,#3831,#3844,#3857,#3870,
#3883,#3898,#3911,#3924,#3937,#3950,#3963,#3978,#3991,#4005,#4019,#4031,#4045,
#4057,#4071,#4083,#4097,#4109,#4123,#4135,#4149,#4161,#4175,#4187,#4201,#4213,
#4227,#4239,#4253,#4265,#4279,#4291,#4305,#4317,#4331,#4343,#4357,#4369,#4383,
#4395,#4409,#4421,#4435,#4447,#4461,#4473,#4487,#4499,#4513,#4525));
#4527=MANIFOLD_SOLID_BREP('',#4526);
#4528=(LENGTH_UNIT()NAMED_UNIT(*)SI_UNIT(.MILLI.,.METRE.));
#4530=(NAMED_UNIT(*)PLANE_ANGLE_UNIT()SI_UNIT($,.RADIAN.));
#4533=(NAMED_UNIT(*)SI_UNIT($,.STERADIAN.)SOLID_ANGLE_UNIT());
#4536=ADVANCED_BREP_SHAPE_REPRESENTATION('',(#4527),#4535);
#4543=PRODUCT_DEFINITION('design','',#4542,#4539);
#4544=PRODUCT_DEFINITION_SHAPE('','SHAPE FOR BASEPLATE.',#4543);
#4545=SHAPE_DEFINITION_REPRESENTATION(#4544,#4536);
ENDSEC;
END-ISO-10303-21;
